Date-time,Eur/MWh
01/01/2024 0:00,0.1
01/01/2024 1:00,0.01
01/01/2024 2:00,0
01/01/2024 3:00,-0.01
01/01/2024 4:00,-0.03
01/01/2024 5:00,-0.02
01/01/2024 6:00,-0.05
01/01/2024 7:00,-0.02
01/01/2024 8:00,0
01/01/2024 9:00,0.04
01/01/2024 10:00,0.06
01/01/2024 11:00,0.54
01/01/2024 12:00,2.24
01/01/2024 13:00,2
01/01/2024 14:00,1.35
01/01/2024 15:00,4.13
01/01/2024 16:00,27.96
01/01/2024 17:00,50.37
01/01/2024 18:00,53.76
01/01/2024 19:00,56.77
01/01/2024 20:00,51.4
01/01/2024 21:00,35.39
01/01/2024 22:00,40.74
01/01/2024 23:00,35.55
02/01/2024 0:00,23.92
02/01/2024 1:00,17.7
02/01/2024 2:00,12.39
02/01/2024 3:00,7.35
02/01/2024 4:00,4.19
02/01/2024 5:00,4.75
02/01/2024 6:00,31.59
02/01/2024 7:00,49.96
02/01/2024 8:00,58.46
02/01/2024 9:00,59.05
02/01/2024 10:00,68.65
02/01/2024 11:00,74.18
02/01/2024 12:00,65.02
02/01/2024 13:00,64.71
02/01/2024 14:00,66.74
02/01/2024 15:00,64.43
02/01/2024 16:00,65.04
02/01/2024 17:00,73.85
02/01/2024 18:00,66.62
02/01/2024 19:00,64.36
02/01/2024 20:00,60
02/01/2024 21:00,49.5
02/01/2024 22:00,44.19
02/01/2024 23:00,26.83
03/01/2024 0:00,0
03/01/2024 1:00,-1.23
03/01/2024 2:00,-1.26
03/01/2024 3:00,-1.31
03/01/2024 4:00,-1.39
03/01/2024 5:00,-1.26
03/01/2024 6:00,2.58
03/01/2024 7:00,40.8
03/01/2024 8:00,62.56
03/01/2024 9:00,67.39
03/01/2024 10:00,62.92
03/01/2024 11:00,58.84
03/01/2024 12:00,55.94
03/01/2024 13:00,56.18
03/01/2024 14:00,60.91
03/01/2024 15:00,68.72
03/01/2024 16:00,71.56
03/01/2024 17:00,85.72
03/01/2024 18:00,92.38
03/01/2024 19:00,86.07
03/01/2024 20:00,73.23
03/01/2024 21:00,67.41
03/01/2024 22:00,65
03/01/2024 23:00,58.12
04/01/2024 0:00,57.3
04/01/2024 1:00,50.46
04/01/2024 2:00,40
04/01/2024 3:00,25.48
04/01/2024 4:00,35
04/01/2024 5:00,57.73
04/01/2024 6:00,72.65
04/01/2024 7:00,85.02
04/01/2024 8:00,91.47
04/01/2024 9:00,94.2
04/01/2024 10:00,91.59
04/01/2024 11:00,90
04/01/2024 12:00,86.26
04/01/2024 13:00,85.96
04/01/2024 14:00,92.11
04/01/2024 15:00,98.62
04/01/2024 16:00,101.93
04/01/2024 17:00,121.22
04/01/2024 18:00,129.28
04/01/2024 19:00,110.95
04/01/2024 20:00,96.94
04/01/2024 21:00,88.5
04/01/2024 22:00,85.07
04/01/2024 23:00,87.67
05/01/2024 0:00,86.08
05/01/2024 1:00,80.51
05/01/2024 2:00,77.01
05/01/2024 3:00,71.7
05/01/2024 4:00,66.34
05/01/2024 5:00,71.42
05/01/2024 6:00,77.3
05/01/2024 7:00,87.6
05/01/2024 8:00,90.14
05/01/2024 9:00,95.12
05/01/2024 10:00,96.32
05/01/2024 11:00,98.23
05/01/2024 12:00,92.4
05/01/2024 13:00,91.92
05/01/2024 14:00,96.87
05/01/2024 15:00,100.46
05/01/2024 16:00,103.33
05/01/2024 17:00,107.65
05/01/2024 18:00,108.58
05/01/2024 19:00,104.15
05/01/2024 20:00,100.28
05/01/2024 21:00,94.29
05/01/2024 22:00,94.92
05/01/2024 23:00,86.8
06/01/2024 0:00,82.25
06/01/2024 1:00,80.2
06/01/2024 2:00,76.13
06/01/2024 3:00,73.01
06/01/2024 4:00,73.01
06/01/2024 5:00,74.59
06/01/2024 6:00,75.1
06/01/2024 7:00,81.39
06/01/2024 8:00,88.4
06/01/2024 9:00,92.23
06/01/2024 10:00,97.3
06/01/2024 11:00,100.42
06/01/2024 12:00,99.16
06/01/2024 13:00,92.2
06/01/2024 14:00,92.11
06/01/2024 15:00,90.42
06/01/2024 16:00,91.33
06/01/2024 17:00,104.41
06/01/2024 18:00,103.63
06/01/2024 19:00,99
06/01/2024 20:00,92.14
06/01/2024 21:00,88
06/01/2024 22:00,86.57
06/01/2024 23:00,79.87
07/01/2024 0:00,84.08
07/01/2024 1:00,79.82
07/01/2024 2:00,76.76
07/01/2024 3:00,73.46
07/01/2024 4:00,71.86
07/01/2024 5:00,72.08
07/01/2024 6:00,74.9
07/01/2024 7:00,77.69
07/01/2024 8:00,81.79
07/01/2024 9:00,84.86
07/01/2024 10:00,87.14
07/01/2024 11:00,89.13
07/01/2024 12:00,88.66
07/01/2024 13:00,84.81
07/01/2024 14:00,84.34
07/01/2024 15:00,88.01
07/01/2024 16:00,93.42
07/01/2024 17:00,101.77
07/01/2024 18:00,104.85
07/01/2024 19:00,103.55
07/01/2024 20:00,100.5
07/01/2024 21:00,93.31
07/01/2024 22:00,91.17
07/01/2024 23:00,83.86
08/01/2024 0:00,87.03
08/01/2024 1:00,84.3
08/01/2024 2:00,81.69
08/01/2024 3:00,78.97
08/01/2024 4:00,78.46
08/01/2024 5:00,82.1
08/01/2024 6:00,94.3
08/01/2024 7:00,111.08
08/01/2024 8:00,121.11
08/01/2024 9:00,117.83
08/01/2024 10:00,110.59
08/01/2024 11:00,103
08/01/2024 12:00,95.46
08/01/2024 13:00,94.58
08/01/2024 14:00,100
08/01/2024 15:00,107.98
08/01/2024 16:00,116.81
08/01/2024 17:00,129.19
08/01/2024 18:00,129.99
08/01/2024 19:00,121.85
08/01/2024 20:00,114.16
08/01/2024 21:00,102.48
08/01/2024 22:00,99.75
08/01/2024 23:00,91.49
09/01/2024 0:00,84.51
09/01/2024 1:00,83.29
09/01/2024 2:00,85
09/01/2024 3:00,83.89
09/01/2024 4:00,82.45
09/01/2024 5:00,88.29
09/01/2024 6:00,99.83
09/01/2024 7:00,112.16
09/01/2024 8:00,130.5
09/01/2024 9:00,120.69
09/01/2024 10:00,109.08
09/01/2024 11:00,102.1
09/01/2024 12:00,92.22
09/01/2024 13:00,92.11
09/01/2024 14:00,101.19
09/01/2024 15:00,112.35
09/01/2024 16:00,122.38
09/01/2024 17:00,137.1
09/01/2024 18:00,136.7
09/01/2024 19:00,129.74
09/01/2024 20:00,116.34
09/01/2024 21:00,105.57
09/01/2024 22:00,98.4
09/01/2024 23:00,93.69
10/01/2024 0:00,83
10/01/2024 1:00,86.76
10/01/2024 2:00,86.73
10/01/2024 3:00,84.06
10/01/2024 4:00,84.18
10/01/2024 5:00,84.64
10/01/2024 6:00,99.03
10/01/2024 7:00,115.35
10/01/2024 8:00,138.09
10/01/2024 9:00,130.39
10/01/2024 10:00,116.31
10/01/2024 11:00,109.13
10/01/2024 12:00,99
10/01/2024 13:00,98.8
10/01/2024 14:00,102.38
10/01/2024 15:00,117.49
10/01/2024 16:00,132.23
10/01/2024 17:00,143.79
10/01/2024 18:00,140
10/01/2024 19:00,132.15
10/01/2024 20:00,120
10/01/2024 21:00,106.73
10/01/2024 22:00,99.6
10/01/2024 23:00,90.93
11/01/2024 0:00,91.75
11/01/2024 1:00,88.59
11/01/2024 2:00,87.25
11/01/2024 3:00,82.38
11/01/2024 4:00,80.72
11/01/2024 5:00,85.65
11/01/2024 6:00,97.88
11/01/2024 7:00,116.87
11/01/2024 8:00,141
11/01/2024 9:00,129.16
11/01/2024 10:00,113.65
11/01/2024 11:00,106.48
11/01/2024 12:00,99.38
11/01/2024 13:00,99
11/01/2024 14:00,105.98
11/01/2024 15:00,115.38
11/01/2024 16:00,118.57
11/01/2024 17:00,136.43
11/01/2024 18:00,136.7
11/01/2024 19:00,132.31
11/01/2024 20:00,117.9
11/01/2024 21:00,107.19
11/01/2024 22:00,100
11/01/2024 23:00,91.22
12/01/2024 0:00,87.92
12/01/2024 1:00,85.54
12/01/2024 2:00,84.86
12/01/2024 3:00,82.07
12/01/2024 4:00,82.21
12/01/2024 5:00,83.17
12/01/2024 6:00,88.96
12/01/2024 7:00,118.3
12/01/2024 8:00,140.74
12/01/2024 9:00,134.96
12/01/2024 10:00,122.01
12/01/2024 11:00,114.73
12/01/2024 12:00,106.98
12/01/2024 13:00,103.08
12/01/2024 14:00,104.54
12/01/2024 15:00,110
12/01/2024 16:00,120
12/01/2024 17:00,127.5
12/01/2024 18:00,126
12/01/2024 19:00,119.47
12/01/2024 20:00,111.01
12/01/2024 21:00,104.73
12/01/2024 22:00,101.03
12/01/2024 23:00,93.02
13/01/2024 0:00,90
13/01/2024 1:00,87.49
13/01/2024 2:00,82
13/01/2024 3:00,78.47
13/01/2024 4:00,75
13/01/2024 5:00,74.96
13/01/2024 6:00,78.2
13/01/2024 7:00,88.32
13/01/2024 8:00,98.28
13/01/2024 9:00,107.8
13/01/2024 10:00,101.64
13/01/2024 11:00,99.12
13/01/2024 12:00,75.99
13/01/2024 13:00,74.77
13/01/2024 14:00,75.22
13/01/2024 15:00,82.47
13/01/2024 16:00,99.3
13/01/2024 17:00,111.06
13/01/2024 18:00,127.25
13/01/2024 19:00,121.27
13/01/2024 20:00,117
13/01/2024 21:00,104.12
13/01/2024 22:00,113.71
13/01/2024 23:00,90.7
14/01/2024 0:00,99.3
14/01/2024 1:00,98.82
14/01/2024 2:00,87.5
14/01/2024 3:00,79.12
14/01/2024 4:00,74.9
14/01/2024 5:00,78.64
14/01/2024 6:00,71.36
14/01/2024 7:00,76.3
14/01/2024 8:00,78.04
14/01/2024 9:00,87.38
14/01/2024 10:00,93.9
14/01/2024 11:00,95.5
14/01/2024 12:00,87.95
14/01/2024 13:00,77.04
14/01/2024 14:00,79.15
14/01/2024 15:00,82.32
14/01/2024 16:00,86.62
14/01/2024 17:00,91.86
14/01/2024 18:00,102.34
14/01/2024 19:00,94.59
14/01/2024 20:00,90
14/01/2024 21:00,82.17
14/01/2024 22:00,79.76
14/01/2024 23:00,70.26
15/01/2024 0:00,83.8
15/01/2024 1:00,76.83
15/01/2024 2:00,69
15/01/2024 3:00,62.04
15/01/2024 4:00,62.07
15/01/2024 5:00,69.36
15/01/2024 6:00,80.51
15/01/2024 7:00,85.26
15/01/2024 8:00,99.4
15/01/2024 9:00,100.31
15/01/2024 10:00,94.9
15/01/2024 11:00,90.33
15/01/2024 12:00,86.84
15/01/2024 13:00,82.27
15/01/2024 14:00,84.73
15/01/2024 15:00,89.75
15/01/2024 16:00,97.76
15/01/2024 17:00,106.57
15/01/2024 18:00,112.82
15/01/2024 19:00,116.12
15/01/2024 20:00,111.01
15/01/2024 21:00,105.45
15/01/2024 22:00,102.32
15/01/2024 23:00,93.99
16/01/2024 0:00,89.97
16/01/2024 1:00,84.83
16/01/2024 2:00,81.61
16/01/2024 3:00,78.95
16/01/2024 4:00,79.24
16/01/2024 5:00,87.15
16/01/2024 6:00,96.17
16/01/2024 7:00,116.28
16/01/2024 8:00,144.11
16/01/2024 9:00,138.6
16/01/2024 10:00,122
16/01/2024 11:00,110
16/01/2024 12:00,102.39
16/01/2024 13:00,94.49
16/01/2024 14:00,102.2
16/01/2024 15:00,110.85
16/01/2024 16:00,112.39
16/01/2024 17:00,128.69
16/01/2024 18:00,131.06
16/01/2024 19:00,118.91
16/01/2024 20:00,100.21
16/01/2024 21:00,88.49
16/01/2024 22:00,82.73
16/01/2024 23:00,80.16
17/01/2024 0:00,72.16
17/01/2024 1:00,71.9
17/01/2024 2:00,70.83
17/01/2024 3:00,69.89
17/01/2024 4:00,69.66
17/01/2024 5:00,71.82
17/01/2024 6:00,76.3
17/01/2024 7:00,85.64
17/01/2024 8:00,97.07
17/01/2024 9:00,106.2
17/01/2024 10:00,110.33
17/01/2024 11:00,111.1
17/01/2024 12:00,101.66
17/01/2024 13:00,100.63
17/01/2024 14:00,104.57
17/01/2024 15:00,106.68
17/01/2024 16:00,113.76
17/01/2024 17:00,120
17/01/2024 18:00,117.59
17/01/2024 19:00,110.34
17/01/2024 20:00,98.1
17/01/2024 21:00,89.77
17/01/2024 22:00,84.33
17/01/2024 23:00,79.95
18/01/2024 0:00,75.71
18/01/2024 1:00,76.36
18/01/2024 2:00,72.61
18/01/2024 3:00,71.41
18/01/2024 4:00,69.82
18/01/2024 5:00,71.68
18/01/2024 6:00,80.87
18/01/2024 7:00,98.54
18/01/2024 8:00,109.92
18/01/2024 9:00,109.72
18/01/2024 10:00,108.42
18/01/2024 11:00,96.76
18/01/2024 12:00,90.27
18/01/2024 13:00,81.24
18/01/2024 14:00,86.86
18/01/2024 15:00,90.14
18/01/2024 16:00,94.61
18/01/2024 17:00,99.72
18/01/2024 18:00,103.48
18/01/2024 19:00,101.99
18/01/2024 20:00,93.79
18/01/2024 21:00,83.17
18/01/2024 22:00,84.51
18/01/2024 23:00,73.61
19/01/2024 0:00,72.9
19/01/2024 1:00,67.93
19/01/2024 2:00,68.2
19/01/2024 3:00,62.76
19/01/2024 4:00,63.32
19/01/2024 5:00,67.86
19/01/2024 6:00,80.19
19/01/2024 7:00,88.24
19/01/2024 8:00,104.27
19/01/2024 9:00,111.49
19/01/2024 10:00,104.92
19/01/2024 11:00,89.36
19/01/2024 12:00,82.74
19/01/2024 13:00,73.38
19/01/2024 14:00,75.24
19/01/2024 15:00,81.07
19/01/2024 16:00,85.26
19/01/2024 17:00,93.99
19/01/2024 18:00,97.83
19/01/2024 19:00,99.44
19/01/2024 20:00,87.04
19/01/2024 21:00,85.89
19/01/2024 22:00,85.25
19/01/2024 23:00,81.64
20/01/2024 0:00,87.07
20/01/2024 1:00,68.7
20/01/2024 2:00,75
20/01/2024 3:00,68.7
20/01/2024 4:00,64.79
20/01/2024 5:00,68.7
20/01/2024 6:00,75.1
20/01/2024 7:00,81.6
20/01/2024 8:00,89.92
20/01/2024 9:00,94.94
20/01/2024 10:00,89.64
20/01/2024 11:00,80.3
20/01/2024 12:00,79.06
20/01/2024 13:00,70.51
20/01/2024 14:00,73.42
20/01/2024 15:00,79.17
20/01/2024 16:00,87.89
20/01/2024 17:00,95
20/01/2024 18:00,99.91
20/01/2024 19:00,91.65
20/01/2024 20:00,84.5
20/01/2024 21:00,75.75
20/01/2024 22:00,80.08
20/01/2024 23:00,69.13
21/01/2024 0:00,70.35
21/01/2024 1:00,58.07
21/01/2024 2:00,55.15
21/01/2024 3:00,50.89
21/01/2024 4:00,48.61
21/01/2024 5:00,47.69
21/01/2024 6:00,45.87
21/01/2024 7:00,48
21/01/2024 8:00,53.45
21/01/2024 9:00,61.11
21/01/2024 10:00,65.23
21/01/2024 11:00,61.13
21/01/2024 12:00,66
21/01/2024 13:00,51.7
21/01/2024 14:00,55.84
21/01/2024 15:00,53.12
21/01/2024 16:00,54.79
21/01/2024 17:00,64.04
21/01/2024 18:00,81.42
21/01/2024 19:00,86.58
21/01/2024 20:00,82.51
21/01/2024 21:00,56.26
21/01/2024 22:00,69.78
21/01/2024 23:00,65
22/01/2024 0:00,40.66
22/01/2024 1:00,34.75
22/01/2024 2:00,29.55
22/01/2024 3:00,15.28
22/01/2024 4:00,12.04
22/01/2024 5:00,22.2
22/01/2024 6:00,45.32
22/01/2024 7:00,67.3
22/01/2024 8:00,90.1
22/01/2024 9:00,86.66
22/01/2024 10:00,74.3
22/01/2024 11:00,61.08
22/01/2024 12:00,57.24
22/01/2024 13:00,57.15
22/01/2024 14:00,59.41
22/01/2024 15:00,61.39
22/01/2024 16:00,64.73
22/01/2024 17:00,80.36
22/01/2024 18:00,95.47
22/01/2024 19:00,82.94
22/01/2024 20:00,68.49
22/01/2024 21:00,60.95
22/01/2024 22:00,57.19
22/01/2024 23:00,51.22
23/01/2024 0:00,18.05
23/01/2024 1:00,12.51
23/01/2024 2:00,11.58
23/01/2024 3:00,6.61
23/01/2024 4:00,12.27
23/01/2024 5:00,40.3
23/01/2024 6:00,63.03
23/01/2024 7:00,83.01
23/01/2024 8:00,90.63
23/01/2024 9:00,87.82
23/01/2024 10:00,90.68
23/01/2024 11:00,69.58
23/01/2024 12:00,63.11
23/01/2024 13:00,61.31
23/01/2024 14:00,66.08
23/01/2024 15:00,72.97
23/01/2024 16:00,71.52
23/01/2024 17:00,81.2
23/01/2024 18:00,85.19
23/01/2024 19:00,76.01
23/01/2024 20:00,65.02
23/01/2024 21:00,59.18
23/01/2024 22:00,49.44
23/01/2024 23:00,35.17
24/01/2024 0:00,7.03
24/01/2024 1:00,4.49
24/01/2024 2:00,2.58
24/01/2024 3:00,-1.54
24/01/2024 4:00,-3.25
24/01/2024 5:00,1.81
24/01/2024 6:00,19.75
24/01/2024 7:00,54.63
24/01/2024 8:00,69.49
24/01/2024 9:00,67.86
24/01/2024 10:00,59.12
24/01/2024 11:00,53.98
24/01/2024 12:00,44.05
24/01/2024 13:00,40.69
24/01/2024 14:00,48.46
24/01/2024 15:00,60.32
24/01/2024 16:00,65.43
24/01/2024 17:00,74.61
24/01/2024 18:00,95.9
24/01/2024 19:00,98.72
24/01/2024 20:00,95.47
24/01/2024 21:00,83.42
24/01/2024 22:00,87.7
24/01/2024 23:00,92.64
25/01/2024 0:00,73.8
25/01/2024 1:00,68.31
25/01/2024 2:00,69.56
25/01/2024 3:00,61.26
25/01/2024 4:00,63
25/01/2024 5:00,68.44
25/01/2024 6:00,73.29
25/01/2024 7:00,84.41
25/01/2024 8:00,96.83
25/01/2024 9:00,90.61
25/01/2024 10:00,83.96
25/01/2024 11:00,78.66
25/01/2024 12:00,74.95
25/01/2024 13:00,73.01
25/01/2024 14:00,74.59
25/01/2024 15:00,74.78
25/01/2024 16:00,81.64
25/01/2024 17:00,94.69
25/01/2024 18:00,102.98
25/01/2024 19:00,97.16
25/01/2024 20:00,84
25/01/2024 21:00,77.81
25/01/2024 22:00,75.01
25/01/2024 23:00,70.48
26/01/2024 0:00,62.8
26/01/2024 1:00,62
26/01/2024 2:00,58.49
26/01/2024 3:00,53.24
26/01/2024 4:00,41.51
26/01/2024 5:00,50.24
26/01/2024 6:00,59.56
26/01/2024 7:00,72.56
26/01/2024 8:00,78.57
26/01/2024 9:00,75.21
26/01/2024 10:00,65.88
26/01/2024 11:00,60.49
26/01/2024 12:00,53.75
26/01/2024 13:00,48.27
26/01/2024 14:00,51.41
26/01/2024 15:00,52.92
26/01/2024 16:00,63.37
26/01/2024 17:00,75.47
26/01/2024 18:00,102.08
26/01/2024 19:00,100.79
26/01/2024 20:00,96.86
26/01/2024 21:00,75
26/01/2024 22:00,84.86
26/01/2024 23:00,78.2
27/01/2024 0:00,70.44
27/01/2024 1:00,64.85
27/01/2024 2:00,60.5
27/01/2024 3:00,56.3
27/01/2024 4:00,55.98
27/01/2024 5:00,57.38
27/01/2024 6:00,59.41
27/01/2024 7:00,66.26
27/01/2024 8:00,79.16
27/01/2024 9:00,77
27/01/2024 10:00,66.57
27/01/2024 11:00,58.07
27/01/2024 12:00,55.84
27/01/2024 13:00,53.88
27/01/2024 14:00,59.74
27/01/2024 15:00,73.58
27/01/2024 16:00,76.81
27/01/2024 17:00,82.12
27/01/2024 18:00,95.96
27/01/2024 19:00,92.53
27/01/2024 20:00,84.45
27/01/2024 21:00,76.15
27/01/2024 22:00,75.97
27/01/2024 23:00,72.7
28/01/2024 0:00,66.77
28/01/2024 1:00,59.33
28/01/2024 2:00,55.71
28/01/2024 3:00,52.51
28/01/2024 4:00,51.24
28/01/2024 5:00,51.9
28/01/2024 6:00,52.62
28/01/2024 7:00,54.74
28/01/2024 8:00,57
28/01/2024 9:00,55.42
28/01/2024 10:00,51.73
28/01/2024 11:00,46.48
28/01/2024 12:00,41.78
28/01/2024 13:00,40.22
28/01/2024 14:00,44.31
28/01/2024 15:00,45.42
28/01/2024 16:00,53.5
28/01/2024 17:00,67.73
28/01/2024 18:00,73.11
28/01/2024 19:00,70.72
28/01/2024 20:00,69.09
28/01/2024 21:00,58.04
28/01/2024 22:00,59.91
28/01/2024 23:00,56
29/01/2024 0:00,49.97
29/01/2024 1:00,47.26
29/01/2024 2:00,48.12
29/01/2024 3:00,47.97
29/01/2024 4:00,51.58
29/01/2024 5:00,60.06
29/01/2024 6:00,80.34
29/01/2024 7:00,90.51
29/01/2024 8:00,99.21
29/01/2024 9:00,88.39
29/01/2024 10:00,78.9
29/01/2024 11:00,71.27
29/01/2024 12:00,70.24
29/01/2024 13:00,74.44
29/01/2024 14:00,80.41
29/01/2024 15:00,88.77
29/01/2024 16:00,94.46
29/01/2024 17:00,105.06
29/01/2024 18:00,112.92
29/01/2024 19:00,107.52
29/01/2024 20:00,88.56
29/01/2024 21:00,83.39
29/01/2024 22:00,82.9
29/01/2024 23:00,80.29
30/01/2024 0:00,71.94
30/01/2024 1:00,68.7
30/01/2024 2:00,69.37
30/01/2024 3:00,66.06
30/01/2024 4:00,65.29
30/01/2024 5:00,69.37
30/01/2024 6:00,78.7
30/01/2024 7:00,90.82
30/01/2024 8:00,95.94
30/01/2024 9:00,84.93
30/01/2024 10:00,77.15
30/01/2024 11:00,70.1
30/01/2024 12:00,68.1
30/01/2024 13:00,68.23
30/01/2024 14:00,71.93
30/01/2024 15:00,75
30/01/2024 16:00,80.22
30/01/2024 17:00,88.42
30/01/2024 18:00,99.49
30/01/2024 19:00,101.39
30/01/2024 20:00,88.31
30/01/2024 21:00,79.18
30/01/2024 22:00,79.59
30/01/2024 23:00,76.34
31/01/2024 0:00,75.1
31/01/2024 1:00,71.96
31/01/2024 2:00,70.89
31/01/2024 3:00,69.82
31/01/2024 4:00,69.19
31/01/2024 5:00,73.91
31/01/2024 6:00,84.57
31/01/2024 7:00,99.21
31/01/2024 8:00,120.06
31/01/2024 9:00,93.38
31/01/2024 10:00,82.98
31/01/2024 11:00,77.09
31/01/2024 12:00,74.91
31/01/2024 13:00,66.93
31/01/2024 14:00,66.07
31/01/2024 15:00,69.23
31/01/2024 16:00,72.23
31/01/2024 17:00,80.96
31/01/2024 18:00,89.26
31/01/2024 19:00,81.04
31/01/2024 20:00,72.77
31/01/2024 21:00,59.33
31/01/2024 22:00,56.97
31/01/2024 23:00,41.96
01/02/2024 0:00,49.53
01/02/2024 1:00,44.19
01/02/2024 2:00,44.47
01/02/2024 3:00,45.15
01/02/2024 4:00,49.02
01/02/2024 5:00,57.56
01/02/2024 6:00,70.56
01/02/2024 7:00,87.22
01/02/2024 8:00,96.72
01/02/2024 9:00,89.84
01/02/2024 10:00,83.78
01/02/2024 11:00,80
01/02/2024 12:00,68.99
01/02/2024 13:00,60.96
01/02/2024 14:00,70.8
01/02/2024 15:00,81.49
01/02/2024 16:00,80.97
01/02/2024 17:00,99
01/02/2024 18:00,103.85
01/02/2024 19:00,98.4
01/02/2024 20:00,91.18
01/02/2024 21:00,83.46
01/02/2024 22:00,81.99
01/02/2024 23:00,73.52
02/02/2024 0:00,64.42
02/02/2024 1:00,59.99
02/02/2024 2:00,58
02/02/2024 3:00,54.69
02/02/2024 4:00,52.72
02/02/2024 5:00,54.94
02/02/2024 6:00,64.47
02/02/2024 7:00,78.77
02/02/2024 8:00,90.06
02/02/2024 9:00,86.21
02/02/2024 10:00,80.84
02/02/2024 11:00,75.2
02/02/2024 12:00,65.01
02/02/2024 13:00,60
02/02/2024 14:00,59.75
02/02/2024 15:00,59.78
02/02/2024 16:00,64.66
02/02/2024 17:00,71.35
02/02/2024 18:00,81.04
02/02/2024 19:00,87.8
02/02/2024 20:00,79.9
02/02/2024 21:00,65.05
02/02/2024 22:00,69.38
02/02/2024 23:00,60.71
03/02/2024 0:00,42.13
03/02/2024 1:00,46.94
03/02/2024 2:00,41.82
03/02/2024 3:00,19.73
03/02/2024 4:00,12.54
03/02/2024 5:00,13.21
03/02/2024 6:00,24.47
03/02/2024 7:00,39.75
03/02/2024 8:00,52.1
03/02/2024 9:00,64.96
03/02/2024 10:00,61.59
03/02/2024 11:00,52.13
03/02/2024 12:00,46.71
03/02/2024 13:00,43.83
03/02/2024 14:00,41.76
03/02/2024 15:00,45.27
03/02/2024 16:00,51.43
03/02/2024 17:00,64.86
03/02/2024 18:00,85.88
03/02/2024 19:00,80.28
03/02/2024 20:00,64.17
03/02/2024 21:00,59.74
03/02/2024 22:00,51.75
03/02/2024 23:00,42.6
04/02/2024 0:00,39.47
04/02/2024 1:00,29
04/02/2024 2:00,11.5
04/02/2024 3:00,2.54
04/02/2024 4:00,0.65
04/02/2024 5:00,3.5
04/02/2024 6:00,5.45
04/02/2024 7:00,7.66
04/02/2024 8:00,15.32
04/02/2024 9:00,21.85
04/02/2024 10:00,26.64
04/02/2024 11:00,20.2
04/02/2024 12:00,17.45
04/02/2024 13:00,5.48
04/02/2024 14:00,12.47
04/02/2024 15:00,24.4
04/02/2024 16:00,34.81
04/02/2024 17:00,56.21
04/02/2024 18:00,70
04/02/2024 19:00,84.85
04/02/2024 20:00,56.47
04/02/2024 21:00,59.72
04/02/2024 22:00,58.26
04/02/2024 23:00,42
05/02/2024 0:00,11.2
05/02/2024 1:00,21.74
05/02/2024 2:00,11.87
05/02/2024 3:00,0.75
05/02/2024 4:00,0.68
05/02/2024 5:00,3.47
05/02/2024 6:00,43.37
05/02/2024 7:00,80.28
05/02/2024 8:00,97.61
05/02/2024 9:00,104.08
05/02/2024 10:00,92.32
05/02/2024 11:00,88.87
05/02/2024 12:00,90.93
05/02/2024 13:00,65.69
05/02/2024 14:00,72.08
05/02/2024 15:00,61.1
05/02/2024 16:00,63.74
05/02/2024 17:00,77.74
05/02/2024 18:00,98.73
05/02/2024 19:00,100
05/02/2024 20:00,90.55
05/02/2024 21:00,68.12
05/02/2024 22:00,56.46
05/02/2024 23:00,47.65
06/02/2024 0:00,35.95
06/02/2024 1:00,28.93
06/02/2024 2:00,12.2
06/02/2024 3:00,6.81
06/02/2024 4:00,4.6
06/02/2024 5:00,21.2
06/02/2024 6:00,52.2
06/02/2024 7:00,70.27
06/02/2024 8:00,88.87
06/02/2024 9:00,87.3
06/02/2024 10:00,84.18
06/02/2024 11:00,64.13
06/02/2024 12:00,53.96
06/02/2024 13:00,50.95
06/02/2024 14:00,52.43
06/02/2024 15:00,56.89
06/02/2024 16:00,61.33
06/02/2024 17:00,71.98
06/02/2024 18:00,84.73
06/02/2024 19:00,88.5
06/02/2024 20:00,65.54
06/02/2024 21:00,59.98
06/02/2024 22:00,56.93
06/02/2024 23:00,52.83
07/02/2024 0:00,41.34
07/02/2024 1:00,40.03
07/02/2024 2:00,40.08
07/02/2024 3:00,43.56
07/02/2024 4:00,35.47
07/02/2024 5:00,49.6
07/02/2024 6:00,60.71
07/02/2024 7:00,78.6
07/02/2024 8:00,82.53
07/02/2024 9:00,88.38
07/02/2024 10:00,80.4
07/02/2024 11:00,77.3
07/02/2024 12:00,66.38
07/02/2024 13:00,62.26
07/02/2024 14:00,69.48
07/02/2024 15:00,77.1
07/02/2024 16:00,83.74
07/02/2024 17:00,109.45
07/02/2024 18:00,127.15
07/02/2024 19:00,108.53
07/02/2024 20:00,92.3
07/02/2024 21:00,75.41
07/02/2024 22:00,70.42
07/02/2024 23:00,77.45
08/02/2024 0:00,73.7
08/02/2024 1:00,73.2
08/02/2024 2:00,72.15
08/02/2024 3:00,61.65
08/02/2024 4:00,56.7
08/02/2024 5:00,59.27
08/02/2024 6:00,73.51
08/02/2024 7:00,95.58
08/02/2024 8:00,120.32
08/02/2024 9:00,106.2
08/02/2024 10:00,91.1
08/02/2024 11:00,80.01
08/02/2024 12:00,85.25
08/02/2024 13:00,69.26
08/02/2024 14:00,57.8
08/02/2024 15:00,57.35
08/02/2024 16:00,58.23
08/02/2024 17:00,61.83
08/02/2024 18:00,63.56
08/02/2024 19:00,70.08
08/02/2024 20:00,64.21
08/02/2024 21:00,59.3
08/02/2024 22:00,56.01
08/02/2024 23:00,50
09/02/2024 0:00,38.98
09/02/2024 1:00,29.96
09/02/2024 2:00,24.57
09/02/2024 3:00,21.81
09/02/2024 4:00,21.03
09/02/2024 5:00,26.8
09/02/2024 6:00,40.47
09/02/2024 7:00,58.42
09/02/2024 8:00,63.24
09/02/2024 9:00,67.15
09/02/2024 10:00,67.46
09/02/2024 11:00,62.5
09/02/2024 12:00,57.23
09/02/2024 13:00,54.82
09/02/2024 14:00,57.74
09/02/2024 15:00,60.42
09/02/2024 16:00,62.85
09/02/2024 17:00,82.19
09/02/2024 18:00,90.26
09/02/2024 19:00,87.17
09/02/2024 20:00,80.7
09/02/2024 21:00,75.26
09/02/2024 22:00,74.91
09/02/2024 23:00,70.94
10/02/2024 0:00,63.1
10/02/2024 1:00,64.08
10/02/2024 2:00,64.4
10/02/2024 3:00,64.39
10/02/2024 4:00,64.41
10/02/2024 5:00,65.82
10/02/2024 6:00,70.91
10/02/2024 7:00,74.86
10/02/2024 8:00,77.7
10/02/2024 9:00,80.38
10/02/2024 10:00,74.94
10/02/2024 11:00,69.84
10/02/2024 12:00,68.42
10/02/2024 13:00,66.72
10/02/2024 14:00,69.53
10/02/2024 15:00,77.17
10/02/2024 16:00,81.94
10/02/2024 17:00,85.91
10/02/2024 18:00,95.76
10/02/2024 19:00,83.86
10/02/2024 20:00,74.4
10/02/2024 21:00,68.91
10/02/2024 22:00,71.47
10/02/2024 23:00,64
11/02/2024 0:00,63.39
11/02/2024 1:00,56.94
11/02/2024 2:00,52.6
11/02/2024 3:00,46.83
11/02/2024 4:00,42.54
11/02/2024 5:00,45.57
11/02/2024 6:00,50.37
11/02/2024 7:00,54.95
11/02/2024 8:00,62.54
11/02/2024 9:00,60.94
11/02/2024 10:00,63.4
11/02/2024 11:00,65.25
11/02/2024 12:00,63.48
11/02/2024 13:00,60.87
11/02/2024 14:00,57.96
11/02/2024 15:00,64.51
11/02/2024 16:00,69.09
11/02/2024 17:00,77.38
11/02/2024 18:00,90.35
11/02/2024 19:00,86.49
11/02/2024 20:00,76.86
11/02/2024 21:00,70.72
11/02/2024 22:00,68.39
11/02/2024 23:00,64.01
12/02/2024 0:00,64.35
12/02/2024 1:00,61.74
12/02/2024 2:00,60.83
12/02/2024 3:00,59.57
12/02/2024 4:00,59.21
12/02/2024 5:00,65
12/02/2024 6:00,76
12/02/2024 7:00,85.41
12/02/2024 8:00,104
12/02/2024 9:00,96.5
12/02/2024 10:00,85.47
12/02/2024 11:00,79.05
12/02/2024 12:00,67.51
12/02/2024 13:00,64.05
12/02/2024 14:00,64.39
12/02/2024 15:00,66.82
12/02/2024 16:00,73.37
12/02/2024 17:00,78.13
12/02/2024 18:00,96
12/02/2024 19:00,89.08
12/02/2024 20:00,79.15
12/02/2024 21:00,71.54
12/02/2024 22:00,65.87
12/02/2024 23:00,61.9
13/02/2024 0:00,68.59
13/02/2024 1:00,65.37
13/02/2024 2:00,63.41
13/02/2024 3:00,60.49
13/02/2024 4:00,60.06
13/02/2024 5:00,63.59
13/02/2024 6:00,70.71
13/02/2024 7:00,82.51
13/02/2024 8:00,89.11
13/02/2024 9:00,75.12
13/02/2024 10:00,69.21
13/02/2024 11:00,63.87
13/02/2024 12:00,60.53
13/02/2024 13:00,60.26
13/02/2024 14:00,63.1
13/02/2024 15:00,70.7
13/02/2024 16:00,76.05
13/02/2024 17:00,80.53
13/02/2024 18:00,96.74
13/02/2024 19:00,91.37
13/02/2024 20:00,78.58
13/02/2024 21:00,72.5
13/02/2024 22:00,68.78
13/02/2024 23:00,64.86
14/02/2024 0:00,60.63
14/02/2024 1:00,59.34
14/02/2024 2:00,55.76
14/02/2024 3:00,54.79
14/02/2024 4:00,55.06
14/02/2024 5:00,58.74
14/02/2024 6:00,63.93
14/02/2024 7:00,73.41
14/02/2024 8:00,80.13
14/02/2024 9:00,69.65
14/02/2024 10:00,63.86
14/02/2024 11:00,63.29
14/02/2024 12:00,60.19
14/02/2024 13:00,53.92
14/02/2024 14:00,60
14/02/2024 15:00,64.55
14/02/2024 16:00,66.65
14/02/2024 17:00,76.3
14/02/2024 18:00,87.8
14/02/2024 19:00,84.79
14/02/2024 20:00,76.77
14/02/2024 21:00,69.58
14/02/2024 22:00,68.2
14/02/2024 23:00,63.8
15/02/2024 0:00,61.62
15/02/2024 1:00,57.51
15/02/2024 2:00,54.53
15/02/2024 3:00,50.41
15/02/2024 4:00,48.06
15/02/2024 5:00,53.04
15/02/2024 6:00,63.89
15/02/2024 7:00,73.16
15/02/2024 8:00,79.44
15/02/2024 9:00,75.02
15/02/2024 10:00,70.99
15/02/2024 11:00,63.54
15/02/2024 12:00,58.43
15/02/2024 13:00,55.54
15/02/2024 14:00,55.67
15/02/2024 15:00,58.54
15/02/2024 16:00,59.25
15/02/2024 17:00,67.14
15/02/2024 18:00,76.38
15/02/2024 19:00,72.94
15/02/2024 20:00,66.14
15/02/2024 21:00,61.12
15/02/2024 22:00,60.92
15/02/2024 23:00,56.97
16/02/2024 0:00,51.76
16/02/2024 1:00,51.08
16/02/2024 2:00,49.92
16/02/2024 3:00,47.81
16/02/2024 4:00,46.02
16/02/2024 5:00,49.09
16/02/2024 6:00,55.22
16/02/2024 7:00,69.27
16/02/2024 8:00,70.5
16/02/2024 9:00,66.08
16/02/2024 10:00,57.51
16/02/2024 11:00,59
16/02/2024 12:00,57.15
16/02/2024 13:00,55.53
16/02/2024 14:00,57.6
16/02/2024 15:00,63.21
16/02/2024 16:00,70.01
16/02/2024 17:00,71.11
16/02/2024 18:00,78.32
16/02/2024 19:00,78.37
16/02/2024 20:00,73.29
16/02/2024 21:00,69.67
16/02/2024 22:00,68.63
16/02/2024 23:00,62.22
17/02/2024 0:00,60.87
17/02/2024 1:00,59.38
17/02/2024 2:00,59.42
17/02/2024 3:00,56.65
17/02/2024 4:00,56.11
17/02/2024 5:00,59.3
17/02/2024 6:00,56.94
17/02/2024 7:00,60.81
17/02/2024 8:00,68.4
17/02/2024 9:00,70.86
17/02/2024 10:00,63.57
17/02/2024 11:00,60.69
17/02/2024 12:00,58.22
17/02/2024 13:00,55.24
17/02/2024 14:00,59.09
17/02/2024 15:00,59.03
17/02/2024 16:00,59.65
17/02/2024 17:00,75.18
17/02/2024 18:00,84.23
17/02/2024 19:00,85.81
17/02/2024 20:00,77.36
17/02/2024 21:00,72.27
17/02/2024 22:00,69.91
17/02/2024 23:00,69.11
18/02/2024 0:00,60.93
18/02/2024 1:00,54.81
18/02/2024 2:00,51.2
18/02/2024 3:00,49.62
18/02/2024 4:00,48.7
18/02/2024 5:00,48.47
18/02/2024 6:00,46.02
18/02/2024 7:00,48.97
18/02/2024 8:00,47.28
18/02/2024 9:00,43.03
18/02/2024 10:00,40.45
18/02/2024 11:00,41
18/02/2024 12:00,38.51
18/02/2024 13:00,37.71
18/02/2024 14:00,40.36
18/02/2024 15:00,42.53
18/02/2024 16:00,45.44
18/02/2024 17:00,54.05
18/02/2024 18:00,62.8
18/02/2024 19:00,68.48
18/02/2024 20:00,64.71
18/02/2024 21:00,59.83
18/02/2024 22:00,57.33
18/02/2024 23:00,53.94
19/02/2024 0:00,44
19/02/2024 1:00,44.84
19/02/2024 2:00,44.79
19/02/2024 3:00,43.91
19/02/2024 4:00,44.92
19/02/2024 5:00,51.57
19/02/2024 6:00,68.71
19/02/2024 7:00,79.17
19/02/2024 8:00,83.9
19/02/2024 9:00,75.08
19/02/2024 10:00,70.93
19/02/2024 11:00,69.3
19/02/2024 12:00,61.28
19/02/2024 13:00,54.84
19/02/2024 14:00,54.68
19/02/2024 15:00,57.14
19/02/2024 16:00,62.91
19/02/2024 17:00,72.04
19/02/2024 18:00,97.54
19/02/2024 19:00,80.07
19/02/2024 20:00,72.04
19/02/2024 21:00,67.51
19/02/2024 22:00,66.27
19/02/2024 23:00,59.07
20/02/2024 0:00,58.06
20/02/2024 1:00,54.32
20/02/2024 2:00,53.96
20/02/2024 3:00,54.65
20/02/2024 4:00,53.02
20/02/2024 5:00,54.85
20/02/2024 6:00,70.89
20/02/2024 7:00,79.11
20/02/2024 8:00,85.29
20/02/2024 9:00,78.71
20/02/2024 10:00,69.86
20/02/2024 11:00,60.98
20/02/2024 12:00,53.63
20/02/2024 13:00,51.67
20/02/2024 14:00,52.04
20/02/2024 15:00,56.27
20/02/2024 16:00,61.5
20/02/2024 17:00,66.02
20/02/2024 18:00,71.59
20/02/2024 19:00,75.31
20/02/2024 20:00,68.44
20/02/2024 21:00,65.92
20/02/2024 22:00,65.73
20/02/2024 23:00,55.3
21/02/2024 0:00,53.95
21/02/2024 1:00,49.99
21/02/2024 2:00,46.9
21/02/2024 3:00,44.85
21/02/2024 4:00,45.51
21/02/2024 5:00,50.14
21/02/2024 6:00,63.1
21/02/2024 7:00,74.24
21/02/2024 8:00,80.1
21/02/2024 9:00,67.53
21/02/2024 10:00,64.1
21/02/2024 11:00,60.39
21/02/2024 12:00,53.01
21/02/2024 13:00,51.22
21/02/2024 14:00,53.79
21/02/2024 15:00,59.84
21/02/2024 16:00,58.6
21/02/2024 17:00,60.9
21/02/2024 18:00,66.93
21/02/2024 19:00,62.34
21/02/2024 20:00,53.41
21/02/2024 21:00,46.89
21/02/2024 22:00,42.72
21/02/2024 23:00,36.22
22/02/2024 0:00,31.69
22/02/2024 1:00,28.33
22/02/2024 2:00,28.37
22/02/2024 3:00,27.34
22/02/2024 4:00,24.08
22/02/2024 5:00,40.86
22/02/2024 6:00,57.22
22/02/2024 7:00,67.99
22/02/2024 8:00,77.07
22/02/2024 9:00,69.1
22/02/2024 10:00,56.83
22/02/2024 11:00,58.72
22/02/2024 12:00,54.23
22/02/2024 13:00,48.72
22/02/2024 14:00,55.78
22/02/2024 15:00,52.95
22/02/2024 16:00,47.03
22/02/2024 17:00,52.8
22/02/2024 18:00,60.43
22/02/2024 19:00,55.27
22/02/2024 20:00,44.32
22/02/2024 21:00,29.99
22/02/2024 22:00,18
22/02/2024 23:00,7.05
23/02/2024 0:00,9.4
23/02/2024 1:00,2.6
23/02/2024 2:00,2.33
23/02/2024 3:00,1.07
23/02/2024 4:00,1.27
23/02/2024 5:00,3.65
23/02/2024 6:00,41.17
23/02/2024 7:00,59.07
23/02/2024 8:00,61.01
23/02/2024 9:00,53.81
23/02/2024 10:00,47.78
23/02/2024 11:00,42.89
23/02/2024 12:00,38.48
23/02/2024 13:00,34.53
23/02/2024 14:00,39.87
23/02/2024 15:00,50.1
23/02/2024 16:00,63.5
23/02/2024 17:00,73.03
23/02/2024 18:00,86.44
23/02/2024 19:00,84.01
23/02/2024 20:00,72.97
23/02/2024 21:00,69.26
23/02/2024 22:00,67.98
23/02/2024 23:00,65.1
24/02/2024 0:00,66.47
24/02/2024 1:00,63.9
24/02/2024 2:00,59.5
24/02/2024 3:00,55.2
24/02/2024 4:00,55.39
24/02/2024 5:00,57.1
24/02/2024 6:00,61.67
24/02/2024 7:00,66.11
24/02/2024 8:00,64.4
24/02/2024 9:00,57.6
24/02/2024 10:00,49.15
24/02/2024 11:00,45.77
24/02/2024 12:00,40.31
24/02/2024 13:00,32.22
24/02/2024 14:00,37.6
24/02/2024 15:00,45
24/02/2024 16:00,55.96
24/02/2024 17:00,72.56
24/02/2024 18:00,81.34
24/02/2024 19:00,74.13
24/02/2024 20:00,65.17
24/02/2024 21:00,59.94
24/02/2024 22:00,58.99
24/02/2024 23:00,56.39
25/02/2024 0:00,56.57
25/02/2024 1:00,55.44
25/02/2024 2:00,55.4
25/02/2024 3:00,54.9
25/02/2024 4:00,55.2
25/02/2024 5:00,55.07
25/02/2024 6:00,57.19
25/02/2024 7:00,59.92
25/02/2024 8:00,65.04
25/02/2024 9:00,64.28
25/02/2024 10:00,56.67
25/02/2024 11:00,54.36
25/02/2024 12:00,50
25/02/2024 13:00,46.03
25/02/2024 14:00,49.84
25/02/2024 15:00,55
25/02/2024 16:00,68.54
25/02/2024 17:00,84.57
25/02/2024 18:00,85.17
25/02/2024 19:00,77.52
25/02/2024 20:00,69.78
25/02/2024 21:00,65.11
25/02/2024 22:00,65.23
25/02/2024 23:00,58.38
26/02/2024 0:00,57.83
26/02/2024 1:00,56.82
26/02/2024 2:00,55.69
26/02/2024 3:00,51.8
26/02/2024 4:00,52.84
26/02/2024 5:00,57.92
26/02/2024 6:00,65.52
26/02/2024 7:00,76.73
26/02/2024 8:00,81.6
26/02/2024 9:00,73.83
26/02/2024 10:00,66.65
26/02/2024 11:00,65.03
26/02/2024 12:00,58.42
26/02/2024 13:00,58.19
26/02/2024 14:00,61.29
26/02/2024 15:00,64.95
26/02/2024 16:00,69.66
26/02/2024 17:00,77
26/02/2024 18:00,85.37
26/02/2024 19:00,81.27
26/02/2024 20:00,72.67
26/02/2024 21:00,65.85
26/02/2024 22:00,65.21
26/02/2024 23:00,60.76
27/02/2024 0:00,57.62
27/02/2024 1:00,57.55
27/02/2024 2:00,57.35
27/02/2024 3:00,56.87
27/02/2024 4:00,57.35
27/02/2024 5:00,61.92
27/02/2024 6:00,69.14
27/02/2024 7:00,80.62
27/02/2024 8:00,92.92
27/02/2024 9:00,80.81
27/02/2024 10:00,68.71
27/02/2024 11:00,63.33
27/02/2024 12:00,57.66
27/02/2024 13:00,57.7
27/02/2024 14:00,61.11
27/02/2024 15:00,63.87
27/02/2024 16:00,63
27/02/2024 17:00,76.18
27/02/2024 18:00,103.17
27/02/2024 19:00,105.17
27/02/2024 20:00,84.49
27/02/2024 21:00,72.65
27/02/2024 22:00,70.35
27/02/2024 23:00,64.97
28/02/2024 0:00,60.36
28/02/2024 1:00,59.4
28/02/2024 2:00,61.34
28/02/2024 3:00,63.46
28/02/2024 4:00,63.78
28/02/2024 5:00,67.52
28/02/2024 6:00,72.38
28/02/2024 7:00,88.39
28/02/2024 8:00,104.49
28/02/2024 9:00,85.46
28/02/2024 10:00,73.99
28/02/2024 11:00,67.55
28/02/2024 12:00,63.93
28/02/2024 13:00,58.5
28/02/2024 14:00,58.63
28/02/2024 15:00,58.63
28/02/2024 16:00,60.88
28/02/2024 17:00,66.2
28/02/2024 18:00,82.8
28/02/2024 19:00,78.5
28/02/2024 20:00,66.01
28/02/2024 21:00,63.14
28/02/2024 22:00,64.31
28/02/2024 23:00,55.37
29/02/2024 0:00,55.19
29/02/2024 1:00,53.41
29/02/2024 2:00,50.16
29/02/2024 3:00,47.15
29/02/2024 4:00,44.24
29/02/2024 5:00,48.51
29/02/2024 6:00,62.2
29/02/2024 7:00,73.98
29/02/2024 8:00,74.3
29/02/2024 9:00,70.53
29/02/2024 10:00,65.65
29/02/2024 11:00,65.6
29/02/2024 12:00,58.99
29/02/2024 13:00,57.03
29/02/2024 14:00,59.2
29/02/2024 15:00,65.21
29/02/2024 16:00,71.66
29/02/2024 17:00,74.48
29/02/2024 18:00,86.26
29/02/2024 19:00,80.99
29/02/2024 20:00,72.77
29/02/2024 21:00,67.25
29/02/2024 22:00,64.9
29/02/2024 23:00,60.9
01/03/2024 0:00,62.04
01/03/2024 1:00,61.42
01/03/2024 2:00,58.14
01/03/2024 3:00,57.83
01/03/2024 4:00,58.3
01/03/2024 5:00,62.49
01/03/2024 6:00,71.58
01/03/2024 7:00,79.36
01/03/2024 8:00,87.8
01/03/2024 9:00,79.83
01/03/2024 10:00,66.53
01/03/2024 11:00,64.76
01/03/2024 12:00,63.16
01/03/2024 13:00,68.2
01/03/2024 14:00,66.89
01/03/2024 15:00,67.2
01/03/2024 16:00,72.49
01/03/2024 17:00,89.4
01/03/2024 18:00,91.88
01/03/2024 19:00,87.19
01/03/2024 20:00,77.49
01/03/2024 21:00,71.62
01/03/2024 22:00,70.06
01/03/2024 23:00,66.39
02/03/2024 0:00,59.95
02/03/2024 1:00,56.03
02/03/2024 2:00,56.02
02/03/2024 3:00,55.48
02/03/2024 4:00,54.88
02/03/2024 5:00,55.99
02/03/2024 6:00,56.58
02/03/2024 7:00,60.67
02/03/2024 8:00,63.76
02/03/2024 9:00,65.75
02/03/2024 10:00,60.44
02/03/2024 11:00,61.1
02/03/2024 12:00,57.85
02/03/2024 13:00,54.9
02/03/2024 14:00,59.86
02/03/2024 15:00,66.08
02/03/2024 16:00,73
02/03/2024 17:00,81.61
02/03/2024 18:00,93.6
02/03/2024 19:00,89.9
02/03/2024 20:00,76.98
02/03/2024 21:00,72.8
02/03/2024 22:00,84.9
02/03/2024 23:00,79.4
03/03/2024 0:00,63.7
03/03/2024 1:00,68.8
03/03/2024 2:00,66.74
03/03/2024 3:00,57.91
03/03/2024 4:00,55.48
03/03/2024 5:00,58.88
03/03/2024 6:00,65.05
03/03/2024 7:00,68.97
03/03/2024 8:00,69.9
03/03/2024 9:00,70.36
03/03/2024 10:00,71.24
03/03/2024 11:00,70.51
03/03/2024 12:00,54.02
03/03/2024 13:00,42.51
03/03/2024 14:00,46.84
03/03/2024 15:00,55.58
03/03/2024 16:00,60.28
03/03/2024 17:00,80
03/03/2024 18:00,92.01
03/03/2024 19:00,86.96
03/03/2024 20:00,81.8
03/03/2024 21:00,75
03/03/2024 22:00,72.18
03/03/2024 23:00,72.42
04/03/2024 0:00,69.13
04/03/2024 1:00,67.9
04/03/2024 2:00,67.41
04/03/2024 3:00,66.22
04/03/2024 4:00,65.59
04/03/2024 5:00,70.83
04/03/2024 6:00,81.18
04/03/2024 7:00,96.67
04/03/2024 8:00,102.97
04/03/2024 9:00,85.02
04/03/2024 10:00,72.16
04/03/2024 11:00,65.07
04/03/2024 12:00,63.93
04/03/2024 13:00,61.14
04/03/2024 14:00,62.5
04/03/2024 15:00,69.86
04/03/2024 16:00,79.18
04/03/2024 17:00,99.4
04/03/2024 18:00,105.18
04/03/2024 19:00,99.13
04/03/2024 20:00,80.52
04/03/2024 21:00,71.39
04/03/2024 22:00,67.49
04/03/2024 23:00,63.93
05/03/2024 0:00,61.96
05/03/2024 1:00,61.67
05/03/2024 2:00,61.33
05/03/2024 3:00,59.86
05/03/2024 4:00,60.56
05/03/2024 5:00,61.67
05/03/2024 6:00,71.53
05/03/2024 7:00,79.28
05/03/2024 8:00,83.02
05/03/2024 9:00,77
05/03/2024 10:00,71.15
05/03/2024 11:00,69.72
05/03/2024 12:00,66.06
05/03/2024 13:00,65.91
05/03/2024 14:00,69.71
05/03/2024 15:00,70.85
05/03/2024 16:00,76.33
05/03/2024 17:00,82.41
05/03/2024 18:00,104.49
05/03/2024 19:00,126.68
05/03/2024 20:00,105.2
05/03/2024 21:00,90.68
05/03/2024 22:00,86.1
05/03/2024 23:00,72.98
06/03/2024 0:00,71
06/03/2024 1:00,70.7
06/03/2024 2:00,70.46
06/03/2024 3:00,69.74
06/03/2024 4:00,70.46
06/03/2024 5:00,73.91
06/03/2024 6:00,83.98
06/03/2024 7:00,106.64
06/03/2024 8:00,108.7
06/03/2024 9:00,87.21
06/03/2024 10:00,76.1
06/03/2024 11:00,72.17
06/03/2024 12:00,69.35
06/03/2024 13:00,69.29
06/03/2024 14:00,70.64
06/03/2024 15:00,72.3
06/03/2024 16:00,77.01
06/03/2024 17:00,87.09
06/03/2024 18:00,117.8
06/03/2024 19:00,119.26
06/03/2024 20:00,93.44
06/03/2024 21:00,80.15
06/03/2024 22:00,77.98
06/03/2024 23:00,74.34
07/03/2024 0:00,73.33
07/03/2024 1:00,72.32
07/03/2024 2:00,70.34
07/03/2024 3:00,68.71
07/03/2024 4:00,69.89
07/03/2024 5:00,73.13
07/03/2024 6:00,84.27
07/03/2024 7:00,103.2
07/03/2024 8:00,96.7
07/03/2024 9:00,79.09
07/03/2024 10:00,71.31
07/03/2024 11:00,66.16
07/03/2024 12:00,61.58
07/03/2024 13:00,59.99
07/03/2024 14:00,63.25
07/03/2024 15:00,65.3
07/03/2024 16:00,69.4
07/03/2024 17:00,87.6
07/03/2024 18:00,104.1
07/03/2024 19:00,90.59
07/03/2024 20:00,83.29
07/03/2024 21:00,73.37
07/03/2024 22:00,73.38
07/03/2024 23:00,67.79
08/03/2024 0:00,68.49
08/03/2024 1:00,66.96
08/03/2024 2:00,67.01
08/03/2024 3:00,65.99
08/03/2024 4:00,65
08/03/2024 5:00,67.1
08/03/2024 6:00,78.79
08/03/2024 7:00,94.81
08/03/2024 8:00,88.89
08/03/2024 9:00,74.36
08/03/2024 10:00,59.66
08/03/2024 11:00,52.25
08/03/2024 12:00,42.94
08/03/2024 13:00,25
08/03/2024 14:00,44.06
08/03/2024 15:00,48.91
08/03/2024 16:00,56.46
08/03/2024 17:00,72.8
08/03/2024 18:00,84.51
08/03/2024 19:00,80.81
08/03/2024 20:00,71.95
08/03/2024 21:00,65.29
08/03/2024 22:00,65.17
08/03/2024 23:00,60.04
09/03/2024 0:00,56.71
09/03/2024 1:00,55.05
09/03/2024 2:00,53.87
09/03/2024 3:00,52.69
09/03/2024 4:00,48.76
09/03/2024 5:00,47.96
09/03/2024 6:00,50.66
09/03/2024 7:00,53.06
09/03/2024 8:00,53.06
09/03/2024 9:00,48.12
09/03/2024 10:00,38.69
09/03/2024 11:00,26.44
09/03/2024 12:00,15.85
09/03/2024 13:00,15.67
09/03/2024 14:00,28.16
09/03/2024 15:00,28.57
09/03/2024 16:00,52.65
09/03/2024 17:00,69.66
09/03/2024 18:00,78.17
09/03/2024 19:00,79.03
09/03/2024 20:00,70
09/03/2024 21:00,60.47
09/03/2024 22:00,67.64
09/03/2024 23:00,68.3
10/03/2024 0:00,48.65
10/03/2024 1:00,46.06
10/03/2024 2:00,40.98
10/03/2024 3:00,35.55
10/03/2024 4:00,32.39
10/03/2024 5:00,32.28
10/03/2024 6:00,33.91
10/03/2024 7:00,39.49
10/03/2024 8:00,55.58
10/03/2024 9:00,69.69
10/03/2024 10:00,60.1
10/03/2024 11:00,80.97
10/03/2024 12:00,90.9
10/03/2024 13:00,80.8
10/03/2024 14:00,65.17
10/03/2024 15:00,65.85
10/03/2024 16:00,70.2
10/03/2024 17:00,84.92
10/03/2024 18:00,87.3
10/03/2024 19:00,106.4
10/03/2024 20:00,95.6
10/03/2024 21:00,87.3
10/03/2024 22:00,86.83
10/03/2024 23:00,82.27
11/03/2024 0:00,64.8
11/03/2024 1:00,63
11/03/2024 2:00,56.61
11/03/2024 3:00,54.81
11/03/2024 4:00,53.51
11/03/2024 5:00,57
11/03/2024 6:00,76.69
11/03/2024 7:00,82.76
11/03/2024 8:00,85.71
11/03/2024 9:00,82.57
11/03/2024 10:00,76.61
11/03/2024 11:00,68.52
11/03/2024 12:00,68.8
11/03/2024 13:00,66.96
11/03/2024 14:00,67
11/03/2024 15:00,73.43
11/03/2024 16:00,75.76
11/03/2024 17:00,85.58
11/03/2024 18:00,98.71
11/03/2024 19:00,107.98
11/03/2024 20:00,87.99
11/03/2024 21:00,76.68
11/03/2024 22:00,75.02
11/03/2024 23:00,67.08
12/03/2024 0:00,69.18
12/03/2024 1:00,65.56
12/03/2024 2:00,66.51
12/03/2024 3:00,65.2
12/03/2024 4:00,64.23
12/03/2024 5:00,69.39
12/03/2024 6:00,78.88
12/03/2024 7:00,92.36
12/03/2024 8:00,100.3
12/03/2024 9:00,93.8
12/03/2024 10:00,84.07
12/03/2024 11:00,74.93
12/03/2024 12:00,73.89
12/03/2024 13:00,71.31
12/03/2024 14:00,71.84
12/03/2024 15:00,77.38
12/03/2024 16:00,80
12/03/2024 17:00,76.24
12/03/2024 18:00,87
12/03/2024 19:00,105.01
12/03/2024 20:00,87.93
12/03/2024 21:00,77.16
12/03/2024 22:00,74.94
12/03/2024 23:00,64.91
13/03/2024 0:00,58.14
13/03/2024 1:00,54.54
13/03/2024 2:00,52.79
13/03/2024 3:00,51.29
13/03/2024 4:00,51.25
13/03/2024 5:00,56.66
13/03/2024 6:00,69.64
13/03/2024 7:00,89.29
13/03/2024 8:00,89.31
13/03/2024 9:00,75
13/03/2024 10:00,64.99
13/03/2024 11:00,59.21
13/03/2024 12:00,55.14
13/03/2024 13:00,48.55
13/03/2024 14:00,50
13/03/2024 15:00,53.94
13/03/2024 16:00,58.14
13/03/2024 17:00,77.4
13/03/2024 18:00,91.97
13/03/2024 19:00,100.2
13/03/2024 20:00,85.18
13/03/2024 21:00,66.87
13/03/2024 22:00,68.18
13/03/2024 23:00,63.88
14/03/2024 0:00,63.29
14/03/2024 1:00,56.9
14/03/2024 2:00,57.52
14/03/2024 3:00,57
14/03/2024 4:00,51.1
14/03/2024 5:00,57.92
14/03/2024 6:00,70
14/03/2024 7:00,87.05
14/03/2024 8:00,81.99
14/03/2024 9:00,65.71
14/03/2024 10:00,54.32
14/03/2024 11:00,42.23
14/03/2024 12:00,19.8
14/03/2024 13:00,29.61
14/03/2024 14:00,42.82
14/03/2024 15:00,47.24
14/03/2024 16:00,51.03
14/03/2024 17:00,71.14
14/03/2024 18:00,85.43
14/03/2024 19:00,87.45
14/03/2024 20:00,74.11
14/03/2024 21:00,62.83
14/03/2024 22:00,59.61
14/03/2024 23:00,50
15/03/2024 0:00,46.87
15/03/2024 1:00,42.21
15/03/2024 2:00,41.22
15/03/2024 3:00,37.63
15/03/2024 4:00,31.23
15/03/2024 5:00,36.45
15/03/2024 6:00,48.25
15/03/2024 7:00,58.4
15/03/2024 8:00,64.73
15/03/2024 9:00,53.8
15/03/2024 10:00,44.54
15/03/2024 11:00,37.92
15/03/2024 12:00,33.48
15/03/2024 13:00,30.36
15/03/2024 14:00,26.74
15/03/2024 15:00,25.51
15/03/2024 16:00,40.42
15/03/2024 17:00,53.79
15/03/2024 18:00,64.11
15/03/2024 19:00,88
15/03/2024 20:00,64.29
15/03/2024 21:00,55.5
15/03/2024 22:00,56.38
15/03/2024 23:00,49.45
16/03/2024 0:00,44.31
16/03/2024 1:00,42.15
16/03/2024 2:00,40.69
16/03/2024 3:00,38.93
16/03/2024 4:00,38.76
16/03/2024 5:00,40.55
16/03/2024 6:00,47.68
16/03/2024 7:00,54.13
16/03/2024 8:00,53.11
16/03/2024 9:00,47.01
16/03/2024 10:00,44.88
16/03/2024 11:00,41.66
16/03/2024 12:00,36.87
16/03/2024 13:00,21.56
16/03/2024 14:00,13.74
16/03/2024 15:00,32.47
16/03/2024 16:00,50.27
16/03/2024 17:00,74.04
16/03/2024 18:00,85.35
16/03/2024 19:00,94.48
16/03/2024 20:00,84.12
16/03/2024 21:00,73.5
16/03/2024 22:00,72.84
16/03/2024 23:00,67.1
17/03/2024 0:00,64.99
17/03/2024 1:00,60
17/03/2024 2:00,55.14
17/03/2024 3:00,50.51
17/03/2024 4:00,47.59
17/03/2024 5:00,52.07
17/03/2024 6:00,47.92
17/03/2024 7:00,51.43
17/03/2024 8:00,44.85
17/03/2024 9:00,47.06
17/03/2024 10:00,45.28
17/03/2024 11:00,45.87
17/03/2024 12:00,41.76
17/03/2024 13:00,40
17/03/2024 14:00,47.79
17/03/2024 15:00,55.78
17/03/2024 16:00,47.59
17/03/2024 17:00,71.12
17/03/2024 18:00,69.67
17/03/2024 19:00,82.69
17/03/2024 20:00,77.89
17/03/2024 21:00,72.33
17/03/2024 22:00,72.1
17/03/2024 23:00,65.91
18/03/2024 0:00,64.12
18/03/2024 1:00,57.14
18/03/2024 2:00,58.31
18/03/2024 3:00,52.83
18/03/2024 4:00,51.63
18/03/2024 5:00,52.36
18/03/2024 6:00,69.93
18/03/2024 7:00,96.5
18/03/2024 8:00,94.45
18/03/2024 9:00,82.8
18/03/2024 10:00,72.83
18/03/2024 11:00,66.64
18/03/2024 12:00,64.45
18/03/2024 13:00,56.54
18/03/2024 14:00,47.15
18/03/2024 15:00,49.28
18/03/2024 16:00,54.75
18/03/2024 17:00,67.32
18/03/2024 18:00,109
18/03/2024 19:00,125.6
18/03/2024 20:00,102.86
18/03/2024 21:00,79.4
18/03/2024 22:00,77.62
18/03/2024 23:00,71.64
19/03/2024 0:00,70
19/03/2024 1:00,66.92
19/03/2024 2:00,63.28
19/03/2024 3:00,60.81
19/03/2024 4:00,58.43
19/03/2024 5:00,62.41
19/03/2024 6:00,79.87
19/03/2024 7:00,104.89
19/03/2024 8:00,95.87
19/03/2024 9:00,72.06
19/03/2024 10:00,59.66
19/03/2024 11:00,53.44
19/03/2024 12:00,50.11
19/03/2024 13:00,44.81
19/03/2024 14:00,45.13
19/03/2024 15:00,49.26
19/03/2024 16:00,54.37
19/03/2024 17:00,77.23
19/03/2024 18:00,98.6
19/03/2024 19:00,128.96
19/03/2024 20:00,110
19/03/2024 21:00,89.06
19/03/2024 22:00,81.73
19/03/2024 23:00,76.1
20/03/2024 0:00,76.01
20/03/2024 1:00,70.44
20/03/2024 2:00,65.76
20/03/2024 3:00,58.81
20/03/2024 4:00,60
20/03/2024 5:00,66.77
20/03/2024 6:00,93.3
20/03/2024 7:00,103.15
20/03/2024 8:00,98.92
20/03/2024 9:00,70.84
20/03/2024 10:00,61.75
20/03/2024 11:00,57.18
20/03/2024 12:00,62.48
20/03/2024 13:00,65.49
20/03/2024 14:00,59.09
20/03/2024 15:00,64.08
20/03/2024 16:00,71.27
20/03/2024 17:00,97.86
20/03/2024 18:00,144.85
20/03/2024 19:00,141.56
20/03/2024 20:00,115.15
20/03/2024 21:00,99.38
20/03/2024 22:00,82.9
20/03/2024 23:00,78.92
21/03/2024 0:00,70.43
21/03/2024 1:00,70
21/03/2024 2:00,64.72
21/03/2024 3:00,54.56
21/03/2024 4:00,45.86
21/03/2024 5:00,46.8
21/03/2024 6:00,65.82
21/03/2024 7:00,89.07
21/03/2024 8:00,101.1
21/03/2024 9:00,80.42
21/03/2024 10:00,72.41
21/03/2024 11:00,63.34
21/03/2024 12:00,62.15
21/03/2024 13:00,53.98
21/03/2024 14:00,54.43
21/03/2024 15:00,44.73
21/03/2024 16:00,53.44
21/03/2024 17:00,71.13
21/03/2024 18:00,101.08
21/03/2024 19:00,115.41
21/03/2024 20:00,91.31
21/03/2024 21:00,69.71
21/03/2024 22:00,61.4
21/03/2024 23:00,52.12
22/03/2024 0:00,44.5
22/03/2024 1:00,42.14
22/03/2024 2:00,39.26
22/03/2024 3:00,34.36
22/03/2024 4:00,30.37
22/03/2024 5:00,34.97
22/03/2024 6:00,45.95
22/03/2024 7:00,61.02
22/03/2024 8:00,64.01
22/03/2024 9:00,44.86
22/03/2024 10:00,40.37
22/03/2024 11:00,50.76
22/03/2024 12:00,49.94
22/03/2024 13:00,60.8
22/03/2024 14:00,61.1
22/03/2024 15:00,65.6
22/03/2024 16:00,64.4
22/03/2024 17:00,76.8
22/03/2024 18:00,84.53
22/03/2024 19:00,94.95
22/03/2024 20:00,87.9
22/03/2024 21:00,56.39
22/03/2024 22:00,52.35
22/03/2024 23:00,48.39
23/03/2024 0:00,45.53
23/03/2024 1:00,42.82
23/03/2024 2:00,27.64
23/03/2024 3:00,23.62
23/03/2024 4:00,21.46
23/03/2024 5:00,21.72
23/03/2024 6:00,22.58
23/03/2024 7:00,21.92
23/03/2024 8:00,19.37
23/03/2024 9:00,5.26
23/03/2024 10:00,0.01
23/03/2024 11:00,-0.05
23/03/2024 12:00,0.2
23/03/2024 13:00,-0.15
23/03/2024 14:00,-7.95
23/03/2024 15:00,-0.93
23/03/2024 16:00,-1.47
23/03/2024 17:00,18.27
23/03/2024 18:00,41.32
23/03/2024 19:00,52.96
23/03/2024 20:00,44.97
23/03/2024 21:00,36.52
23/03/2024 22:00,33.17
23/03/2024 23:00,25.19
24/03/2024 0:00,15.02
24/03/2024 1:00,7.3
24/03/2024 2:00,6.16
24/03/2024 3:00,4.8
24/03/2024 4:00,4.89
24/03/2024 5:00,4.51
24/03/2024 6:00,4.18
24/03/2024 7:00,1.19
24/03/2024 8:00,0
24/03/2024 9:00,0
24/03/2024 10:00,0
24/03/2024 11:00,0
24/03/2024 12:00,0
24/03/2024 13:00,0
24/03/2024 14:00,0
24/03/2024 15:00,0
24/03/2024 16:00,3.89
24/03/2024 17:00,34.35
24/03/2024 18:00,62.91
24/03/2024 19:00,74.9
24/03/2024 20:00,66.44
24/03/2024 21:00,66
24/03/2024 22:00,63.05
24/03/2024 23:00,63.11
25/03/2024 0:00,62.66
25/03/2024 1:00,58.45
25/03/2024 2:00,57.74
25/03/2024 3:00,60.53
25/03/2024 4:00,59.26
25/03/2024 5:00,71.66
25/03/2024 6:00,86.59
25/03/2024 7:00,113.87
25/03/2024 8:00,99.68
25/03/2024 9:00,62.62
25/03/2024 10:00,52.53
25/03/2024 11:00,47.2
25/03/2024 12:00,46.35
25/03/2024 13:00,43.53
25/03/2024 14:00,45.14
25/03/2024 15:00,51.45
25/03/2024 16:00,59.23
25/03/2024 17:00,83.28
25/03/2024 18:00,137.6
25/03/2024 19:00,129.65
25/03/2024 20:00,76.85
25/03/2024 21:00,65.02
25/03/2024 22:00,66.14
25/03/2024 23:00,65.1
26/03/2024 0:00,61.57
26/03/2024 1:00,53.83
26/03/2024 2:00,47.08
26/03/2024 3:00,45.71
26/03/2024 4:00,57.74
26/03/2024 5:00,62.29
26/03/2024 6:00,75.33
26/03/2024 7:00,79.2
26/03/2024 8:00,72.08
26/03/2024 9:00,62
26/03/2024 10:00,49.5
26/03/2024 11:00,37.03
26/03/2024 12:00,27.84
26/03/2024 13:00,29.57
26/03/2024 14:00,37.1
26/03/2024 15:00,50.23
26/03/2024 16:00,63.74
26/03/2024 17:00,81.05
26/03/2024 18:00,103.29
26/03/2024 19:00,100.3
26/03/2024 20:00,79.23
26/03/2024 21:00,77.05
26/03/2024 22:00,69.78
26/03/2024 23:00,63.31
27/03/2024 0:00,58.35
27/03/2024 1:00,57.09
27/03/2024 2:00,57.28
27/03/2024 3:00,51.08
27/03/2024 4:00,50.39
27/03/2024 5:00,44.47
27/03/2024 6:00,72.5
27/03/2024 7:00,82.77
27/03/2024 8:00,79.92
27/03/2024 9:00,68.1
27/03/2024 10:00,63.71
27/03/2024 11:00,57.52
27/03/2024 12:00,54.8
27/03/2024 13:00,55.54
27/03/2024 14:00,42.73
27/03/2024 15:00,47.42
27/03/2024 16:00,55.22
27/03/2024 17:00,83.4
27/03/2024 18:00,104.97
27/03/2024 19:00,112.76
27/03/2024 20:00,87.78
27/03/2024 21:00,65.9
27/03/2024 22:00,63.62
27/03/2024 23:00,53.14
28/03/2024 0:00,59.57
28/03/2024 1:00,41.08
28/03/2024 2:00,37.24
28/03/2024 3:00,36.48
28/03/2024 4:00,30.14
28/03/2024 5:00,30.53
28/03/2024 6:00,37.57
28/03/2024 7:00,54.88
28/03/2024 8:00,48.95
28/03/2024 9:00,42.34
28/03/2024 10:00,20.65
28/03/2024 11:00,13.98
28/03/2024 12:00,6.72
28/03/2024 13:00,0.05
28/03/2024 14:00,0.03
28/03/2024 15:00,6.35
28/03/2024 16:00,15.27
28/03/2024 17:00,25.8
28/03/2024 18:00,40.35
28/03/2024 19:00,62.65
28/03/2024 20:00,42.32
28/03/2024 21:00,28.21
28/03/2024 22:00,32.14
28/03/2024 23:00,25
29/03/2024 0:00,20.6
29/03/2024 1:00,18.83
29/03/2024 2:00,12.43
29/03/2024 3:00,10.24
29/03/2024 4:00,12.59
29/03/2024 5:00,14.32
29/03/2024 6:00,22.02
29/03/2024 7:00,31.4
29/03/2024 8:00,37.43
29/03/2024 9:00,33.09
29/03/2024 10:00,22.62
29/03/2024 11:00,18.79
29/03/2024 12:00,12.98
29/03/2024 13:00,9.86
29/03/2024 14:00,13.44
29/03/2024 15:00,20.2
29/03/2024 16:00,31.39
29/03/2024 17:00,61.38
29/03/2024 18:00,94.02
29/03/2024 19:00,106.06
29/03/2024 20:00,87.4
29/03/2024 21:00,70.03
29/03/2024 22:00,75.89
29/03/2024 23:00,70
30/03/2024 0:00,69.3
30/03/2024 1:00,58.16
30/03/2024 2:00,56.7
30/03/2024 3:00,60.66
30/03/2024 4:00,65.38
30/03/2024 5:00,65.05
30/03/2024 6:00,63.8
30/03/2024 7:00,52.93
30/03/2024 8:00,48.92
30/03/2024 9:00,44.45
30/03/2024 10:00,35.91
30/03/2024 11:00,24.7
30/03/2024 12:00,22.9
30/03/2024 13:00,11.48
30/03/2024 14:00,15.94
30/03/2024 15:00,38.78
30/03/2024 16:00,52.52
30/03/2024 17:00,77.78
30/03/2024 18:00,90.84
30/03/2024 19:00,98.98
30/03/2024 20:00,86.99
30/03/2024 21:00,73.66
30/03/2024 22:00,70.83
30/03/2024 23:00,65.74
31/03/2024 0:00,84.33
31/03/2024 1:00,76.83
31/03/2024 2:00,76.83
31/03/2024 3:00,52.68
31/03/2024 4:00,62.36
31/03/2024 5:00,59.37
31/03/2024 6:00,65.92
31/03/2024 7:00,70
31/03/2024 8:00,70
31/03/2024 9:00,49.34
31/03/2024 10:00,36.07
31/03/2024 11:00,28.49
31/03/2024 12:00,19.49
31/03/2024 13:00,2.99
31/03/2024 14:00,1
31/03/2024 15:00,13.21
31/03/2024 16:00,34.13
31/03/2024 17:00,54.04
31/03/2024 18:00,63.36
31/03/2024 19:00,92.98
31/03/2024 20:00,70.84
31/03/2024 21:00,47.01
31/03/2024 22:00,43.7
31/03/2024 23:00,50.29
01/04/2024 0:00,50.32
01/04/2024 1:00,44.39
01/04/2024 2:00,37.29
01/04/2024 3:00,31.64
01/04/2024 4:00,29.65
01/04/2024 5:00,44.43
01/04/2024 6:00,37.18
01/04/2024 7:00,38.85
01/04/2024 8:00,39.29
01/04/2024 9:00,37.5
01/04/2024 10:00,30.6
01/04/2024 11:00,13.99
01/04/2024 12:00,3.16
01/04/2024 13:00,0.03
01/04/2024 14:00,-0.01
01/04/2024 15:00,-0.01
01/04/2024 16:00,-0.01
01/04/2024 17:00,5.79
01/04/2024 18:00,30.34
01/04/2024 19:00,53.99
01/04/2024 20:00,52.81
01/04/2024 21:00,48.3
01/04/2024 22:00,29.98
01/04/2024 23:00,14.9
02/04/2024 0:00,18.61
02/04/2024 1:00,11.4
02/04/2024 2:00,5.65
02/04/2024 3:00,2.76
02/04/2024 4:00,1.96
02/04/2024 5:00,7.28
02/04/2024 6:00,35.33
02/04/2024 7:00,59.97
02/04/2024 8:00,47.16
02/04/2024 9:00,25.14
02/04/2024 10:00,8.66
02/04/2024 11:00,7.14
02/04/2024 12:00,1.62
02/04/2024 13:00,0.36
02/04/2024 14:00,0.03
02/04/2024 15:00,0
02/04/2024 16:00,4.31
02/04/2024 17:00,22.02
02/04/2024 18:00,53.81
02/04/2024 19:00,69.3
02/04/2024 20:00,90.05
02/04/2024 21:00,65.33
02/04/2024 22:00,73.25
02/04/2024 23:00,69.5
03/04/2024 0:00,40.85
03/04/2024 1:00,44.07
03/04/2024 2:00,44.28
03/04/2024 3:00,44.38
03/04/2024 4:00,46.93
03/04/2024 5:00,44.18
03/04/2024 6:00,57
03/04/2024 7:00,80
03/04/2024 8:00,103.24
03/04/2024 9:00,92.33
03/04/2024 10:00,93.5
03/04/2024 11:00,81.4
03/04/2024 12:00,57.95
03/04/2024 13:00,34.17
03/04/2024 14:00,25.48
03/04/2024 15:00,22.72
03/04/2024 16:00,23.83
03/04/2024 17:00,28.52
03/04/2024 18:00,46.63
03/04/2024 19:00,71.24
03/04/2024 20:00,66.09
03/04/2024 21:00,48.85
03/04/2024 22:00,45.01
03/04/2024 23:00,37.01
04/04/2024 0:00,17.73
04/04/2024 1:00,15.7
04/04/2024 2:00,17.93
04/04/2024 3:00,18.72
04/04/2024 4:00,17.41
04/04/2024 5:00,20.13
04/04/2024 6:00,21.67
04/04/2024 7:00,31.45
04/04/2024 8:00,35
04/04/2024 9:00,27.43
04/04/2024 10:00,35.86
04/04/2024 11:00,21.08
04/04/2024 12:00,18
04/04/2024 13:00,16.92
04/04/2024 14:00,16.71
04/04/2024 15:00,17.09
04/04/2024 16:00,17.39
04/04/2024 17:00,21.15
04/04/2024 18:00,36.14
04/04/2024 19:00,57.66
04/04/2024 20:00,58.47
04/04/2024 21:00,45.23
04/04/2024 22:00,42.15
04/04/2024 23:00,32.99
05/04/2024 0:00,35.64
05/04/2024 1:00,31.89
05/04/2024 2:00,27.85
05/04/2024 3:00,21.59
05/04/2024 4:00,23.17
05/04/2024 5:00,21.39
05/04/2024 6:00,29.47
05/04/2024 7:00,42.68
05/04/2024 8:00,47.07
05/04/2024 9:00,35.62
05/04/2024 10:00,26.74
05/04/2024 11:00,13.33
05/04/2024 12:00,5.41
05/04/2024 13:00,0
05/04/2024 14:00,-0.08
05/04/2024 15:00,-1.87
05/04/2024 16:00,-1.46
05/04/2024 17:00,11.61
05/04/2024 18:00,27.74
05/04/2024 19:00,35.04
05/04/2024 20:00,38.46
05/04/2024 21:00,33.22
05/04/2024 22:00,36.94
05/04/2024 23:00,34.73
06/04/2024 0:00,26.24
06/04/2024 1:00,24.78
06/04/2024 2:00,25.88
06/04/2024 3:00,26.17
06/04/2024 4:00,27.93
06/04/2024 5:00,22.7
06/04/2024 6:00,21.43
06/04/2024 7:00,21.92
06/04/2024 8:00,18.32
06/04/2024 9:00,4.11
06/04/2024 10:00,-10
06/04/2024 11:00,-10.8
06/04/2024 12:00,-20
06/04/2024 13:00,-54.42
06/04/2024 14:00,-45.66
06/04/2024 15:00,-33.01
06/04/2024 16:00,-0.49
06/04/2024 17:00,2.59
06/04/2024 18:00,33.3
06/04/2024 19:00,40.11
06/04/2024 20:00,37.97
06/04/2024 21:00,33.44
06/04/2024 22:00,28.56
06/04/2024 23:00,17.04
07/04/2024 0:00,6.3
07/04/2024 1:00,0.11
07/04/2024 2:00,0
07/04/2024 3:00,0
07/04/2024 4:00,0
07/04/2024 5:00,0
07/04/2024 6:00,0
07/04/2024 7:00,0
07/04/2024 8:00,0
07/04/2024 9:00,-0.01
07/04/2024 10:00,-0.16
07/04/2024 11:00,-3.26
07/04/2024 12:00,-8.62
07/04/2024 13:00,-23.32
07/04/2024 14:00,-19.95
07/04/2024 15:00,-5.04
07/04/2024 16:00,-0.15
07/04/2024 17:00,4.91
07/04/2024 18:00,51.32
07/04/2024 19:00,82.94
07/04/2024 20:00,69.21
07/04/2024 21:00,64.87
07/04/2024 22:00,53.66
07/04/2024 23:00,44.21
08/04/2024 0:00,43.3
08/04/2024 1:00,50.07
08/04/2024 2:00,46.74
08/04/2024 3:00,46.71
08/04/2024 4:00,46.66
08/04/2024 5:00,50.26
08/04/2024 6:00,71.63
08/04/2024 7:00,115.87
08/04/2024 8:00,119.61
08/04/2024 9:00,85.51
08/04/2024 10:00,69.89
08/04/2024 11:00,67.1
08/04/2024 12:00,65
08/04/2024 13:00,63.29
08/04/2024 14:00,60.5
08/04/2024 15:00,63.4
08/04/2024 16:00,70
08/04/2024 17:00,75.01
08/04/2024 18:00,104.9
08/04/2024 19:00,137.3
08/04/2024 20:00,122
08/04/2024 21:00,70
08/04/2024 22:00,76.22
08/04/2024 23:00,65
09/04/2024 0:00,78.21
09/04/2024 1:00,60
09/04/2024 2:00,48.59
09/04/2024 3:00,38.15
09/04/2024 4:00,38.54
09/04/2024 5:00,41.84
09/04/2024 6:00,41.1
09/04/2024 7:00,58.65
09/04/2024 8:00,63.05
09/04/2024 9:00,46.47
09/04/2024 10:00,32.52
09/04/2024 11:00,27.12
09/04/2024 12:00,17.48
09/04/2024 13:00,4.08
09/04/2024 14:00,4.28
09/04/2024 15:00,19.69
09/04/2024 16:00,13.22
09/04/2024 17:00,22.92
09/04/2024 18:00,41.91
09/04/2024 19:00,57.73
09/04/2024 20:00,53.42
09/04/2024 21:00,48.34
09/04/2024 22:00,40.43
09/04/2024 23:00,25
10/04/2024 0:00,25.84
10/04/2024 1:00,6.65
10/04/2024 2:00,6.91
10/04/2024 3:00,9.09
10/04/2024 4:00,20.53
10/04/2024 5:00,38.22
10/04/2024 6:00,69.15
10/04/2024 7:00,99.63
10/04/2024 8:00,109.28
10/04/2024 9:00,83.56
10/04/2024 10:00,67.58
10/04/2024 11:00,52.99
10/04/2024 12:00,42.51
10/04/2024 13:00,25.8
10/04/2024 14:00,22.18
10/04/2024 15:00,28.3
10/04/2024 16:00,31.6
10/04/2024 17:00,64.77
10/04/2024 18:00,77.92
10/04/2024 19:00,102.85
10/04/2024 20:00,113.8
10/04/2024 21:00,88.28
10/04/2024 22:00,72.35
10/04/2024 23:00,50
11/04/2024 0:00,30.49
11/04/2024 1:00,22.93
11/04/2024 2:00,20.54
11/04/2024 3:00,36.64
11/04/2024 4:00,37.61
11/04/2024 5:00,32.5
11/04/2024 6:00,38.66
11/04/2024 7:00,52.01
11/04/2024 8:00,52.2
11/04/2024 9:00,46.39
11/04/2024 10:00,33.29
11/04/2024 11:00,29.96
11/04/2024 12:00,32.77
11/04/2024 13:00,31.99
11/04/2024 14:00,36.11
11/04/2024 15:00,50.27
11/04/2024 16:00,66.34
11/04/2024 17:00,82.84
11/04/2024 18:00,100.7
11/04/2024 19:00,129
11/04/2024 20:00,113.25
11/04/2024 21:00,90.46
11/04/2024 22:00,77.67
11/04/2024 23:00,68.94
12/04/2024 0:00,55.88
12/04/2024 1:00,50.09
12/04/2024 2:00,46.94
12/04/2024 3:00,45.58
12/04/2024 4:00,40
12/04/2024 5:00,41.28
12/04/2024 6:00,66.45
12/04/2024 7:00,87.35
12/04/2024 8:00,81.67
12/04/2024 9:00,69.3
12/04/2024 10:00,30.99
12/04/2024 11:00,18.79
12/04/2024 12:00,0
12/04/2024 13:00,-0.06
12/04/2024 14:00,-0.82
12/04/2024 15:00,-0.93
12/04/2024 16:00,0.05
12/04/2024 17:00,22.82
12/04/2024 18:00,45.71
12/04/2024 19:00,69.4
12/04/2024 20:00,68.07
12/04/2024 21:00,55
12/04/2024 22:00,51.67
12/04/2024 23:00,40.74
13/04/2024 0:00,36.14
13/04/2024 1:00,28.24
13/04/2024 2:00,19.6
13/04/2024 3:00,13.93
13/04/2024 4:00,11.88
13/04/2024 5:00,16.5
13/04/2024 6:00,20.58
13/04/2024 7:00,23.89
13/04/2024 8:00,19.14
13/04/2024 9:00,8.8
13/04/2024 10:00,-0.02
13/04/2024 11:00,-9.79
13/04/2024 12:00,-21
13/04/2024 13:00,-50
13/04/2024 14:00,-55.01
13/04/2024 15:00,-49.91
13/04/2024 16:00,-19.09
13/04/2024 17:00,-0.13
13/04/2024 18:00,14.44
13/04/2024 19:00,27.96
13/04/2024 20:00,38.09
13/04/2024 21:00,34.89
13/04/2024 22:00,21.88
13/04/2024 23:00,11.38
14/04/2024 0:00,2.41
14/04/2024 1:00,1.65
14/04/2024 2:00,1.21
14/04/2024 3:00,1.33
14/04/2024 4:00,2.78
14/04/2024 5:00,6.12
14/04/2024 6:00,12.86
14/04/2024 7:00,13
14/04/2024 8:00,7.75
14/04/2024 9:00,0
14/04/2024 10:00,1.54
14/04/2024 11:00,-2
14/04/2024 12:00,-13.1
14/04/2024 13:00,-26.97
14/04/2024 14:00,-35.65
14/04/2024 15:00,-39.95
14/04/2024 16:00,-6.25
14/04/2024 17:00,1.57
14/04/2024 18:00,43.37
14/04/2024 19:00,86.81
14/04/2024 20:00,123.75
14/04/2024 21:00,117
14/04/2024 22:00,64.83
14/04/2024 23:00,53.31
15/04/2024 0:00,47.75
15/04/2024 1:00,44.18
15/04/2024 2:00,41.3
15/04/2024 3:00,40
15/04/2024 4:00,39.31
15/04/2024 5:00,45.26
15/04/2024 6:00,46.8
15/04/2024 7:00,79.82
15/04/2024 8:00,56
15/04/2024 9:00,53.62
15/04/2024 10:00,10.16
15/04/2024 11:00,26.77
15/04/2024 12:00,25.48
15/04/2024 13:00,20.85
15/04/2024 14:00,9.01
15/04/2024 15:00,6.6
15/04/2024 16:00,2.37
15/04/2024 17:00,26.8
15/04/2024 18:00,47.32
15/04/2024 19:00,54.02
15/04/2024 20:00,55.89
15/04/2024 21:00,51.67
15/04/2024 22:00,38.67
15/04/2024 23:00,25.06
16/04/2024 0:00,0.44
16/04/2024 1:00,0
16/04/2024 2:00,-0.23
16/04/2024 3:00,-0.27
16/04/2024 4:00,5.97
16/04/2024 5:00,12.97
16/04/2024 6:00,23.14
16/04/2024 7:00,46.75
16/04/2024 8:00,51.32
16/04/2024 9:00,42.89
16/04/2024 10:00,33.7
16/04/2024 11:00,27.75
16/04/2024 12:00,26.07
16/04/2024 13:00,16.2
16/04/2024 14:00,16.32
16/04/2024 15:00,18.44
16/04/2024 16:00,24.07
16/04/2024 17:00,49.32
16/04/2024 18:00,61.91
16/04/2024 19:00,80.69
16/04/2024 20:00,105
16/04/2024 21:00,80.7
16/04/2024 22:00,80.69
16/04/2024 23:00,81
17/04/2024 0:00,71.52
17/04/2024 1:00,68.01
17/04/2024 2:00,72.13
17/04/2024 3:00,67.5
17/04/2024 4:00,58.99
17/04/2024 5:00,63.96
17/04/2024 6:00,95.47
17/04/2024 7:00,150.37
17/04/2024 8:00,137.71
17/04/2024 9:00,100.8
17/04/2024 10:00,77.87
17/04/2024 11:00,74.13
17/04/2024 12:00,70.29
17/04/2024 13:00,67.08
17/04/2024 14:00,61.83
17/04/2024 15:00,60.36
17/04/2024 16:00,71.04
17/04/2024 17:00,72.32
17/04/2024 18:00,100.8
17/04/2024 19:00,124.37
17/04/2024 20:00,155.98
17/04/2024 21:00,126.32
17/04/2024 22:00,95.59
17/04/2024 23:00,84.11
18/04/2024 0:00,91.67
18/04/2024 1:00,85.71
18/04/2024 2:00,85.59
18/04/2024 3:00,83.66
18/04/2024 4:00,87.12
18/04/2024 5:00,87.36
18/04/2024 6:00,102.58
18/04/2024 7:00,143.95
18/04/2024 8:00,131.19
18/04/2024 9:00,101.12
18/04/2024 10:00,84.5
18/04/2024 11:00,71.19
18/04/2024 12:00,67.45
18/04/2024 13:00,67.05
18/04/2024 14:00,62.12
18/04/2024 15:00,55.75
18/04/2024 16:00,55.38
18/04/2024 17:00,61.5
18/04/2024 18:00,81.35
18/04/2024 19:00,121.52
18/04/2024 20:00,124.94
18/04/2024 21:00,102.7
18/04/2024 22:00,89.83
18/04/2024 23:00,78.29
19/04/2024 0:00,55.76
19/04/2024 1:00,36.33
19/04/2024 2:00,34.41
19/04/2024 3:00,34.78
19/04/2024 4:00,26.79
19/04/2024 5:00,31.81
19/04/2024 6:00,41.5
19/04/2024 7:00,59
19/04/2024 8:00,64.99
19/04/2024 9:00,52.64
19/04/2024 10:00,49.03
19/04/2024 11:00,45.58
19/04/2024 12:00,35.97
19/04/2024 13:00,43.1
19/04/2024 14:00,30.99
19/04/2024 15:00,32.28
19/04/2024 16:00,34.29
19/04/2024 17:00,22.39
19/04/2024 18:00,38.18
19/04/2024 19:00,45.6
19/04/2024 20:00,51.65
19/04/2024 21:00,52.73
19/04/2024 22:00,51.13
19/04/2024 23:00,50.07
20/04/2024 0:00,44.12
20/04/2024 1:00,36.35
20/04/2024 2:00,36.56
20/04/2024 3:00,36.28
20/04/2024 4:00,37.93
20/04/2024 5:00,37.75
20/04/2024 6:00,38.23
20/04/2024 7:00,40.79
20/04/2024 8:00,41.42
20/04/2024 9:00,35.4
20/04/2024 10:00,23.11
20/04/2024 11:00,13.68
20/04/2024 12:00,8.46
20/04/2024 13:00,1.87
20/04/2024 14:00,1.32
20/04/2024 15:00,3.06
20/04/2024 16:00,11.83
20/04/2024 17:00,21.04
20/04/2024 18:00,27.15
20/04/2024 19:00,38.58
20/04/2024 20:00,55
20/04/2024 21:00,53.29
20/04/2024 22:00,53.19
20/04/2024 23:00,63.31
21/04/2024 0:00,63.62
21/04/2024 1:00,53.11
21/04/2024 2:00,58.48
21/04/2024 3:00,53.77
21/04/2024 4:00,44.92
21/04/2024 5:00,41.3
21/04/2024 6:00,44.61
21/04/2024 7:00,35.1
21/04/2024 8:00,27.41
21/04/2024 9:00,24.41
21/04/2024 10:00,9.28
21/04/2024 11:00,-35
21/04/2024 12:00,-3.49
21/04/2024 13:00,-1.86
21/04/2024 14:00,-1.75
21/04/2024 15:00,-2.5
21/04/2024 16:00,0.61
21/04/2024 17:00,12.9
21/04/2024 18:00,31.07
21/04/2024 19:00,67.93
21/04/2024 20:00,69.99
21/04/2024 21:00,67.17
21/04/2024 22:00,65.63
21/04/2024 23:00,62.47
22/04/2024 0:00,58.01
22/04/2024 1:00,78.05
22/04/2024 2:00,78.44
22/04/2024 3:00,60.55
22/04/2024 4:00,56.13
22/04/2024 5:00,68.99
22/04/2024 6:00,96.24
22/04/2024 7:00,127.36
22/04/2024 8:00,117.46
22/04/2024 9:00,97.05
22/04/2024 10:00,61.24
22/04/2024 11:00,41.31
22/04/2024 12:00,51.76
22/04/2024 13:00,55.71
22/04/2024 14:00,39.17
22/04/2024 15:00,34.57
22/04/2024 16:00,39.16
22/04/2024 17:00,59.31
22/04/2024 18:00,92.66
22/04/2024 19:00,103.1
22/04/2024 20:00,122.42
22/04/2024 21:00,111.62
22/04/2024 22:00,101.34
22/04/2024 23:00,95.44
23/04/2024 0:00,88.32
23/04/2024 1:00,86.69
23/04/2024 2:00,85.95
23/04/2024 3:00,82.23
23/04/2024 4:00,79
23/04/2024 5:00,82.41
23/04/2024 6:00,108.38
23/04/2024 7:00,148.88
23/04/2024 8:00,136.28
23/04/2024 9:00,98.4
23/04/2024 10:00,82.78
23/04/2024 11:00,77.57
23/04/2024 12:00,76.5
23/04/2024 13:00,72
23/04/2024 14:00,78.62
23/04/2024 15:00,71.4
23/04/2024 16:00,71.67
23/04/2024 17:00,82.91
23/04/2024 18:00,91.36
23/04/2024 19:00,103.1
23/04/2024 20:00,104.2
23/04/2024 21:00,96.69
23/04/2024 22:00,96.51
23/04/2024 23:00,81.56
24/04/2024 0:00,75.39
24/04/2024 1:00,69.38
24/04/2024 2:00,71.19
24/04/2024 3:00,63.57
24/04/2024 4:00,60
24/04/2024 5:00,72.42
24/04/2024 6:00,82.3
24/04/2024 7:00,101.2
24/04/2024 8:00,107.19
24/04/2024 9:00,87.2
24/04/2024 10:00,68.35
24/04/2024 11:00,73.2
24/04/2024 12:00,76.17
24/04/2024 13:00,51.07
24/04/2024 14:00,46.02
24/04/2024 15:00,44.36
24/04/2024 16:00,33.82
24/04/2024 17:00,57.13
24/04/2024 18:00,65.77
24/04/2024 19:00,89.86
24/04/2024 20:00,108.15
24/04/2024 21:00,110
24/04/2024 22:00,99.54
24/04/2024 23:00,89.31
25/04/2024 0:00,83.5
25/04/2024 1:00,80
25/04/2024 2:00,77.38
25/04/2024 3:00,72.8
25/04/2024 4:00,70.07
25/04/2024 5:00,82.11
25/04/2024 6:00,90.46
25/04/2024 7:00,112.5
25/04/2024 8:00,108.34
25/04/2024 9:00,92.11
25/04/2024 10:00,80.01
25/04/2024 11:00,78.2
25/04/2024 12:00,73.92
25/04/2024 13:00,63.06
25/04/2024 14:00,59.29
25/04/2024 15:00,62.28
25/04/2024 16:00,66.48
25/04/2024 17:00,73.54
25/04/2024 18:00,91.99
25/04/2024 19:00,103.78
25/04/2024 20:00,119.8
25/04/2024 21:00,111.87
25/04/2024 22:00,91.35
25/04/2024 23:00,79.74
26/04/2024 0:00,79.87
26/04/2024 1:00,74
26/04/2024 2:00,71.41
26/04/2024 3:00,74.07
26/04/2024 4:00,77.1
26/04/2024 5:00,79.02
26/04/2024 6:00,92.78
26/04/2024 7:00,104.06
26/04/2024 8:00,96.06
26/04/2024 9:00,81.08
26/04/2024 10:00,80.84
26/04/2024 11:00,72.95
26/04/2024 12:00,70.35
26/04/2024 13:00,68.74
26/04/2024 14:00,65.37
26/04/2024 15:00,69.92
26/04/2024 16:00,71.23
26/04/2024 17:00,78.52
26/04/2024 18:00,87.15
26/04/2024 19:00,114.21
26/04/2024 20:00,114.78
26/04/2024 21:00,101.97
26/04/2024 22:00,87.53
26/04/2024 23:00,88.26
27/04/2024 0:00,89.3
27/04/2024 1:00,81.1
27/04/2024 2:00,76.51
27/04/2024 3:00,65.84
27/04/2024 4:00,62.4
27/04/2024 5:00,62.78
27/04/2024 6:00,64.92
27/04/2024 7:00,67.7
27/04/2024 8:00,58.73
27/04/2024 9:00,56.13
27/04/2024 10:00,36.02
27/04/2024 11:00,8.43
27/04/2024 12:00,0.03
27/04/2024 13:00,-0.02
27/04/2024 14:00,0
27/04/2024 15:00,0
27/04/2024 16:00,17.09
27/04/2024 17:00,48.8
27/04/2024 18:00,70
27/04/2024 19:00,81.05
27/04/2024 20:00,82.03
27/04/2024 21:00,75.1
27/04/2024 22:00,69.38
27/04/2024 23:00,61.92
28/04/2024 0:00,56.39
28/04/2024 1:00,43.14
28/04/2024 2:00,39.6
28/04/2024 3:00,27.15
28/04/2024 4:00,18.46
28/04/2024 5:00,18.74
28/04/2024 6:00,9.92
28/04/2024 7:00,0.1
28/04/2024 8:00,-0.07
28/04/2024 9:00,-1.02
28/04/2024 10:00,-16.63
28/04/2024 11:00,-36.73
28/04/2024 12:00,-59.78
28/04/2024 13:00,-62.16
28/04/2024 14:00,-65.06
28/04/2024 15:00,-52.43
28/04/2024 16:00,-23.4
28/04/2024 17:00,-0.02
28/04/2024 18:00,22.48
28/04/2024 19:00,62.4
28/04/2024 20:00,71.07
28/04/2024 21:00,78.56
28/04/2024 22:00,72.21
28/04/2024 23:00,66.94
29/04/2024 0:00,63.15
29/04/2024 1:00,60.05
29/04/2024 2:00,58.93
29/04/2024 3:00,60.42
29/04/2024 4:00,64.99
29/04/2024 5:00,70.09
29/04/2024 6:00,81.25
29/04/2024 7:00,109.08
29/04/2024 8:00,100.3
29/04/2024 9:00,74.82
29/04/2024 10:00,58.78
29/04/2024 11:00,36.42
29/04/2024 12:00,36.91
29/04/2024 13:00,41.37
29/04/2024 14:00,33.63
29/04/2024 15:00,35.51
29/04/2024 16:00,47.68
29/04/2024 17:00,69.21
29/04/2024 18:00,82.5
29/04/2024 19:00,112.69
29/04/2024 20:00,145.79
29/04/2024 21:00,103.23
29/04/2024 22:00,85.6
29/04/2024 23:00,75.75
30/04/2024 0:00,74.25
30/04/2024 1:00,63.92
30/04/2024 2:00,65.19
30/04/2024 3:00,69.44
30/04/2024 4:00,67.53
30/04/2024 5:00,77.99
30/04/2024 6:00,90.39
30/04/2024 7:00,100.73
30/04/2024 8:00,90.19
30/04/2024 9:00,75
30/04/2024 10:00,61.61
30/04/2024 11:00,44.89
30/04/2024 12:00,28.22
30/04/2024 13:00,14.51
30/04/2024 14:00,16.93
30/04/2024 15:00,19.14
30/04/2024 16:00,37.28
30/04/2024 17:00,56.64
30/04/2024 18:00,86.2
30/04/2024 19:00,100.62
30/04/2024 20:00,110.89
30/04/2024 21:00,87.02
30/04/2024 22:00,75.39
30/04/2024 23:00,77.51
01/05/2024 0:00,58
01/05/2024 1:00,54.28
01/05/2024 2:00,46.74
01/05/2024 3:00,44.1
01/05/2024 4:00,41
01/05/2024 5:00,42.13
01/05/2024 6:00,43.51
01/05/2024 7:00,42.07
01/05/2024 8:00,27.32
01/05/2024 9:00,6.33
01/05/2024 10:00,-0.73
01/05/2024 11:00,-43.43
01/05/2024 12:00,-99.65
01/05/2024 13:00,-106.27
01/05/2024 14:00,-123.18
01/05/2024 15:00,-84.96
01/05/2024 16:00,-30.23
01/05/2024 17:00,0.21
01/05/2024 18:00,29.61
01/05/2024 19:00,62.51
01/05/2024 20:00,63.69
01/05/2024 21:00,55.5
01/05/2024 22:00,48.55
01/05/2024 23:00,38.21
02/05/2024 0:00,25.25
02/05/2024 1:00,20.37
02/05/2024 2:00,16.84
02/05/2024 3:00,15.31
02/05/2024 4:00,14.87
02/05/2024 5:00,24.14
02/05/2024 6:00,50.08
02/05/2024 7:00,61.41
02/05/2024 8:00,57.78
02/05/2024 9:00,31.45
02/05/2024 10:00,14.12
02/05/2024 11:00,11.46
02/05/2024 12:00,12.41
02/05/2024 13:00,3.07
02/05/2024 14:00,-0.01
02/05/2024 15:00,0.09
02/05/2024 16:00,5.17
02/05/2024 17:00,37.04
02/05/2024 18:00,52.28
02/05/2024 19:00,63.48
02/05/2024 20:00,74.3
02/05/2024 21:00,76.66
02/05/2024 22:00,67.04
02/05/2024 23:00,60.74
03/05/2024 0:00,53.48
03/05/2024 1:00,55
03/05/2024 2:00,50.97
03/05/2024 3:00,47
03/05/2024 4:00,39.11
03/05/2024 5:00,43.77
03/05/2024 6:00,54.35
03/05/2024 7:00,65.98
03/05/2024 8:00,68.26
03/05/2024 9:00,66.74
03/05/2024 10:00,50.8
03/05/2024 11:00,46.96
03/05/2024 12:00,40.11
03/05/2024 13:00,38.66
03/05/2024 14:00,39.64
03/05/2024 15:00,37.44
03/05/2024 16:00,36.15
03/05/2024 17:00,40.46
03/05/2024 18:00,51
03/05/2024 19:00,64.6
03/05/2024 20:00,72.3
03/05/2024 21:00,90
03/05/2024 22:00,73.18
03/05/2024 23:00,71.63
04/05/2024 0:00,74.91
04/05/2024 1:00,59.21
04/05/2024 2:00,51.76
04/05/2024 3:00,47.17
04/05/2024 4:00,45.98
04/05/2024 5:00,51.91
04/05/2024 6:00,50.57
04/05/2024 7:00,53.28
04/05/2024 8:00,58.55
04/05/2024 9:00,58.54
04/05/2024 10:00,41.17
04/05/2024 11:00,31.14
04/05/2024 12:00,24.8
04/05/2024 13:00,14.47
04/05/2024 14:00,13.33
04/05/2024 15:00,26.1
04/05/2024 16:00,45.53
04/05/2024 17:00,77.6
04/05/2024 18:00,82.2
04/05/2024 19:00,90.64
04/05/2024 20:00,102.87
04/05/2024 21:00,70
04/05/2024 22:00,80.57
04/05/2024 23:00,84.66
05/05/2024 0:00,94.59
05/05/2024 1:00,89.58
05/05/2024 2:00,87.4
05/05/2024 3:00,85.01
05/05/2024 4:00,83.6
05/05/2024 5:00,87.21
05/05/2024 6:00,79.6
05/05/2024 7:00,54.17
05/05/2024 8:00,41.06
05/05/2024 9:00,26.15
05/05/2024 10:00,8.81
05/05/2024 11:00,0.44
05/05/2024 12:00,0
05/05/2024 13:00,-0.04
05/05/2024 14:00,-0.97
05/05/2024 15:00,-0.1
05/05/2024 16:00,0
05/05/2024 17:00,32
05/05/2024 18:00,89.66
05/05/2024 19:00,99.38
05/05/2024 20:00,116.3
05/05/2024 21:00,111.5
05/05/2024 22:00,102.82
05/05/2024 23:00,91.39
06/05/2024 0:00,82.86
06/05/2024 1:00,80.57
06/05/2024 2:00,81.76
06/05/2024 3:00,81.18
06/05/2024 4:00,73.23
06/05/2024 5:00,71.9
06/05/2024 6:00,108.87
06/05/2024 7:00,122
06/05/2024 8:00,101.49
06/05/2024 9:00,89.25
06/05/2024 10:00,82.44
06/05/2024 11:00,78.73
06/05/2024 12:00,80
06/05/2024 13:00,77.25
06/05/2024 14:00,76.8
06/05/2024 15:00,82.4
06/05/2024 16:00,70
06/05/2024 17:00,90.6
06/05/2024 18:00,109.71
06/05/2024 19:00,119.1
06/05/2024 20:00,104
06/05/2024 21:00,108.4
06/05/2024 22:00,94.12
06/05/2024 23:00,84.42
07/05/2024 0:00,81.73
07/05/2024 1:00,79.24
07/05/2024 2:00,76.69
07/05/2024 3:00,80.54
07/05/2024 4:00,80.69
07/05/2024 5:00,74.29
07/05/2024 6:00,85.14
07/05/2024 7:00,107.86
07/05/2024 8:00,112.66
07/05/2024 9:00,91.75
07/05/2024 10:00,83.54
07/05/2024 11:00,71.7
07/05/2024 12:00,65.34
07/05/2024 13:00,57.8
07/05/2024 14:00,52.12
07/05/2024 15:00,55.65
07/05/2024 16:00,52.89
07/05/2024 17:00,60.32
07/05/2024 18:00,79.37
07/05/2024 19:00,88.93
07/05/2024 20:00,93.59
07/05/2024 21:00,108.21
07/05/2024 22:00,91.62
07/05/2024 23:00,81.27
08/05/2024 0:00,85.44
08/05/2024 1:00,82.48
08/05/2024 2:00,82.2
08/05/2024 3:00,74.38
08/05/2024 4:00,60.57
08/05/2024 5:00,46.21
08/05/2024 6:00,91.9
08/05/2024 7:00,105.6
08/05/2024 8:00,112.02
08/05/2024 9:00,94.47
08/05/2024 10:00,87.2
08/05/2024 11:00,81.31
08/05/2024 12:00,62.92
08/05/2024 13:00,58.73
08/05/2024 14:00,32.77
08/05/2024 15:00,56.71
08/05/2024 16:00,32.03
08/05/2024 17:00,36.59
08/05/2024 18:00,46.13
08/05/2024 19:00,87.36
08/05/2024 20:00,122.4
08/05/2024 21:00,117.8
08/05/2024 22:00,90.02
08/05/2024 23:00,89.6
09/05/2024 0:00,74.74
09/05/2024 1:00,74.26
09/05/2024 2:00,74.74
09/05/2024 3:00,66.15
09/05/2024 4:00,42.95
09/05/2024 5:00,43.18
09/05/2024 6:00,60.67
09/05/2024 7:00,72.91
09/05/2024 8:00,41.9
09/05/2024 9:00,23.54
09/05/2024 10:00,5.55
09/05/2024 11:00,-0.08
09/05/2024 12:00,-0.44
09/05/2024 13:00,-0.94
09/05/2024 14:00,-1.59
09/05/2024 15:00,-0.46
09/05/2024 16:00,1.09
09/05/2024 17:00,27.97
09/05/2024 18:00,39.64
09/05/2024 19:00,65
09/05/2024 20:00,84.83
09/05/2024 21:00,83.93
09/05/2024 22:00,67.57
09/05/2024 23:00,77.76
10/05/2024 0:00,86.33
10/05/2024 1:00,80.13
10/05/2024 2:00,78.21
10/05/2024 3:00,74.41
10/05/2024 4:00,75.26
10/05/2024 5:00,68.21
10/05/2024 6:00,54.31
10/05/2024 7:00,61.66
10/05/2024 8:00,76.76
10/05/2024 9:00,39.2
10/05/2024 10:00,15.43
10/05/2024 11:00,3.02
10/05/2024 12:00,0.71
10/05/2024 13:00,0.22
10/05/2024 14:00,0.2
10/05/2024 15:00,8.36
10/05/2024 16:00,27.17
10/05/2024 17:00,36.93
10/05/2024 18:00,44.68
10/05/2024 19:00,61.85
10/05/2024 20:00,95.12
10/05/2024 21:00,92.03
10/05/2024 22:00,79.56
10/05/2024 23:00,65.64
11/05/2024 0:00,55.6
11/05/2024 1:00,45.88
11/05/2024 2:00,43.2
11/05/2024 3:00,49.07
11/05/2024 4:00,41.97
11/05/2024 5:00,41.67
11/05/2024 6:00,50.9
11/05/2024 7:00,37.2
11/05/2024 8:00,28.57
11/05/2024 9:00,6.55
11/05/2024 10:00,0
11/05/2024 11:00,-10.58
11/05/2024 12:00,-20.36
11/05/2024 13:00,-30
11/05/2024 14:00,-26.97
11/05/2024 15:00,-13.28
11/05/2024 16:00,-0.41
11/05/2024 17:00,13.15
11/05/2024 18:00,34.34
11/05/2024 19:00,43.76
11/05/2024 20:00,66.47
11/05/2024 21:00,54.44
11/05/2024 22:00,54.89
11/05/2024 23:00,51.2
12/05/2024 0:00,46.8
12/05/2024 1:00,32.08
12/05/2024 2:00,31.69
12/05/2024 3:00,26.26
12/05/2024 4:00,24.55
12/05/2024 5:00,20.88
12/05/2024 6:00,17.61
12/05/2024 7:00,4.79
12/05/2024 8:00,2.35
12/05/2024 9:00,-2.79
12/05/2024 10:00,-24.93
12/05/2024 11:00,-111.07
12/05/2024 12:00,-119.86
12/05/2024 13:00,-138.76
12/05/2024 14:00,-134.89
12/05/2024 15:00,-85.56
12/05/2024 16:00,-29.02
12/05/2024 17:00,-0.74
12/05/2024 18:00,22.42
12/05/2024 19:00,50.96
12/05/2024 20:00,79.05
12/05/2024 21:00,60.43
12/05/2024 22:00,47.62
12/05/2024 23:00,38.22
13/05/2024 0:00,27.51
13/05/2024 1:00,26.44
13/05/2024 2:00,26.08
13/05/2024 3:00,25.11
13/05/2024 4:00,27.56
13/05/2024 5:00,41.6
13/05/2024 6:00,56.8
13/05/2024 7:00,77.6
13/05/2024 8:00,85.75
13/05/2024 9:00,45.32
13/05/2024 10:00,11.7
13/05/2024 11:00,0.24
13/05/2024 12:00,-1.22
13/05/2024 13:00,-1.01
13/05/2024 14:00,-1.1
13/05/2024 15:00,0.13
13/05/2024 16:00,1.69
13/05/2024 17:00,70.14
13/05/2024 18:00,100.68
13/05/2024 19:00,132.4
13/05/2024 20:00,135.9
13/05/2024 21:00,102.77
13/05/2024 22:00,90
13/05/2024 23:00,65.55
14/05/2024 0:00,65.3
14/05/2024 1:00,57.9
14/05/2024 2:00,47.5
14/05/2024 3:00,45.4
14/05/2024 4:00,40.45
14/05/2024 5:00,20.7
14/05/2024 6:00,59.7
14/05/2024 7:00,42.24
14/05/2024 8:00,42.78
14/05/2024 9:00,6.25
14/05/2024 10:00,-1.37
14/05/2024 11:00,-4.43
14/05/2024 12:00,-25.06
14/05/2024 13:00,-25.33
14/05/2024 14:00,-27.54
14/05/2024 15:00,-9.31
14/05/2024 16:00,-1.75
14/05/2024 17:00,2.82
14/05/2024 18:00,63.78
14/05/2024 19:00,109
14/05/2024 20:00,130.14
14/05/2024 21:00,104.66
14/05/2024 22:00,67.85
14/05/2024 23:00,59
15/05/2024 0:00,57.8
15/05/2024 1:00,48.18
15/05/2024 2:00,48.99
15/05/2024 3:00,46.95
15/05/2024 4:00,46.46
15/05/2024 5:00,53.22
15/05/2024 6:00,71.76
15/05/2024 7:00,74.98
15/05/2024 8:00,70.22
15/05/2024 9:00,40.34
15/05/2024 10:00,9.78
15/05/2024 11:00,11.51
15/05/2024 12:00,9.25
15/05/2024 13:00,7.85
15/05/2024 14:00,7.32
15/05/2024 15:00,7.21
15/05/2024 16:00,8.66
15/05/2024 17:00,46.87
15/05/2024 18:00,72.5
15/05/2024 19:00,102.21
15/05/2024 20:00,119
15/05/2024 21:00,107.28
15/05/2024 22:00,73.39
15/05/2024 23:00,62.34
16/05/2024 0:00,68.41
16/05/2024 1:00,59.39
16/05/2024 2:00,50.11
16/05/2024 3:00,64.98
16/05/2024 4:00,49.29
16/05/2024 5:00,52.73
16/05/2024 6:00,81.07
16/05/2024 7:00,82.43
16/05/2024 8:00,83.63
16/05/2024 9:00,70.54
16/05/2024 10:00,32.62
16/05/2024 11:00,11.04
16/05/2024 12:00,6.48
16/05/2024 13:00,1.36
16/05/2024 14:00,2.42
16/05/2024 15:00,4.06
16/05/2024 16:00,25.77
16/05/2024 17:00,54.85
16/05/2024 18:00,68.9
16/05/2024 19:00,89.21
16/05/2024 20:00,111.23
16/05/2024 21:00,96.7
16/05/2024 22:00,83.09
16/05/2024 23:00,70.82
17/05/2024 0:00,79.25
17/05/2024 1:00,64.99
17/05/2024 2:00,64.37
17/05/2024 3:00,63.71
17/05/2024 4:00,65.42
17/05/2024 5:00,64.78
17/05/2024 6:00,86.4
17/05/2024 7:00,99.23
17/05/2024 8:00,95.61
17/05/2024 9:00,77.78
17/05/2024 10:00,64.14
17/05/2024 11:00,53.39
17/05/2024 12:00,38.23
17/05/2024 13:00,29.32
17/05/2024 14:00,33.35
17/05/2024 15:00,38.72
17/05/2024 16:00,54.8
17/05/2024 17:00,65
17/05/2024 18:00,97.72
17/05/2024 19:00,101.52
17/05/2024 20:00,101.58
17/05/2024 21:00,103.62
17/05/2024 22:00,90.15
17/05/2024 23:00,83.75
18/05/2024 0:00,72.92
18/05/2024 1:00,63.61
18/05/2024 2:00,58.11
18/05/2024 3:00,55.54
18/05/2024 4:00,53.66
18/05/2024 5:00,59.44
18/05/2024 6:00,60.07
18/05/2024 7:00,60.25
18/05/2024 8:00,54.59
18/05/2024 9:00,39.58
18/05/2024 10:00,9.43
18/05/2024 11:00,0.71
18/05/2024 12:00,-0.02
18/05/2024 13:00,-1.28
18/05/2024 14:00,-2.76
18/05/2024 15:00,-1.86
18/05/2024 16:00,-0.02
18/05/2024 17:00,37.48
18/05/2024 18:00,61.95
18/05/2024 19:00,58.66
18/05/2024 20:00,72.52
18/05/2024 21:00,62.74
18/05/2024 22:00,83.84
18/05/2024 23:00,86.86
19/05/2024 0:00,90
19/05/2024 1:00,60.22
19/05/2024 2:00,66.26
19/05/2024 3:00,64.15
19/05/2024 4:00,59.01
19/05/2024 5:00,55
19/05/2024 6:00,55.29
19/05/2024 7:00,55.97
19/05/2024 8:00,50.82
19/05/2024 9:00,6.13
19/05/2024 10:00,-1.19
19/05/2024 11:00,-18.95
19/05/2024 12:00,-25.45
19/05/2024 13:00,-34.32
19/05/2024 14:00,-35.96
19/05/2024 15:00,-24.43
19/05/2024 16:00,-7.5
19/05/2024 17:00,-0.11
19/05/2024 18:00,25.59
19/05/2024 19:00,42.75
19/05/2024 20:00,57.61
19/05/2024 21:00,62.56
19/05/2024 22:00,61.93
19/05/2024 23:00,60.26
20/05/2024 0:00,68.3
20/05/2024 1:00,64.22
20/05/2024 2:00,39.36
20/05/2024 3:00,35.4
20/05/2024 4:00,36.71
20/05/2024 5:00,42.37
20/05/2024 6:00,44.71
20/05/2024 7:00,47.5
20/05/2024 8:00,44.2
20/05/2024 9:00,25.53
20/05/2024 10:00,12.87
20/05/2024 11:00,6.98
20/05/2024 12:00,2.62
20/05/2024 13:00,0.36
20/05/2024 14:00,0.12
20/05/2024 15:00,-0.15
20/05/2024 16:00,5.56
20/05/2024 17:00,48.89
20/05/2024 18:00,38.92
20/05/2024 19:00,60.83
20/05/2024 20:00,74.66
20/05/2024 21:00,75
20/05/2024 22:00,73.08
20/05/2024 23:00,80
21/05/2024 0:00,92.47
21/05/2024 1:00,80
21/05/2024 2:00,60.83
21/05/2024 3:00,62.07
21/05/2024 4:00,67.86
21/05/2024 5:00,81.22
21/05/2024 6:00,82.84
21/05/2024 7:00,94.51
21/05/2024 8:00,85.17
21/05/2024 9:00,71.94
21/05/2024 10:00,57.72
21/05/2024 11:00,45.53
21/05/2024 12:00,26.83
21/05/2024 13:00,28.06
21/05/2024 14:00,51.43
21/05/2024 15:00,54.17
21/05/2024 16:00,61.55
21/05/2024 17:00,70.83
21/05/2024 18:00,99.3
21/05/2024 19:00,109.4
21/05/2024 20:00,109.8
21/05/2024 21:00,93.05
21/05/2024 22:00,85.49
21/05/2024 23:00,73.24
22/05/2024 0:00,71.82
22/05/2024 1:00,82.12
22/05/2024 2:00,75.97
22/05/2024 3:00,66.95
22/05/2024 4:00,74.25
22/05/2024 5:00,70.09
22/05/2024 6:00,52.54
22/05/2024 7:00,75.76
22/05/2024 8:00,87.2
22/05/2024 9:00,71.16
22/05/2024 10:00,59.11
22/05/2024 11:00,54.61
22/05/2024 12:00,20.82
22/05/2024 13:00,14.58
22/05/2024 14:00,-20
22/05/2024 15:00,-15.25
22/05/2024 16:00,-3.29
22/05/2024 17:00,27.48
22/05/2024 18:00,52.35
22/05/2024 19:00,65.99
22/05/2024 20:00,90
22/05/2024 21:00,68.81
22/05/2024 22:00,78.7
22/05/2024 23:00,70.75
23/05/2024 0:00,61.19
23/05/2024 1:00,49.92
23/05/2024 2:00,36.49
23/05/2024 3:00,43.27
23/05/2024 4:00,36.46
23/05/2024 5:00,47.39
23/05/2024 6:00,56.4
23/05/2024 7:00,91.34
23/05/2024 8:00,88.07
23/05/2024 9:00,73.13
23/05/2024 10:00,58.38
23/05/2024 11:00,58
23/05/2024 12:00,48.38
23/05/2024 13:00,42.91
23/05/2024 14:00,50.69
23/05/2024 15:00,57.5
23/05/2024 16:00,65.66
23/05/2024 17:00,56.72
23/05/2024 18:00,67.34
23/05/2024 19:00,97.68
23/05/2024 20:00,107.75
23/05/2024 21:00,114.26
23/05/2024 22:00,109.02
23/05/2024 23:00,95.22
24/05/2024 0:00,94.93
24/05/2024 1:00,86.18
24/05/2024 2:00,84
24/05/2024 3:00,87.3
24/05/2024 4:00,92.1
24/05/2024 5:00,92.1
24/05/2024 6:00,103.49
24/05/2024 7:00,114.74
24/05/2024 8:00,108.67
24/05/2024 9:00,99.29
24/05/2024 10:00,88.37
24/05/2024 11:00,80.61
24/05/2024 12:00,79.79
24/05/2024 13:00,77.2
24/05/2024 14:00,76.7
24/05/2024 15:00,81.25
24/05/2024 16:00,84.11
24/05/2024 17:00,94.26
24/05/2024 18:00,105.75
24/05/2024 19:00,118.66
24/05/2024 20:00,117.27
24/05/2024 21:00,115.86
24/05/2024 22:00,109.67
24/05/2024 23:00,99.84
25/05/2024 0:00,94.88
25/05/2024 1:00,90.27
25/05/2024 2:00,90.29
25/05/2024 3:00,89.66
25/05/2024 4:00,89.55
25/05/2024 5:00,79.53
25/05/2024 6:00,80.45
25/05/2024 7:00,81.16
25/05/2024 8:00,70.79
25/05/2024 9:00,69.18
25/05/2024 10:00,47.3
25/05/2024 11:00,9.34
25/05/2024 12:00,3.24
25/05/2024 13:00,0.04
25/05/2024 14:00,0
25/05/2024 15:00,0.02
25/05/2024 16:00,12.04
25/05/2024 17:00,58.26
25/05/2024 18:00,79.37
25/05/2024 19:00,94.57
25/05/2024 20:00,92.71
25/05/2024 21:00,113.8
25/05/2024 22:00,100
25/05/2024 23:00,94.57
26/05/2024 0:00,112
26/05/2024 1:00,76
26/05/2024 2:00,77.3
26/05/2024 3:00,65.1
26/05/2024 4:00,67
26/05/2024 5:00,66
26/05/2024 6:00,55.24
26/05/2024 7:00,50.59
26/05/2024 8:00,13.25
26/05/2024 9:00,0.02
26/05/2024 10:00,0
26/05/2024 11:00,-0.09
26/05/2024 12:00,-2.12
26/05/2024 13:00,-10.64
26/05/2024 14:00,-23.85
26/05/2024 15:00,-9.9
26/05/2024 16:00,-0.6
26/05/2024 17:00,29.72
26/05/2024 18:00,49.59
26/05/2024 19:00,87.5
26/05/2024 20:00,80
26/05/2024 21:00,98.8
26/05/2024 22:00,91.5
26/05/2024 23:00,87.5
27/05/2024 0:00,64.94
27/05/2024 1:00,64.96
27/05/2024 2:00,64.02
27/05/2024 3:00,63.97
27/05/2024 4:00,65.77
27/05/2024 5:00,71.4
27/05/2024 6:00,86.38
27/05/2024 7:00,99.38
27/05/2024 8:00,93.55
27/05/2024 9:00,81.88
27/05/2024 10:00,74.74
27/05/2024 11:00,71.72
27/05/2024 12:00,65.71
27/05/2024 13:00,62.15
27/05/2024 14:00,60.39
27/05/2024 15:00,61.88
27/05/2024 16:00,65.07
27/05/2024 17:00,77.75
27/05/2024 18:00,93.27
27/05/2024 19:00,124.65
27/05/2024 20:00,147.15
27/05/2024 21:00,123.48
27/05/2024 22:00,104.13
27/05/2024 23:00,86.11
28/05/2024 0:00,80.65
28/05/2024 1:00,90
28/05/2024 2:00,71.16
28/05/2024 3:00,82
28/05/2024 4:00,84.5
28/05/2024 5:00,70
28/05/2024 6:00,83.98
28/05/2024 7:00,96.26
28/05/2024 8:00,86.85
28/05/2024 9:00,72.72
28/05/2024 10:00,61.29
28/05/2024 11:00,51.62
28/05/2024 12:00,45.47
28/05/2024 13:00,41.15
28/05/2024 14:00,41.26
28/05/2024 15:00,48.87
28/05/2024 16:00,54.39
28/05/2024 17:00,65.46
28/05/2024 18:00,78.62
28/05/2024 19:00,69.62
28/05/2024 20:00,76.17
28/05/2024 21:00,96.44
28/05/2024 22:00,83.76
28/05/2024 23:00,73.7
29/05/2024 0:00,65.41
29/05/2024 1:00,50.96
29/05/2024 2:00,46.72
29/05/2024 3:00,41.35
29/05/2024 4:00,38.49
29/05/2024 5:00,40.71
29/05/2024 6:00,59.94
29/05/2024 7:00,76.93
29/05/2024 8:00,81.6
29/05/2024 9:00,61.31
29/05/2024 10:00,54.82
29/05/2024 11:00,47.91
29/05/2024 12:00,45.56
29/05/2024 13:00,45.51
29/05/2024 14:00,45.03
29/05/2024 15:00,50.42
29/05/2024 16:00,56.93
29/05/2024 17:00,50.51
29/05/2024 18:00,78
29/05/2024 19:00,92.01
29/05/2024 20:00,80.74
29/05/2024 21:00,97.97
29/05/2024 22:00,90.17
29/05/2024 23:00,104.64
30/05/2024 0:00,79.08
30/05/2024 1:00,73.67
30/05/2024 2:00,53.88
30/05/2024 3:00,61.93
30/05/2024 4:00,44.62
30/05/2024 5:00,43.02
30/05/2024 6:00,65
30/05/2024 7:00,90.28
30/05/2024 8:00,82.41
30/05/2024 9:00,76.77
30/05/2024 10:00,65.45
30/05/2024 11:00,59.96
30/05/2024 12:00,53.06
30/05/2024 13:00,45.9
30/05/2024 14:00,46.41
30/05/2024 15:00,49.76
30/05/2024 16:00,61.41
30/05/2024 17:00,65.91
30/05/2024 18:00,83.77
30/05/2024 19:00,106
30/05/2024 20:00,122.55
30/05/2024 21:00,113.9
30/05/2024 22:00,92.12
30/05/2024 23:00,83.42
31/05/2024 0:00,50.98
31/05/2024 1:00,53.17
31/05/2024 2:00,33.02
31/05/2024 3:00,53.17
31/05/2024 4:00,55.27
31/05/2024 5:00,36.73
31/05/2024 6:00,52
31/05/2024 7:00,82.21
31/05/2024 8:00,81.3
31/05/2024 9:00,75.9
31/05/2024 10:00,69.28
31/05/2024 11:00,65.27
31/05/2024 12:00,56.11
31/05/2024 13:00,50.42
31/05/2024 14:00,46.52
31/05/2024 15:00,42.99
31/05/2024 16:00,46.3
31/05/2024 17:00,57.84
31/05/2024 18:00,69.78
31/05/2024 19:00,82.22
31/05/2024 20:00,81.69
31/05/2024 21:00,69.88
31/05/2024 22:00,72.1
31/05/2024 23:00,64.23
01/06/2024 0:00,56.82
01/06/2024 1:00,56.35
01/06/2024 2:00,34.39
01/06/2024 3:00,50.77
01/06/2024 4:00,29.48
01/06/2024 5:00,31.95
01/06/2024 6:00,32.12
01/06/2024 7:00,34.15
01/06/2024 8:00,53.41
01/06/2024 9:00,45.31
01/06/2024 10:00,33.11
01/06/2024 11:00,29.46
01/06/2024 12:00,14.94
01/06/2024 13:00,5.18
01/06/2024 14:00,-0.07
01/06/2024 15:00,-0.21
01/06/2024 16:00,8.92
01/06/2024 17:00,36.6
01/06/2024 18:00,47.69
01/06/2024 19:00,56.34
01/06/2024 20:00,56.68
01/06/2024 21:00,53.84
01/06/2024 22:00,55.53
01/06/2024 23:00,51.52
02/06/2024 0:00,29.17
02/06/2024 1:00,21.39
02/06/2024 2:00,11.66
02/06/2024 3:00,5.66
02/06/2024 4:00,8.8
02/06/2024 5:00,5.2
02/06/2024 6:00,4.91
02/06/2024 7:00,4.11
02/06/2024 8:00,0.97
02/06/2024 9:00,-0.02
02/06/2024 10:00,-3.27
02/06/2024 11:00,-7.94
02/06/2024 12:00,-14
02/06/2024 13:00,-27.46
02/06/2024 14:00,-40.61
02/06/2024 15:00,-76.89
02/06/2024 16:00,-20
02/06/2024 17:00,-1.17
02/06/2024 18:00,9.72
02/06/2024 19:00,49.58
02/06/2024 20:00,63.44
02/06/2024 21:00,91.46
02/06/2024 22:00,85.82
02/06/2024 23:00,78.3
03/06/2024 0:00,75.58
03/06/2024 1:00,70.36
03/06/2024 2:00,75.38
03/06/2024 3:00,67.08
03/06/2024 4:00,64.49
03/06/2024 5:00,72.87
03/06/2024 6:00,99.93
03/06/2024 7:00,140.01
03/06/2024 8:00,129.42
03/06/2024 9:00,99.42
03/06/2024 10:00,77.5
03/06/2024 11:00,68.4
03/06/2024 12:00,60.53
03/06/2024 13:00,53.72
03/06/2024 14:00,48
03/06/2024 15:00,50.49
03/06/2024 16:00,55.27
03/06/2024 17:00,77.8
03/06/2024 18:00,100.68
03/06/2024 19:00,138.3
03/06/2024 20:00,167.56
03/06/2024 21:00,155.38
03/06/2024 22:00,125.48
03/06/2024 23:00,99.58
04/06/2024 0:00,104.55
04/06/2024 1:00,96.28
04/06/2024 2:00,89.49
04/06/2024 3:00,78
04/06/2024 4:00,73.33
04/06/2024 5:00,87.7
04/06/2024 6:00,135.89
04/06/2024 7:00,142.98
04/06/2024 8:00,132.15
04/06/2024 9:00,105.1
04/06/2024 10:00,85.21
04/06/2024 11:00,66.71
04/06/2024 12:00,57.5
04/06/2024 13:00,42.91
04/06/2024 14:00,30.94
04/06/2024 15:00,33.4
04/06/2024 16:00,42.77
04/06/2024 17:00,53.93
04/06/2024 18:00,83.49
04/06/2024 19:00,116.1
04/06/2024 20:00,142.59
04/06/2024 21:00,104.18
04/06/2024 22:00,89.75
04/06/2024 23:00,67.02
05/06/2024 0:00,58.09
05/06/2024 1:00,46.04
05/06/2024 2:00,46.64
05/06/2024 3:00,47.35
05/06/2024 4:00,49.24
05/06/2024 5:00,64.83
05/06/2024 6:00,84.71
05/06/2024 7:00,108.88
05/06/2024 8:00,91.41
05/06/2024 9:00,67.16
05/06/2024 10:00,48.88
05/06/2024 11:00,42.14
05/06/2024 12:00,33.36
05/06/2024 13:00,21.08
05/06/2024 14:00,17.93
05/06/2024 15:00,22.85
05/06/2024 16:00,43.05
05/06/2024 17:00,60.25
05/06/2024 18:00,87.49
05/06/2024 19:00,113.28
05/06/2024 20:00,132.29
05/06/2024 21:00,137.07
05/06/2024 22:00,125.9
05/06/2024 23:00,102.38
06/06/2024 0:00,83.63
06/06/2024 1:00,75.1
06/06/2024 2:00,71.47
06/06/2024 3:00,68.21
06/06/2024 4:00,75.12
06/06/2024 5:00,81.7
06/06/2024 6:00,105.02
06/06/2024 7:00,111.56
06/06/2024 8:00,93.17
06/06/2024 9:00,70.87
06/06/2024 10:00,57.8
06/06/2024 11:00,30.34
06/06/2024 12:00,25.52
06/06/2024 13:00,19.8
06/06/2024 14:00,19.2
06/06/2024 15:00,28.21
06/06/2024 16:00,49.57
06/06/2024 17:00,71.4
06/06/2024 18:00,90.16
06/06/2024 19:00,108.77
06/06/2024 20:00,138.83
06/06/2024 21:00,139.4
06/06/2024 22:00,117.91
06/06/2024 23:00,97.22
07/06/2024 0:00,95.44
07/06/2024 1:00,91.07
07/06/2024 2:00,90.69
07/06/2024 3:00,91.47
07/06/2024 4:00,92.56
07/06/2024 5:00,82
07/06/2024 6:00,87.83
07/06/2024 7:00,102.43
07/06/2024 8:00,95.67
07/06/2024 9:00,76.68
07/06/2024 10:00,57.26
07/06/2024 11:00,41.39
07/06/2024 12:00,33.91
07/06/2024 13:00,25.36
07/06/2024 14:00,17.83
07/06/2024 15:00,16.2
07/06/2024 16:00,27.29
07/06/2024 17:00,57.13
07/06/2024 18:00,78.33
07/06/2024 19:00,111.05
07/06/2024 20:00,119.55
07/06/2024 21:00,119.69
07/06/2024 22:00,108.24
07/06/2024 23:00,87.87
08/06/2024 0:00,91.48
08/06/2024 1:00,76.1
08/06/2024 2:00,68.74
08/06/2024 3:00,66.15
08/06/2024 4:00,59.76
08/06/2024 5:00,61.44
08/06/2024 6:00,62.06
08/06/2024 7:00,48.35
08/06/2024 8:00,36.52
08/06/2024 9:00,12.54
08/06/2024 10:00,0.06
08/06/2024 11:00,-2.23
08/06/2024 12:00,-9.79
08/06/2024 13:00,-22.77
08/06/2024 14:00,-29.07
08/06/2024 15:00,-19.8
08/06/2024 16:00,-7.13
08/06/2024 17:00,2.76
08/06/2024 18:00,43.31
08/06/2024 19:00,64.54
08/06/2024 20:00,89
08/06/2024 21:00,103.3
08/06/2024 22:00,112.79
08/06/2024 23:00,86.23
09/06/2024 0:00,65.97
09/06/2024 1:00,51.58
09/06/2024 2:00,34.61
09/06/2024 3:00,15.08
09/06/2024 4:00,17
09/06/2024 5:00,12.72
09/06/2024 6:00,9.51
09/06/2024 7:00,3.34
09/06/2024 8:00,0.07
09/06/2024 9:00,-1.95
09/06/2024 10:00,-7.43
09/06/2024 11:00,-15.79
09/06/2024 12:00,-46.28
09/06/2024 13:00,-58.97
09/06/2024 14:00,-53.99
09/06/2024 15:00,-28.64
09/06/2024 16:00,-5.21
09/06/2024 17:00,1.03
09/06/2024 18:00,38.68
09/06/2024 19:00,82.07
09/06/2024 20:00,94.57
09/06/2024 21:00,126.81
09/06/2024 22:00,121.51
09/06/2024 23:00,95.59
10/06/2024 0:00,76.6
10/06/2024 1:00,61.35
10/06/2024 2:00,53.67
10/06/2024 3:00,57.5
10/06/2024 4:00,54.12
10/06/2024 5:00,56.95
10/06/2024 6:00,63.82
10/06/2024 7:00,135.38
10/06/2024 8:00,123.18
10/06/2024 9:00,117.4
10/06/2024 10:00,82.96
10/06/2024 11:00,77.77
10/06/2024 12:00,68.26
10/06/2024 13:00,47.27
10/06/2024 14:00,35.21
10/06/2024 15:00,33.77
10/06/2024 16:00,36.28
10/06/2024 17:00,42.16
10/06/2024 18:00,60.99
10/06/2024 19:00,80.69
10/06/2024 20:00,75.77
10/06/2024 21:00,72.31
10/06/2024 22:00,87.09
10/06/2024 23:00,76.21
11/06/2024 0:00,60.93
11/06/2024 1:00,57.56
11/06/2024 2:00,60.06
11/06/2024 3:00,48.79
11/06/2024 4:00,45.96
11/06/2024 5:00,57.65
11/06/2024 6:00,63.94
11/06/2024 7:00,87.76
11/06/2024 8:00,85.85
11/06/2024 9:00,68.23
11/06/2024 10:00,48.17
11/06/2024 11:00,34.24
11/06/2024 12:00,14.91
11/06/2024 13:00,3.27
11/06/2024 14:00,2.16
11/06/2024 15:00,3.86
11/06/2024 16:00,14
11/06/2024 17:00,50.86
11/06/2024 18:00,62.88
11/06/2024 19:00,88.22
11/06/2024 20:00,101.61
11/06/2024 21:00,109.54
11/06/2024 22:00,96.25
11/06/2024 23:00,84.16
12/06/2024 0:00,67.79
12/06/2024 1:00,72
12/06/2024 2:00,79.81
12/06/2024 3:00,65
12/06/2024 4:00,69.69
12/06/2024 5:00,78.47
12/06/2024 6:00,96
12/06/2024 7:00,112.63
12/06/2024 8:00,98.7
12/06/2024 9:00,65.06
12/06/2024 10:00,50.57
12/06/2024 11:00,45.47
12/06/2024 12:00,34
12/06/2024 13:00,36.52
12/06/2024 14:00,36.67
12/06/2024 15:00,36.64
12/06/2024 16:00,48.84
12/06/2024 17:00,66.14
12/06/2024 18:00,83
12/06/2024 19:00,109.8
12/06/2024 20:00,115.84
12/06/2024 21:00,122.91
12/06/2024 22:00,110.02
12/06/2024 23:00,98.22
13/06/2024 0:00,98.98
13/06/2024 1:00,70.39
13/06/2024 2:00,67.8
13/06/2024 3:00,54.73
13/06/2024 4:00,50.14
13/06/2024 5:00,62.95
13/06/2024 6:00,81.6
13/06/2024 7:00,95.58
13/06/2024 8:00,98.07
13/06/2024 9:00,68.25
13/06/2024 10:00,50.06
13/06/2024 11:00,44.88
13/06/2024 12:00,38.78
13/06/2024 13:00,34.14
13/06/2024 14:00,31.61
13/06/2024 15:00,39.72
13/06/2024 16:00,35.23
13/06/2024 17:00,39.65
13/06/2024 18:00,81.25
13/06/2024 19:00,110.66
13/06/2024 20:00,106.65
13/06/2024 21:00,122.36
13/06/2024 22:00,94.19
13/06/2024 23:00,76.7
14/06/2024 0:00,58.74
14/06/2024 1:00,48.34
14/06/2024 2:00,44.15
14/06/2024 3:00,42.65
14/06/2024 4:00,39.99
14/06/2024 5:00,43.25
14/06/2024 6:00,60.37
14/06/2024 7:00,84.36
14/06/2024 8:00,91.5
14/06/2024 9:00,85.08
14/06/2024 10:00,61.8
14/06/2024 11:00,52.25
14/06/2024 12:00,44.47
14/06/2024 13:00,33.99
14/06/2024 14:00,29
14/06/2024 15:00,29.2
14/06/2024 16:00,39.46
14/06/2024 17:00,52.22
14/06/2024 18:00,64.64
14/06/2024 19:00,91.33
14/06/2024 20:00,128.57
14/06/2024 21:00,123.52
14/06/2024 22:00,97.91
14/06/2024 23:00,64.19
15/06/2024 0:00,110
15/06/2024 1:00,92.08
15/06/2024 2:00,77.72
15/06/2024 3:00,28.24
15/06/2024 4:00,-21.4
15/06/2024 5:00,-10.42
15/06/2024 6:00,1.54
15/06/2024 7:00,0.09
15/06/2024 8:00,0
15/06/2024 9:00,-0.06
15/06/2024 10:00,-10.08
15/06/2024 11:00,-28.95
15/06/2024 12:00,-44.82
15/06/2024 13:00,-65.47
15/06/2024 14:00,-80.02
15/06/2024 15:00,-56.1
15/06/2024 16:00,-28.89
15/06/2024 17:00,-3.77
15/06/2024 18:00,0
15/06/2024 19:00,14.82
15/06/2024 20:00,38.38
15/06/2024 21:00,39.2
15/06/2024 22:00,53.6
15/06/2024 23:00,41.04
16/06/2024 0:00,26.04
16/06/2024 1:00,10.93
16/06/2024 2:00,6
16/06/2024 3:00,4.01
16/06/2024 4:00,3.02
16/06/2024 5:00,2.96
16/06/2024 6:00,3.51
16/06/2024 7:00,0.47
16/06/2024 8:00,-0.02
16/06/2024 9:00,-1.27
16/06/2024 10:00,-10
16/06/2024 11:00,-13.34
16/06/2024 12:00,-20.01
16/06/2024 13:00,-30.01
16/06/2024 14:00,-35.68
16/06/2024 15:00,-29.04
16/06/2024 16:00,-9.86
16/06/2024 17:00,-1.32
16/06/2024 18:00,25.6
16/06/2024 19:00,45.18
16/06/2024 20:00,55.9
16/06/2024 21:00,69.47
16/06/2024 22:00,73.14
16/06/2024 23:00,65
17/06/2024 0:00,64.39
17/06/2024 1:00,56.7
17/06/2024 2:00,44.21
17/06/2024 3:00,47.25
17/06/2024 4:00,39.79
17/06/2024 5:00,55.79
17/06/2024 6:00,59.79
17/06/2024 7:00,81.9
17/06/2024 8:00,120.7
17/06/2024 9:00,85.23
17/06/2024 10:00,65
17/06/2024 11:00,40.27
17/06/2024 12:00,32.24
17/06/2024 13:00,30.69
17/06/2024 14:00,33.92
17/06/2024 15:00,39.73
17/06/2024 16:00,46.42
17/06/2024 17:00,67.55
17/06/2024 18:00,90.28
17/06/2024 19:00,123.7
17/06/2024 20:00,156.1
17/06/2024 21:00,140
17/06/2024 22:00,115
17/06/2024 23:00,105.5
18/06/2024 0:00,81.14
18/06/2024 1:00,80.05
18/06/2024 2:00,86.8
18/06/2024 3:00,80.24
18/06/2024 4:00,83.06
18/06/2024 5:00,93.97
18/06/2024 6:00,100.14
18/06/2024 7:00,103.95
18/06/2024 8:00,84.99
18/06/2024 9:00,91.24
18/06/2024 10:00,88.74
18/06/2024 11:00,78.89
18/06/2024 12:00,79.15
18/06/2024 13:00,97.76
18/06/2024 14:00,106.94
18/06/2024 15:00,103.05
18/06/2024 16:00,102.36
18/06/2024 17:00,98
18/06/2024 18:00,100.01
18/06/2024 19:00,129.24
18/06/2024 20:00,133.36
18/06/2024 21:00,96.18
18/06/2024 22:00,87.93
18/06/2024 23:00,82.12
19/06/2024 0:00,100.05
19/06/2024 1:00,88.02
19/06/2024 2:00,74.46
19/06/2024 3:00,70.71
19/06/2024 4:00,68.95
19/06/2024 5:00,70.7
19/06/2024 6:00,95.04
19/06/2024 7:00,109.5
19/06/2024 8:00,102.5
19/06/2024 9:00,78.4
19/06/2024 10:00,66.11
19/06/2024 11:00,60.2
19/06/2024 12:00,52.57
19/06/2024 13:00,38.14
19/06/2024 14:00,22.34
19/06/2024 15:00,13.2
19/06/2024 16:00,24.21
19/06/2024 17:00,60.29
19/06/2024 18:00,74.04
19/06/2024 19:00,97.77
19/06/2024 20:00,102.73
19/06/2024 21:00,119.37
19/06/2024 22:00,109.66
19/06/2024 23:00,93.34
20/06/2024 0:00,86.08
20/06/2024 1:00,83.79
20/06/2024 2:00,78.8
20/06/2024 3:00,79.1
20/06/2024 4:00,87.7
20/06/2024 5:00,88.85
20/06/2024 6:00,109.06
20/06/2024 7:00,112.46
20/06/2024 8:00,103
20/06/2024 9:00,81.38
20/06/2024 10:00,70.64
20/06/2024 11:00,61.11
20/06/2024 12:00,57.92
20/06/2024 13:00,56.32
20/06/2024 14:00,59.56
20/06/2024 15:00,66.83
20/06/2024 16:00,73.84
20/06/2024 17:00,83
20/06/2024 18:00,100.99
20/06/2024 19:00,124.3
20/06/2024 20:00,143
20/06/2024 21:00,128.31
20/06/2024 22:00,112.95
20/06/2024 23:00,95.46
21/06/2024 0:00,101.09
21/06/2024 1:00,90.96
21/06/2024 2:00,89.95
21/06/2024 3:00,87.19
21/06/2024 4:00,83.22
21/06/2024 5:00,84.78
21/06/2024 6:00,95.51
21/06/2024 7:00,119.45
21/06/2024 8:00,120.17
21/06/2024 9:00,111.95
21/06/2024 10:00,100.76
21/06/2024 11:00,89.89
21/06/2024 12:00,75.23
21/06/2024 13:00,75.36
21/06/2024 14:00,70.28
21/06/2024 15:00,68.47
21/06/2024 16:00,71.64
21/06/2024 17:00,85.46
21/06/2024 18:00,91.72
21/06/2024 19:00,103.24
21/06/2024 20:00,109.43
21/06/2024 21:00,105.14
21/06/2024 22:00,96.26
21/06/2024 23:00,82.76
22/06/2024 0:00,80.86
22/06/2024 1:00,70.19
22/06/2024 2:00,61.14
22/06/2024 3:00,50.16
22/06/2024 4:00,49.24
22/06/2024 5:00,46.2
22/06/2024 6:00,56.18
22/06/2024 7:00,48.56
22/06/2024 8:00,42.79
22/06/2024 9:00,34.65
22/06/2024 10:00,12.54
22/06/2024 11:00,3.59
22/06/2024 12:00,2.66
22/06/2024 13:00,0.03
22/06/2024 14:00,-0.01
22/06/2024 15:00,0.36
22/06/2024 16:00,4.74
22/06/2024 17:00,35.4
22/06/2024 18:00,71.52
22/06/2024 19:00,104.22
22/06/2024 20:00,95.32
22/06/2024 21:00,102.5
22/06/2024 22:00,112
22/06/2024 23:00,91.9
23/06/2024 0:00,102.3
23/06/2024 1:00,83.84
23/06/2024 2:00,93.22
23/06/2024 3:00,78.7
23/06/2024 4:00,81
23/06/2024 5:00,83.04
23/06/2024 6:00,79.7
23/06/2024 7:00,49.64
23/06/2024 8:00,16.73
23/06/2024 9:00,4.24
23/06/2024 10:00,0
23/06/2024 11:00,-0.05
23/06/2024 12:00,-0.1
23/06/2024 13:00,-1.02
23/06/2024 14:00,-2.2
23/06/2024 15:00,-2.03
23/06/2024 16:00,-0.19
23/06/2024 17:00,16.58
23/06/2024 18:00,58.23
23/06/2024 19:00,86.07
23/06/2024 20:00,90.54
23/06/2024 21:00,124
23/06/2024 22:00,120.9
23/06/2024 23:00,92.04
24/06/2024 0:00,81.99
24/06/2024 1:00,80
24/06/2024 2:00,79.5
24/06/2024 3:00,64.76
24/06/2024 4:00,70.4
24/06/2024 5:00,81.33
24/06/2024 6:00,96.99
24/06/2024 7:00,96.35
24/06/2024 8:00,95.23
24/06/2024 9:00,69.82
24/06/2024 10:00,48.14
24/06/2024 11:00,31.82
24/06/2024 12:00,31.01
24/06/2024 13:00,25.85
24/06/2024 14:00,20.86
24/06/2024 15:00,14.19
24/06/2024 16:00,41.12
24/06/2024 17:00,62.76
24/06/2024 18:00,89.52
24/06/2024 19:00,130.6
24/06/2024 20:00,139.49
24/06/2024 21:00,133.04
24/06/2024 22:00,114.86
24/06/2024 23:00,91.64
25/06/2024 0:00,88.8
25/06/2024 1:00,84.8
25/06/2024 2:00,84.78
25/06/2024 3:00,85.22
25/06/2024 4:00,85.5
25/06/2024 5:00,94.9
25/06/2024 6:00,114.8
25/06/2024 7:00,122
25/06/2024 8:00,103.8
25/06/2024 9:00,74.64
25/06/2024 10:00,35.69
25/06/2024 11:00,12.83
25/06/2024 12:00,-9.1
25/06/2024 13:00,-20
25/06/2024 14:00,-12.89
25/06/2024 15:00,9.5
25/06/2024 16:00,25
25/06/2024 17:00,35.02
25/06/2024 18:00,78.9
25/06/2024 19:00,107.74
25/06/2024 20:00,125.89
25/06/2024 21:00,122.09
25/06/2024 22:00,106.57
25/06/2024 23:00,89.95
26/06/2024 0:00,115.6
26/06/2024 1:00,101.88
26/06/2024 2:00,99
26/06/2024 3:00,106.8
26/06/2024 4:00,115
26/06/2024 5:00,99.5
26/06/2024 6:00,126
26/06/2024 7:00,132.84
26/06/2024 8:00,126.46
26/06/2024 9:00,109.94
26/06/2024 10:00,59.6
26/06/2024 11:00,-60
26/06/2024 12:00,-142
26/06/2024 13:00,-155
26/06/2024 14:00,-144
26/06/2024 15:00,0
26/06/2024 16:00,79.4
26/06/2024 17:00,97.12
26/06/2024 18:00,106.41
26/06/2024 19:00,141.33
26/06/2024 20:00,131.4
26/06/2024 21:00,205
26/06/2024 22:00,162
26/06/2024 23:00,138.2
27/06/2024 0:00,96
27/06/2024 1:00,86.91
27/06/2024 2:00,80.53
27/06/2024 3:00,71.8
27/06/2024 4:00,67.89
27/06/2024 5:00,71.6
27/06/2024 6:00,93.44
27/06/2024 7:00,116.98
27/06/2024 8:00,115
27/06/2024 9:00,88.89
27/06/2024 10:00,67.51
27/06/2024 11:00,52.27
27/06/2024 12:00,37.28
27/06/2024 13:00,22.13
27/06/2024 14:00,13.19
27/06/2024 15:00,0
27/06/2024 16:00,18.07
27/06/2024 17:00,38.25
27/06/2024 18:00,67.7
27/06/2024 19:00,87.77
27/06/2024 20:00,122.74
27/06/2024 21:00,115.43
27/06/2024 22:00,102.06
27/06/2024 23:00,86.16
28/06/2024 0:00,52.72
28/06/2024 1:00,51.08
28/06/2024 2:00,44.32
28/06/2024 3:00,40.2
28/06/2024 4:00,39.71
28/06/2024 5:00,42.25
28/06/2024 6:00,55.55
28/06/2024 7:00,58.33
28/06/2024 8:00,59.38
28/06/2024 9:00,21.01
28/06/2024 10:00,-3.58
28/06/2024 11:00,-9.93
28/06/2024 12:00,-10
28/06/2024 13:00,-7.98
28/06/2024 14:00,-10.52
28/06/2024 15:00,-7.08
28/06/2024 16:00,-2.9
28/06/2024 17:00,5.99
28/06/2024 18:00,46.02
28/06/2024 19:00,87.32
28/06/2024 20:00,101.29
28/06/2024 21:00,120.51
28/06/2024 22:00,119.31
28/06/2024 23:00,106.83
29/06/2024 0:00,86.68
29/06/2024 1:00,71.85
29/06/2024 2:00,67.86
29/06/2024 3:00,69.93
29/06/2024 4:00,62.89
29/06/2024 5:00,62.53
29/06/2024 6:00,57.86
29/06/2024 7:00,50
29/06/2024 8:00,47.36
29/06/2024 9:00,29.58
29/06/2024 10:00,5.04
29/06/2024 11:00,0.04
29/06/2024 12:00,-0.01
29/06/2024 13:00,-0.22
29/06/2024 14:00,-0.07
29/06/2024 15:00,1.4
29/06/2024 16:00,12.26
29/06/2024 17:00,50.31
29/06/2024 18:00,68.8
29/06/2024 19:00,85.91
29/06/2024 20:00,93.05
29/06/2024 21:00,75.17
29/06/2024 22:00,79.8
29/06/2024 23:00,73.56
30/06/2024 0:00,56.57
30/06/2024 1:00,44.96
30/06/2024 2:00,37
30/06/2024 3:00,33.68
30/06/2024 4:00,30.67
30/06/2024 5:00,26.99
30/06/2024 6:00,26.57
30/06/2024 7:00,14.01
30/06/2024 8:00,6.83
30/06/2024 9:00,0.82
30/06/2024 10:00,0
30/06/2024 11:00,0
30/06/2024 12:00,-0.02
30/06/2024 13:00,-1.51
30/06/2024 14:00,-1.09
30/06/2024 15:00,0
30/06/2024 16:00,0.92
30/06/2024 17:00,26.82
30/06/2024 18:00,65.13
30/06/2024 19:00,67.78
30/06/2024 20:00,76.64
30/06/2024 21:00,92
30/06/2024 22:00,103.93
30/06/2024 23:00,93.25
01/07/2024 0:00,83.01
01/07/2024 1:00,79.1
01/07/2024 2:00,65.19
01/07/2024 3:00,64.46
01/07/2024 4:00,70.01
01/07/2024 5:00,64.76
01/07/2024 6:00,87.7
01/07/2024 7:00,108.8
01/07/2024 8:00,99.25
01/07/2024 9:00,75.81
01/07/2024 10:00,69.19
01/07/2024 11:00,60.45
01/07/2024 12:00,54.39
01/07/2024 13:00,48.44
01/07/2024 14:00,27.51
01/07/2024 15:00,20.49
01/07/2024 16:00,18.13
01/07/2024 17:00,34.94
01/07/2024 18:00,52.14
01/07/2024 19:00,70.21
01/07/2024 20:00,107.95
01/07/2024 21:00,99.96
01/07/2024 22:00,102.56
01/07/2024 23:00,87.18
02/07/2024 0:00,80
02/07/2024 1:00,61.6
02/07/2024 2:00,53.16
02/07/2024 3:00,54.48
02/07/2024 4:00,53.44
02/07/2024 5:00,57.05
02/07/2024 6:00,70
02/07/2024 7:00,89.03
02/07/2024 8:00,101.56
02/07/2024 9:00,78.92
02/07/2024 10:00,82.7
02/07/2024 11:00,69.55
02/07/2024 12:00,58.86
02/07/2024 13:00,55.58
02/07/2024 14:00,47.69
02/07/2024 15:00,44.34
02/07/2024 16:00,56.49
02/07/2024 17:00,58.46
02/07/2024 18:00,74.29
02/07/2024 19:00,81.78
02/07/2024 20:00,90.75
02/07/2024 21:00,110.25
02/07/2024 22:00,109.15
02/07/2024 23:00,91.6
03/07/2024 0:00,94.61
03/07/2024 1:00,77.72
03/07/2024 2:00,69.32
03/07/2024 3:00,58.6
03/07/2024 4:00,50.92
03/07/2024 5:00,48.35
03/07/2024 6:00,67.83
03/07/2024 7:00,100
03/07/2024 8:00,102.79
03/07/2024 9:00,101.23
03/07/2024 10:00,92.78
03/07/2024 11:00,96.62
03/07/2024 12:00,68.68
03/07/2024 13:00,61.67
03/07/2024 14:00,54.61
03/07/2024 15:00,52.05
03/07/2024 16:00,51.69
03/07/2024 17:00,40
03/07/2024 18:00,58.29
03/07/2024 19:00,61.91
03/07/2024 20:00,72.07
03/07/2024 21:00,45.17
03/07/2024 22:00,46.48
03/07/2024 23:00,31.1
04/07/2024 0:00,26.78
04/07/2024 1:00,7.27
04/07/2024 2:00,2.3
04/07/2024 3:00,0.18
04/07/2024 4:00,1.72
04/07/2024 5:00,2.17
04/07/2024 6:00,12.13
04/07/2024 7:00,19.72
04/07/2024 8:00,31.23
04/07/2024 9:00,23.21
04/07/2024 10:00,0.89
04/07/2024 11:00,-7.82
04/07/2024 12:00,-11.17
04/07/2024 13:00,-25.79
04/07/2024 14:00,-38.84
04/07/2024 15:00,-42.22
04/07/2024 16:00,-50
04/07/2024 17:00,-27.88
04/07/2024 18:00,-2.38
04/07/2024 19:00,38.04
04/07/2024 20:00,61.07
04/07/2024 21:00,73.19
04/07/2024 22:00,65.15
04/07/2024 23:00,49.73
05/07/2024 0:00,1.8
05/07/2024 1:00,0
05/07/2024 2:00,-0.88
05/07/2024 3:00,-1.11
05/07/2024 4:00,2.65
05/07/2024 5:00,4.3
05/07/2024 6:00,9.08
05/07/2024 7:00,27.96
05/07/2024 8:00,40
05/07/2024 9:00,18.57
05/07/2024 10:00,2.99
05/07/2024 11:00,0.51
05/07/2024 12:00,0.43
05/07/2024 13:00,-0.25
05/07/2024 14:00,-0.4
05/07/2024 15:00,0.52
05/07/2024 16:00,2.54
05/07/2024 17:00,17.14
05/07/2024 18:00,53.14
05/07/2024 19:00,78.58
05/07/2024 20:00,106.4
05/07/2024 21:00,115.75
05/07/2024 22:00,105.83
05/07/2024 23:00,85.29
06/07/2024 0:00,62.2
06/07/2024 1:00,36.35
06/07/2024 2:00,30.61
06/07/2024 3:00,23.1
06/07/2024 4:00,17.44
06/07/2024 5:00,8.37
06/07/2024 6:00,6.12
06/07/2024 7:00,5.37
06/07/2024 8:00,3.39
06/07/2024 9:00,0
06/07/2024 10:00,-9.8
06/07/2024 11:00,-28.61
06/07/2024 12:00,-35
06/07/2024 13:00,-57.93
06/07/2024 14:00,-76.8
06/07/2024 15:00,-140
06/07/2024 16:00,-109.19
06/07/2024 17:00,-60
06/07/2024 18:00,-10.29
06/07/2024 19:00,-1.34
06/07/2024 20:00,7.4
06/07/2024 21:00,9.68
06/07/2024 22:00,19.13
06/07/2024 23:00,15.3
07/07/2024 0:00,1.27
07/07/2024 1:00,1.1
07/07/2024 2:00,0.4
07/07/2024 3:00,0.66
07/07/2024 4:00,0.92
07/07/2024 5:00,0.68
07/07/2024 6:00,0.58
07/07/2024 7:00,0.12
07/07/2024 8:00,-0.57
07/07/2024 9:00,-6.39
07/07/2024 10:00,-9.76
07/07/2024 11:00,-12.6
07/07/2024 12:00,-13.13
07/07/2024 13:00,-21.88
07/07/2024 14:00,-20.43
07/07/2024 15:00,-11.48
07/07/2024 16:00,-5.21
07/07/2024 17:00,-1.51
07/07/2024 18:00,26.91
07/07/2024 19:00,56.53
07/07/2024 20:00,78.22
07/07/2024 21:00,88.77
07/07/2024 22:00,108.69
07/07/2024 23:00,94.37
08/07/2024 0:00,81.65
08/07/2024 1:00,76.42
08/07/2024 2:00,67.67
08/07/2024 3:00,69.39
08/07/2024 4:00,70.41
08/07/2024 5:00,71.06
08/07/2024 6:00,90.35
08/07/2024 7:00,110.97
08/07/2024 8:00,100.61
08/07/2024 9:00,77.98
08/07/2024 10:00,54.34
08/07/2024 11:00,39.67
08/07/2024 12:00,33.09
08/07/2024 13:00,30.85
08/07/2024 14:00,30.42
08/07/2024 15:00,38.04
08/07/2024 16:00,50.8
08/07/2024 17:00,82.08
08/07/2024 18:00,89.95
08/07/2024 19:00,110.68
08/07/2024 20:00,166.84
08/07/2024 21:00,137.54
08/07/2024 22:00,110.61
08/07/2024 23:00,89.1
09/07/2024 0:00,76.3
09/07/2024 1:00,63.58
09/07/2024 2:00,53.14
09/07/2024 3:00,41.26
09/07/2024 4:00,38.7
09/07/2024 5:00,49.9
09/07/2024 6:00,58.21
09/07/2024 7:00,75.38
09/07/2024 8:00,75.58
09/07/2024 9:00,59.81
09/07/2024 10:00,46.63
09/07/2024 11:00,33.71
09/07/2024 12:00,21.95
09/07/2024 13:00,7.32
09/07/2024 14:00,5.31
09/07/2024 15:00,12.12
09/07/2024 16:00,46.43
09/07/2024 17:00,77.36
09/07/2024 18:00,102.11
09/07/2024 19:00,110.09
09/07/2024 20:00,121.81
09/07/2024 21:00,108.05
09/07/2024 22:00,87.85
09/07/2024 23:00,82.93
10/07/2024 0:00,73.97
10/07/2024 1:00,64.4
10/07/2024 2:00,67.25
10/07/2024 3:00,61.02
10/07/2024 4:00,54.3
10/07/2024 5:00,58.64
10/07/2024 6:00,74.4
10/07/2024 7:00,89.54
10/07/2024 8:00,101.95
10/07/2024 9:00,84.93
10/07/2024 10:00,65
10/07/2024 11:00,55.8
10/07/2024 12:00,47.71
10/07/2024 13:00,35.31
10/07/2024 14:00,16.42
10/07/2024 15:00,-18.57
10/07/2024 16:00,-10
10/07/2024 17:00,19.28
10/07/2024 18:00,75.66
10/07/2024 19:00,97.57
10/07/2024 20:00,96.46
10/07/2024 21:00,115.32
10/07/2024 22:00,106.8
10/07/2024 23:00,92.75
11/07/2024 0:00,93.07
11/07/2024 1:00,77.23
11/07/2024 2:00,75.83
11/07/2024 3:00,67.5
11/07/2024 4:00,65
11/07/2024 5:00,80.78
11/07/2024 6:00,79.4
11/07/2024 7:00,93.75
11/07/2024 8:00,101.85
11/07/2024 9:00,89.47
11/07/2024 10:00,80.86
11/07/2024 11:00,67.63
11/07/2024 12:00,58.51
11/07/2024 13:00,49.07
11/07/2024 14:00,45
11/07/2024 15:00,50.65
11/07/2024 16:00,61.28
11/07/2024 17:00,72.77
11/07/2024 18:00,87.11
11/07/2024 19:00,107.79
11/07/2024 20:00,138.22
11/07/2024 21:00,131.86
11/07/2024 22:00,115.41
11/07/2024 23:00,97.55
12/07/2024 0:00,91.13
12/07/2024 1:00,69.7
12/07/2024 2:00,69
12/07/2024 3:00,63.97
12/07/2024 4:00,47.06
12/07/2024 5:00,56.7
12/07/2024 6:00,63.32
12/07/2024 7:00,75.4
12/07/2024 8:00,86.74
12/07/2024 9:00,68.48
12/07/2024 10:00,65.07
12/07/2024 11:00,64.51
12/07/2024 12:00,64.17
12/07/2024 13:00,55.6
12/07/2024 14:00,55.01
12/07/2024 15:00,52.36
12/07/2024 16:00,66.04
12/07/2024 17:00,70.16
12/07/2024 18:00,62.76
12/07/2024 19:00,69.55
12/07/2024 20:00,80.83
12/07/2024 21:00,91.57
12/07/2024 22:00,86.22
12/07/2024 23:00,79.48
13/07/2024 0:00,68.25
13/07/2024 1:00,60.87
13/07/2024 2:00,48.74
13/07/2024 3:00,38.26
13/07/2024 4:00,32.83
13/07/2024 5:00,31.16
13/07/2024 6:00,31.09
13/07/2024 7:00,27.99
13/07/2024 8:00,26.6
13/07/2024 9:00,20.97
13/07/2024 10:00,5.16
13/07/2024 11:00,0.04
13/07/2024 12:00,-0.01
13/07/2024 13:00,-4.99
13/07/2024 14:00,-14.84
13/07/2024 15:00,-11.36
13/07/2024 16:00,-3.04
13/07/2024 17:00,0.22
13/07/2024 18:00,29.49
13/07/2024 19:00,48.97
13/07/2024 20:00,74.86
13/07/2024 21:00,75.81
13/07/2024 22:00,79.1
13/07/2024 23:00,65.04
14/07/2024 0:00,89.02
14/07/2024 1:00,63.28
14/07/2024 2:00,55.51
14/07/2024 3:00,44.37
14/07/2024 4:00,37.19
14/07/2024 5:00,36.74
14/07/2024 6:00,30.53
14/07/2024 7:00,14.28
14/07/2024 8:00,0.29
14/07/2024 9:00,-3.3
14/07/2024 10:00,-21.03
14/07/2024 11:00,-40.2
14/07/2024 12:00,-59.47
14/07/2024 13:00,-73.75
14/07/2024 14:00,-74.02
14/07/2024 15:00,-51.66
14/07/2024 16:00,-19.61
14/07/2024 17:00,-0.47
14/07/2024 18:00,37.27
14/07/2024 19:00,59.73
14/07/2024 20:00,87.55
14/07/2024 21:00,99.47
14/07/2024 22:00,106.25
14/07/2024 23:00,87.26
15/07/2024 0:00,79.68
15/07/2024 1:00,67.01
15/07/2024 2:00,61.22
15/07/2024 3:00,56.97
15/07/2024 4:00,61.01
15/07/2024 5:00,64.82
15/07/2024 6:00,77.8
15/07/2024 7:00,91.3
15/07/2024 8:00,84.66
15/07/2024 9:00,60.77
15/07/2024 10:00,37.27
15/07/2024 11:00,13.14
15/07/2024 12:00,1.98
15/07/2024 13:00,-0.46
15/07/2024 14:00,-0.32
15/07/2024 15:00,5.17
15/07/2024 16:00,31.15
15/07/2024 17:00,46.89
15/07/2024 18:00,66.54
15/07/2024 19:00,104.55
15/07/2024 20:00,125.76
15/07/2024 21:00,104.24
15/07/2024 22:00,92.94
15/07/2024 23:00,80.17
16/07/2024 0:00,54.37
16/07/2024 1:00,32.67
16/07/2024 2:00,37.42
16/07/2024 3:00,32.34
16/07/2024 4:00,28.3
16/07/2024 5:00,33.5
16/07/2024 6:00,47.77
16/07/2024 7:00,46.47
16/07/2024 8:00,54.34
16/07/2024 9:00,36.83
16/07/2024 10:00,16.02
16/07/2024 11:00,-0.32
16/07/2024 12:00,-4.31
16/07/2024 13:00,-5.54
16/07/2024 14:00,-5.66
16/07/2024 15:00,-6.11
16/07/2024 16:00,-3.26
16/07/2024 17:00,28.82
16/07/2024 18:00,64.68
16/07/2024 19:00,88.3
16/07/2024 20:00,111.89
16/07/2024 21:00,114.64
16/07/2024 22:00,106.9
16/07/2024 23:00,86.8
17/07/2024 0:00,87.9
17/07/2024 1:00,73.22
17/07/2024 2:00,72.94
17/07/2024 3:00,70.58
17/07/2024 4:00,71.1
17/07/2024 5:00,77.6
17/07/2024 6:00,90.47
17/07/2024 7:00,100.39
17/07/2024 8:00,105.7
17/07/2024 9:00,78.33
17/07/2024 10:00,59.51
17/07/2024 11:00,43.17
17/07/2024 12:00,34.35
17/07/2024 13:00,23.8
17/07/2024 14:00,13.46
17/07/2024 15:00,15.85
17/07/2024 16:00,41.62
17/07/2024 17:00,63.81
17/07/2024 18:00,85.57
17/07/2024 19:00,104.62
17/07/2024 20:00,138.92
17/07/2024 21:00,129.55
17/07/2024 22:00,113.64
17/07/2024 23:00,89.14
18/07/2024 0:00,90.32
18/07/2024 1:00,80.37
18/07/2024 2:00,71.14
18/07/2024 3:00,75.3
18/07/2024 4:00,70.18
18/07/2024 5:00,76.91
18/07/2024 6:00,92.29
18/07/2024 7:00,101.69
18/07/2024 8:00,97.25
18/07/2024 9:00,80.15
18/07/2024 10:00,65.22
18/07/2024 11:00,48.72
18/07/2024 12:00,36.61
18/07/2024 13:00,35.65
18/07/2024 14:00,38.82
18/07/2024 15:00,50.63
18/07/2024 16:00,69.38
18/07/2024 17:00,87.1
18/07/2024 18:00,97.56
18/07/2024 19:00,122.76
18/07/2024 20:00,157.61
18/07/2024 21:00,150.57
18/07/2024 22:00,120.08
18/07/2024 23:00,102.02
19/07/2024 0:00,90.62
19/07/2024 1:00,80.6
19/07/2024 2:00,80.07
19/07/2024 3:00,73.16
19/07/2024 4:00,71.83
19/07/2024 5:00,80.48
19/07/2024 6:00,90
19/07/2024 7:00,101.6
19/07/2024 8:00,98.4
19/07/2024 9:00,81.43
19/07/2024 10:00,70.41
19/07/2024 11:00,59.86
19/07/2024 12:00,45.74
19/07/2024 13:00,37.86
19/07/2024 14:00,37.61
19/07/2024 15:00,43.99
19/07/2024 16:00,65.26
19/07/2024 17:00,77.67
19/07/2024 18:00,86.9
19/07/2024 19:00,104.69
19/07/2024 20:00,136.98
19/07/2024 21:00,120.14
19/07/2024 22:00,107.11
19/07/2024 23:00,91.7
20/07/2024 0:00,94.99
20/07/2024 1:00,89.52
20/07/2024 2:00,86.73
20/07/2024 3:00,82.39
20/07/2024 4:00,84.37
20/07/2024 5:00,86.36
20/07/2024 6:00,81.17
20/07/2024 7:00,72.16
20/07/2024 8:00,67.88
20/07/2024 9:00,49.9
20/07/2024 10:00,6.12
20/07/2024 11:00,-0.35
20/07/2024 12:00,-3.93
20/07/2024 13:00,-3.9
20/07/2024 14:00,-3.1
20/07/2024 15:00,-2.2
20/07/2024 16:00,1.48
20/07/2024 17:00,48.75
20/07/2024 18:00,76.37
20/07/2024 19:00,91.94
20/07/2024 20:00,115.58
20/07/2024 21:00,110.46
20/07/2024 22:00,97.48
20/07/2024 23:00,83.26
21/07/2024 0:00,73.72
21/07/2024 1:00,62.84
21/07/2024 2:00,55.81
21/07/2024 3:00,59.21
21/07/2024 4:00,54.19
21/07/2024 5:00,56.45
21/07/2024 6:00,49.66
21/07/2024 7:00,43.75
21/07/2024 8:00,25.6
21/07/2024 9:00,-0.4
21/07/2024 10:00,0.06
21/07/2024 11:00,0.01
21/07/2024 12:00,0
21/07/2024 13:00,-0.08
21/07/2024 14:00,-0.22
21/07/2024 15:00,0.03
21/07/2024 16:00,-0.12
21/07/2024 17:00,21.37
21/07/2024 18:00,33.73
21/07/2024 19:00,55.12
21/07/2024 20:00,79.01
21/07/2024 21:00,85.51
21/07/2024 22:00,77.78
21/07/2024 23:00,75.34
22/07/2024 0:00,79.59
22/07/2024 1:00,67.94
22/07/2024 2:00,68.99
22/07/2024 3:00,68.3
22/07/2024 4:00,61.95
22/07/2024 5:00,66.68
22/07/2024 6:00,76.79
22/07/2024 7:00,81.33
22/07/2024 8:00,86.32
22/07/2024 9:00,67
22/07/2024 10:00,46.96
22/07/2024 11:00,14.02
22/07/2024 12:00,25.48
22/07/2024 13:00,21.41
22/07/2024 14:00,19.51
22/07/2024 15:00,19.72
22/07/2024 16:00,25.46
22/07/2024 17:00,57.52
22/07/2024 18:00,67.36
22/07/2024 19:00,86.3
22/07/2024 20:00,95.73
22/07/2024 21:00,95.51
22/07/2024 22:00,104.14
22/07/2024 23:00,84.19
23/07/2024 0:00,78.98
23/07/2024 1:00,61.75
23/07/2024 2:00,55.37
23/07/2024 3:00,53.24
23/07/2024 4:00,50.27
23/07/2024 5:00,55.33
23/07/2024 6:00,70.09
23/07/2024 7:00,74.42
23/07/2024 8:00,86.07
23/07/2024 9:00,70.7
23/07/2024 10:00,54.42
23/07/2024 11:00,44.53
23/07/2024 12:00,32.3
23/07/2024 13:00,29.27
23/07/2024 14:00,25.94
23/07/2024 15:00,27.86
23/07/2024 16:00,24.29
23/07/2024 17:00,61.1
23/07/2024 18:00,82.52
23/07/2024 19:00,93.77
23/07/2024 20:00,111.86
23/07/2024 21:00,100.2
23/07/2024 22:00,100.96
23/07/2024 23:00,91.67
24/07/2024 0:00,83.32
24/07/2024 1:00,78.23
24/07/2024 2:00,73.28
24/07/2024 3:00,70.69
24/07/2024 4:00,73.37
24/07/2024 5:00,72.59
24/07/2024 6:00,86.1
24/07/2024 7:00,99.45
24/07/2024 8:00,99.36
24/07/2024 9:00,73.82
24/07/2024 10:00,55.58
24/07/2024 11:00,21.47
24/07/2024 12:00,2.17
24/07/2024 13:00,-0.1
24/07/2024 14:00,-5.17
24/07/2024 15:00,-0.09
24/07/2024 16:00,6.25
24/07/2024 17:00,42
24/07/2024 18:00,71.11
24/07/2024 19:00,98.16
24/07/2024 20:00,108.19
24/07/2024 21:00,115.46
24/07/2024 22:00,102.68
24/07/2024 23:00,81.96
25/07/2024 0:00,89.4
25/07/2024 1:00,84.52
25/07/2024 2:00,83.13
25/07/2024 3:00,79.92
25/07/2024 4:00,76.4
25/07/2024 5:00,80
25/07/2024 6:00,70
25/07/2024 7:00,86.8
25/07/2024 8:00,90.98
25/07/2024 9:00,71.98
25/07/2024 10:00,55.08
25/07/2024 11:00,36.95
25/07/2024 12:00,24.31
25/07/2024 13:00,17.36
25/07/2024 14:00,13.27
25/07/2024 15:00,26.2
25/07/2024 16:00,51.58
25/07/2024 17:00,80
25/07/2024 18:00,97
25/07/2024 19:00,99.2
25/07/2024 20:00,106.44
25/07/2024 21:00,99.5
25/07/2024 22:00,100
25/07/2024 23:00,84.86
26/07/2024 0:00,66.3
26/07/2024 1:00,71.65
26/07/2024 2:00,59.95
26/07/2024 3:00,62.24
26/07/2024 4:00,61.17
26/07/2024 5:00,63.74
26/07/2024 6:00,69.46
26/07/2024 7:00,76.57
26/07/2024 8:00,86.61
26/07/2024 9:00,88.67
26/07/2024 10:00,80.61
26/07/2024 11:00,68.89
26/07/2024 12:00,66.21
26/07/2024 13:00,51.41
26/07/2024 14:00,47.54
26/07/2024 15:00,53.08
26/07/2024 16:00,62.28
26/07/2024 17:00,78.79
26/07/2024 18:00,83.24
26/07/2024 19:00,92.9
26/07/2024 20:00,97.72
26/07/2024 21:00,92.93
26/07/2024 22:00,90.61
26/07/2024 23:00,93.65
27/07/2024 0:00,86.64
27/07/2024 1:00,72.99
27/07/2024 2:00,64.66
27/07/2024 3:00,62.88
27/07/2024 4:00,60.64
27/07/2024 5:00,62.45
27/07/2024 6:00,57.4
27/07/2024 7:00,50.14
27/07/2024 8:00,60.18
27/07/2024 9:00,51.37
27/07/2024 10:00,53.64
27/07/2024 11:00,39.9
27/07/2024 12:00,28
27/07/2024 13:00,17.8
27/07/2024 14:00,17.92
27/07/2024 15:00,30.29
27/07/2024 16:00,52.43
27/07/2024 17:00,76.73
27/07/2024 18:00,74.62
27/07/2024 19:00,80.01
27/07/2024 20:00,79.69
27/07/2024 21:00,80.36
27/07/2024 22:00,79.32
27/07/2024 23:00,73.02
28/07/2024 0:00,60.82
28/07/2024 1:00,61.17
28/07/2024 2:00,57.54
28/07/2024 3:00,46.84
28/07/2024 4:00,39.81
28/07/2024 5:00,48.7
28/07/2024 6:00,40.35
28/07/2024 7:00,34.35
28/07/2024 8:00,25.49
28/07/2024 9:00,4.82
28/07/2024 10:00,0
28/07/2024 11:00,-1.99
28/07/2024 12:00,-13.57
28/07/2024 13:00,-35.21
28/07/2024 14:00,-46.43
28/07/2024 15:00,-31.83
28/07/2024 16:00,-11.69
28/07/2024 17:00,-1.35
28/07/2024 18:00,40.33
28/07/2024 19:00,64.15
28/07/2024 20:00,71.54
28/07/2024 21:00,71.12
28/07/2024 22:00,71.89
28/07/2024 23:00,61.74
29/07/2024 0:00,41.5
29/07/2024 1:00,38.74
29/07/2024 2:00,35.92
29/07/2024 3:00,34.41
29/07/2024 4:00,35.56
29/07/2024 5:00,44.17
29/07/2024 6:00,59.79
29/07/2024 7:00,53.56
29/07/2024 8:00,51.5
29/07/2024 9:00,39.23
29/07/2024 10:00,12.95
29/07/2024 11:00,0.12
29/07/2024 12:00,-0.16
29/07/2024 13:00,-1.46
29/07/2024 14:00,-0.6
29/07/2024 15:00,0.15
29/07/2024 16:00,14
29/07/2024 17:00,61.25
29/07/2024 18:00,80.32
29/07/2024 19:00,110.78
29/07/2024 20:00,120.2
29/07/2024 21:00,100.54
29/07/2024 22:00,96.85
29/07/2024 23:00,90.2
30/07/2024 0:00,65.14
30/07/2024 1:00,60.81
30/07/2024 2:00,55.99
30/07/2024 3:00,56.17
30/07/2024 4:00,56.04
30/07/2024 5:00,70.48
30/07/2024 6:00,72.39
30/07/2024 7:00,79.18
30/07/2024 8:00,76.09
30/07/2024 9:00,57.98
30/07/2024 10:00,37.52
30/07/2024 11:00,7.84
30/07/2024 12:00,1.05
30/07/2024 13:00,-0.03
30/07/2024 14:00,0.17
30/07/2024 15:00,13.27
30/07/2024 16:00,40.99
30/07/2024 17:00,71.64
30/07/2024 18:00,90.81
30/07/2024 19:00,120.67
30/07/2024 20:00,143.6
30/07/2024 21:00,123.39
30/07/2024 22:00,109.05
30/07/2024 23:00,99.04
31/07/2024 0:00,95.79
31/07/2024 1:00,75.85
31/07/2024 2:00,70.81
31/07/2024 3:00,67.96
31/07/2024 4:00,66.58
31/07/2024 5:00,78.36
31/07/2024 6:00,89.57
31/07/2024 7:00,80.18
31/07/2024 8:00,93
31/07/2024 9:00,74.62
31/07/2024 10:00,55.89
31/07/2024 11:00,33.46
31/07/2024 12:00,24
31/07/2024 13:00,13.51
31/07/2024 14:00,19.55
31/07/2024 15:00,31.74
31/07/2024 16:00,43
31/07/2024 17:00,75.96
31/07/2024 18:00,95.38
31/07/2024 19:00,113.67
31/07/2024 20:00,125.72
31/07/2024 21:00,108.18
31/07/2024 22:00,104.18
31/07/2024 23:00,96.61
01/08/2024 0:00,96.75
01/08/2024 1:00,87.5
01/08/2024 2:00,86.85
01/08/2024 3:00,78.04
01/08/2024 4:00,80.5
01/08/2024 5:00,88.39
01/08/2024 6:00,97.25
01/08/2024 7:00,86.76
01/08/2024 8:00,105.95
01/08/2024 9:00,90.1
01/08/2024 10:00,76.95
01/08/2024 11:00,67.64
01/08/2024 12:00,64.03
01/08/2024 13:00,60.11
01/08/2024 14:00,60.75
01/08/2024 15:00,67.02
01/08/2024 16:00,58.27
01/08/2024 17:00,78.08
01/08/2024 18:00,98.23
01/08/2024 19:00,111.09
01/08/2024 20:00,117.18
01/08/2024 21:00,111.61
01/08/2024 22:00,110.87
01/08/2024 23:00,97.77
02/08/2024 0:00,93.93
02/08/2024 1:00,83.41
02/08/2024 2:00,84.63
02/08/2024 3:00,74.78
02/08/2024 4:00,71.7
02/08/2024 5:00,74
02/08/2024 6:00,89.27
02/08/2024 7:00,111.5
02/08/2024 8:00,110.77
02/08/2024 9:00,104.42
02/08/2024 10:00,72.23
02/08/2024 11:00,66.97
02/08/2024 12:00,67.76
02/08/2024 13:00,55.86
02/08/2024 14:00,51.69
02/08/2024 15:00,50.21
02/08/2024 16:00,55.74
02/08/2024 17:00,65.8
02/08/2024 18:00,80
02/08/2024 19:00,104.27
02/08/2024 20:00,117.59
02/08/2024 21:00,112.77
02/08/2024 22:00,107.9
02/08/2024 23:00,98.94
03/08/2024 0:00,78.01
03/08/2024 1:00,66.44
03/08/2024 2:00,62.84
03/08/2024 3:00,54.98
03/08/2024 4:00,52.12
03/08/2024 5:00,58.82
03/08/2024 6:00,60.38
03/08/2024 7:00,57.69
03/08/2024 8:00,53.4
03/08/2024 9:00,41.69
03/08/2024 10:00,32.44
03/08/2024 11:00,20.36
03/08/2024 12:00,14.66
03/08/2024 13:00,6.41
03/08/2024 14:00,4.12
03/08/2024 15:00,11.92
03/08/2024 16:00,26.79
03/08/2024 17:00,40.58
03/08/2024 18:00,63.32
03/08/2024 19:00,74.76
03/08/2024 20:00,80.66
03/08/2024 21:00,85.03
03/08/2024 22:00,85.18
03/08/2024 23:00,74.76
04/08/2024 0:00,70.56
04/08/2024 1:00,64.64
04/08/2024 2:00,60.78
04/08/2024 3:00,47.1
04/08/2024 4:00,43.79
04/08/2024 5:00,44.26
04/08/2024 6:00,43.16
04/08/2024 7:00,43.41
04/08/2024 8:00,51.62
04/08/2024 9:00,26.09
04/08/2024 10:00,8.05
04/08/2024 11:00,2.05
04/08/2024 12:00,0.06
04/08/2024 13:00,-0.04
04/08/2024 14:00,-2.15
04/08/2024 15:00,-0.01
04/08/2024 16:00,1.06
04/08/2024 17:00,22.81
04/08/2024 18:00,61.79
04/08/2024 19:00,83.72
04/08/2024 20:00,99.9
04/08/2024 21:00,101.38
04/08/2024 22:00,102.36
04/08/2024 23:00,87.63
05/08/2024 0:00,59.7
05/08/2024 1:00,50.42
05/08/2024 2:00,51.06
05/08/2024 3:00,46.45
05/08/2024 4:00,48.45
05/08/2024 5:00,54.7
05/08/2024 6:00,69.99
05/08/2024 7:00,80.11
05/08/2024 8:00,78.56
05/08/2024 9:00,70.12
05/08/2024 10:00,45.78
05/08/2024 11:00,27.18
05/08/2024 12:00,30.4
05/08/2024 13:00,8.26
05/08/2024 14:00,3.31
05/08/2024 15:00,9.97
05/08/2024 16:00,27.18
05/08/2024 17:00,60.36
05/08/2024 18:00,94.75
05/08/2024 19:00,127.87
05/08/2024 20:00,171.91
05/08/2024 21:00,136.76
05/08/2024 22:00,111.88
05/08/2024 23:00,99.04
06/08/2024 0:00,78.78
06/08/2024 1:00,65.9
06/08/2024 2:00,60.46
06/08/2024 3:00,54.17
06/08/2024 4:00,53.71
06/08/2024 5:00,63.47
06/08/2024 6:00,74.53
06/08/2024 7:00,90.84
06/08/2024 8:00,76.27
06/08/2024 9:00,65.25
06/08/2024 10:00,36.06
06/08/2024 11:00,21.22
06/08/2024 12:00,15.88
06/08/2024 13:00,3
06/08/2024 14:00,4.84
06/08/2024 15:00,19.3
06/08/2024 16:00,27.8
06/08/2024 17:00,65.38
06/08/2024 18:00,84.83
06/08/2024 19:00,127.2
06/08/2024 20:00,166.76
06/08/2024 21:00,133.11
06/08/2024 22:00,105.72
06/08/2024 23:00,90.02
07/08/2024 0:00,74.02
07/08/2024 1:00,64.11
07/08/2024 2:00,60.01
07/08/2024 3:00,56.56
07/08/2024 4:00,58.98
07/08/2024 5:00,69.5
07/08/2024 6:00,85
07/08/2024 7:00,89.35
07/08/2024 8:00,83.16
07/08/2024 9:00,69.06
07/08/2024 10:00,58.17
07/08/2024 11:00,43.41
07/08/2024 12:00,26.84
07/08/2024 13:00,12.32
07/08/2024 14:00,8.25
07/08/2024 15:00,9.89
07/08/2024 16:00,-6.2
07/08/2024 17:00,25.03
07/08/2024 18:00,78.65
07/08/2024 19:00,90.72
07/08/2024 20:00,108.33
07/08/2024 21:00,104.43
07/08/2024 22:00,94.86
07/08/2024 23:00,87.66
08/08/2024 0:00,75.41
08/08/2024 1:00,67.35
08/08/2024 2:00,62.5
08/08/2024 3:00,59.07
08/08/2024 4:00,59.7
08/08/2024 5:00,67.69
08/08/2024 6:00,77.43
08/08/2024 7:00,92.95
08/08/2024 8:00,91.17
08/08/2024 9:00,82.39
08/08/2024 10:00,61.12
08/08/2024 11:00,49.69
08/08/2024 12:00,37.56
08/08/2024 13:00,24.3
08/08/2024 14:00,17.42
08/08/2024 15:00,22.13
08/08/2024 16:00,40.59
08/08/2024 17:00,58.52
08/08/2024 18:00,81.95
08/08/2024 19:00,91.91
08/08/2024 20:00,119.25
08/08/2024 21:00,97.43
08/08/2024 22:00,80.94
08/08/2024 23:00,74.78
09/08/2024 0:00,63.27
09/08/2024 1:00,42.6
09/08/2024 2:00,22.62
09/08/2024 3:00,26.4
09/08/2024 4:00,30.98
09/08/2024 5:00,25.34
09/08/2024 6:00,48.04
09/08/2024 7:00,51
09/08/2024 8:00,45.89
09/08/2024 9:00,29.17
09/08/2024 10:00,6.98
09/08/2024 11:00,0.1
09/08/2024 12:00,-0.36
09/08/2024 13:00,-0.69
09/08/2024 14:00,-1.86
09/08/2024 15:00,-3.32
09/08/2024 16:00,-4.79
09/08/2024 17:00,1.79
09/08/2024 18:00,41.07
09/08/2024 19:00,79.93
09/08/2024 20:00,107.86
09/08/2024 21:00,110.32
09/08/2024 22:00,105.21
09/08/2024 23:00,89.07
10/08/2024 0:00,73.67
10/08/2024 1:00,69.75
10/08/2024 2:00,63.19
10/08/2024 3:00,60.65
10/08/2024 4:00,58.18
10/08/2024 5:00,61.28
10/08/2024 6:00,65.5
10/08/2024 7:00,56.92
10/08/2024 8:00,30.58
10/08/2024 9:00,0.21
10/08/2024 10:00,-2.99
10/08/2024 11:00,-12.18
10/08/2024 12:00,-22.47
10/08/2024 13:00,-51.51
10/08/2024 14:00,-58.01
10/08/2024 15:00,-29.7
10/08/2024 16:00,-9.66
10/08/2024 17:00,-0.85
10/08/2024 18:00,48.95
10/08/2024 19:00,97.88
10/08/2024 20:00,106.73
10/08/2024 21:00,108.64
10/08/2024 22:00,107.64
10/08/2024 23:00,98.5
11/08/2024 0:00,85.31
11/08/2024 1:00,82.11
11/08/2024 2:00,83.67
11/08/2024 3:00,78.91
11/08/2024 4:00,80.49
11/08/2024 5:00,79.55
11/08/2024 6:00,85.39
11/08/2024 7:00,72.78
11/08/2024 8:00,22.51
11/08/2024 9:00,0
11/08/2024 10:00,-5
11/08/2024 11:00,-14.97
11/08/2024 12:00,-32.01
11/08/2024 13:00,-59.88
11/08/2024 14:00,-50.07
11/08/2024 15:00,-31.29
11/08/2024 16:00,-5.19
11/08/2024 17:00,1.02
11/08/2024 18:00,69.89
11/08/2024 19:00,101
11/08/2024 20:00,109.53
11/08/2024 21:00,100.4
11/08/2024 22:00,87.4
11/08/2024 23:00,78.62
12/08/2024 0:00,74.64
12/08/2024 1:00,62.97
12/08/2024 2:00,51.92
12/08/2024 3:00,52.81
12/08/2024 4:00,53.86
12/08/2024 5:00,42.44
12/08/2024 6:00,57.68
12/08/2024 7:00,66.45
12/08/2024 8:00,71.44
12/08/2024 9:00,53.22
12/08/2024 10:00,40.12
12/08/2024 11:00,16.04
12/08/2024 12:00,7.72
12/08/2024 13:00,4.65
12/08/2024 14:00,11.32
12/08/2024 15:00,23.35
12/08/2024 16:00,48.04
12/08/2024 17:00,85.42
12/08/2024 18:00,107.22
12/08/2024 19:00,162.56
12/08/2024 20:00,175.94
12/08/2024 21:00,129.37
12/08/2024 22:00,107.23
12/08/2024 23:00,100.05
13/08/2024 0:00,99.64
13/08/2024 1:00,87.92
13/08/2024 2:00,76.6
13/08/2024 3:00,75.84
13/08/2024 4:00,75.59
13/08/2024 5:00,85.9
13/08/2024 6:00,111.53
13/08/2024 7:00,124.04
13/08/2024 8:00,117.89
13/08/2024 9:00,94.77
13/08/2024 10:00,70.74
13/08/2024 11:00,56.88
13/08/2024 12:00,44.6
13/08/2024 13:00,41.69
13/08/2024 14:00,49.06
13/08/2024 15:00,65.07
13/08/2024 16:00,82.38
13/08/2024 17:00,93.94
13/08/2024 18:00,107.17
13/08/2024 19:00,149.78
13/08/2024 20:00,154.6
13/08/2024 21:00,114.88
13/08/2024 22:00,112.42
13/08/2024 23:00,103.9
14/08/2024 0:00,88.03
14/08/2024 1:00,84.85
14/08/2024 2:00,82.34
14/08/2024 3:00,78.8
14/08/2024 4:00,82.26
14/08/2024 5:00,88.23
14/08/2024 6:00,104.38
14/08/2024 7:00,118.21
14/08/2024 8:00,117.71
14/08/2024 9:00,105.51
14/08/2024 10:00,85.85
14/08/2024 11:00,82.3
14/08/2024 12:00,77.45
14/08/2024 13:00,76.33
14/08/2024 14:00,75.02
14/08/2024 15:00,73.01
14/08/2024 16:00,81.22
14/08/2024 17:00,86.74
14/08/2024 18:00,110.43
14/08/2024 19:00,132.54
14/08/2024 20:00,149.28
14/08/2024 21:00,126.79
14/08/2024 22:00,112.91
14/08/2024 23:00,100.08
15/08/2024 0:00,85
15/08/2024 1:00,78.41
15/08/2024 2:00,74.21
15/08/2024 3:00,70.71
15/08/2024 4:00,64.39
15/08/2024 5:00,72.13
15/08/2024 6:00,78.43
15/08/2024 7:00,82.77
15/08/2024 8:00,73.05
15/08/2024 9:00,48.67
15/08/2024 10:00,33.06
15/08/2024 11:00,12.96
15/08/2024 12:00,10.02
15/08/2024 13:00,0.3
15/08/2024 14:00,0.11
15/08/2024 15:00,0.34
15/08/2024 16:00,2.05
15/08/2024 17:00,16.81
15/08/2024 18:00,51.88
15/08/2024 19:00,82.65
15/08/2024 20:00,102.89
15/08/2024 21:00,100
15/08/2024 22:00,102.78
15/08/2024 23:00,88.62
16/08/2024 0:00,78.92
16/08/2024 1:00,71.06
16/08/2024 2:00,74.09
16/08/2024 3:00,71.46
16/08/2024 4:00,68.94
16/08/2024 5:00,75.62
16/08/2024 6:00,85.55
16/08/2024 7:00,96.91
16/08/2024 8:00,102.43
16/08/2024 9:00,86.1
16/08/2024 10:00,83.83
16/08/2024 11:00,69.71
16/08/2024 12:00,61.29
16/08/2024 13:00,52.65
16/08/2024 14:00,48.73
16/08/2024 15:00,54.57
16/08/2024 16:00,67.51
16/08/2024 17:00,75.97
16/08/2024 18:00,88.66
16/08/2024 19:00,146.29
16/08/2024 20:00,153.56
16/08/2024 21:00,133.17
16/08/2024 22:00,124.67
16/08/2024 23:00,116.14
17/08/2024 0:00,106.99
17/08/2024 1:00,97.02
17/08/2024 2:00,94.8
17/08/2024 3:00,88.56
17/08/2024 4:00,84.29
17/08/2024 5:00,84.61
17/08/2024 6:00,85.9
17/08/2024 7:00,83.73
17/08/2024 8:00,90.47
17/08/2024 9:00,75.86
17/08/2024 10:00,68.47
17/08/2024 11:00,51.43
17/08/2024 12:00,41.21
17/08/2024 13:00,35.09
17/08/2024 14:00,30.83
17/08/2024 15:00,35.27
17/08/2024 16:00,50.45
17/08/2024 17:00,75.09
17/08/2024 18:00,87.5
17/08/2024 19:00,105.37
17/08/2024 20:00,119.07
17/08/2024 21:00,118.16
17/08/2024 22:00,114.32
17/08/2024 23:00,105.25
18/08/2024 0:00,94.93
18/08/2024 1:00,88.64
18/08/2024 2:00,83.28
18/08/2024 3:00,77.94
18/08/2024 4:00,74.85
18/08/2024 5:00,72.35
18/08/2024 6:00,73
18/08/2024 7:00,69.05
18/08/2024 8:00,69.87
18/08/2024 9:00,53.16
18/08/2024 10:00,32
18/08/2024 11:00,20.38
18/08/2024 12:00,18.2
18/08/2024 13:00,8.78
18/08/2024 14:00,0.38
18/08/2024 15:00,-5.48
18/08/2024 16:00,-0.38
18/08/2024 17:00,32.19
18/08/2024 18:00,57.95
18/08/2024 19:00,85.77
18/08/2024 20:00,96.82
18/08/2024 21:00,110
18/08/2024 22:00,111.44
18/08/2024 23:00,99.5
19/08/2024 0:00,93.69
19/08/2024 1:00,81.4
19/08/2024 2:00,77.44
19/08/2024 3:00,79.1
19/08/2024 4:00,78.67
19/08/2024 5:00,82.41
19/08/2024 6:00,97.94
19/08/2024 7:00,125.85
19/08/2024 8:00,122.52
19/08/2024 9:00,112.58
19/08/2024 10:00,88.79
19/08/2024 11:00,82.02
19/08/2024 12:00,76.91
19/08/2024 13:00,73.82
19/08/2024 14:00,72.97
19/08/2024 15:00,72.72
19/08/2024 16:00,75.65
19/08/2024 17:00,89.37
19/08/2024 18:00,105.27
19/08/2024 19:00,146.65
19/08/2024 20:00,165
19/08/2024 21:00,128.19
19/08/2024 22:00,100.8
19/08/2024 23:00,86.18
20/08/2024 0:00,85.22
20/08/2024 1:00,75.69
20/08/2024 2:00,69.6
20/08/2024 3:00,60.07
20/08/2024 4:00,58.37
20/08/2024 5:00,64.85
20/08/2024 6:00,88.76
20/08/2024 7:00,101.36
20/08/2024 8:00,106.29
20/08/2024 9:00,95.06
20/08/2024 10:00,67
20/08/2024 11:00,49.21
20/08/2024 12:00,35.98
20/08/2024 13:00,18.27
20/08/2024 14:00,12.21
20/08/2024 15:00,31.35
20/08/2024 16:00,41.48
20/08/2024 17:00,69.87
20/08/2024 18:00,87.47
20/08/2024 19:00,110.18
20/08/2024 20:00,108.1
20/08/2024 21:00,96.8
20/08/2024 22:00,91.72
20/08/2024 23:00,80.35
21/08/2024 0:00,59.51
21/08/2024 1:00,48.35
21/08/2024 2:00,44.78
21/08/2024 3:00,30.26
21/08/2024 4:00,36.72
21/08/2024 5:00,41.96
21/08/2024 6:00,75.38
21/08/2024 7:00,87.44
21/08/2024 8:00,87.42
21/08/2024 9:00,53.33
21/08/2024 10:00,0.1
21/08/2024 11:00,-4.77
21/08/2024 12:00,-12.02
21/08/2024 13:00,-19.37
21/08/2024 14:00,-20
21/08/2024 15:00,-15.56
21/08/2024 16:00,-10.11
21/08/2024 17:00,4.38
21/08/2024 18:00,69
21/08/2024 19:00,98.81
21/08/2024 20:00,109.19
21/08/2024 21:00,109.81
21/08/2024 22:00,96.83
21/08/2024 23:00,84.11
22/08/2024 0:00,62.62
22/08/2024 1:00,51.2
22/08/2024 2:00,46.72
22/08/2024 3:00,30.77
22/08/2024 4:00,27.21
22/08/2024 5:00,33.85
22/08/2024 6:00,61.55
22/08/2024 7:00,24.6
22/08/2024 8:00,24.18
22/08/2024 9:00,-2.31
22/08/2024 10:00,-13.61
22/08/2024 11:00,-24.49
22/08/2024 12:00,-24.82
22/08/2024 13:00,-35
22/08/2024 14:00,-31.8
22/08/2024 15:00,-15.55
22/08/2024 16:00,-11.73
22/08/2024 17:00,-3.3
22/08/2024 18:00,88.29
22/08/2024 19:00,113.88
22/08/2024 20:00,115.59
22/08/2024 21:00,111.58
22/08/2024 22:00,96.35
22/08/2024 23:00,79.78
23/08/2024 0:00,52.56
23/08/2024 1:00,41.06
23/08/2024 2:00,34.3
23/08/2024 3:00,19.86
23/08/2024 4:00,9.64
23/08/2024 5:00,8.34
23/08/2024 6:00,12.73
23/08/2024 7:00,23.59
23/08/2024 8:00,22.79
23/08/2024 9:00,0.06
23/08/2024 10:00,-0.79
23/08/2024 11:00,-3.02
23/08/2024 12:00,-3.75
23/08/2024 13:00,-7.9
23/08/2024 14:00,-12.09
23/08/2024 15:00,-8.31
23/08/2024 16:00,-6.3
23/08/2024 17:00,1.45
23/08/2024 18:00,52.74
23/08/2024 19:00,101.05
23/08/2024 20:00,115
23/08/2024 21:00,123.68
23/08/2024 22:00,119.86
23/08/2024 23:00,101.44
24/08/2024 0:00,97.42
24/08/2024 1:00,78.59
24/08/2024 2:00,74.26
24/08/2024 3:00,70.7
24/08/2024 4:00,72.17
24/08/2024 5:00,73.14
24/08/2024 6:00,78.3
24/08/2024 7:00,67.05
24/08/2024 8:00,52.74
24/08/2024 9:00,15
24/08/2024 10:00,-0.02
24/08/2024 11:00,-6.8
24/08/2024 12:00,-18.56
24/08/2024 13:00,-39.5
24/08/2024 14:00,-43.39
24/08/2024 15:00,-26.74
24/08/2024 16:00,-5.97
24/08/2024 17:00,-1
24/08/2024 18:00,39.19
24/08/2024 19:00,80
24/08/2024 20:00,81.61
24/08/2024 21:00,70.6
24/08/2024 22:00,65.79
24/08/2024 23:00,51.49
25/08/2024 0:00,3.27
25/08/2024 1:00,2.25
25/08/2024 2:00,0.54
25/08/2024 3:00,-0.32
25/08/2024 4:00,0.01
25/08/2024 5:00,0.62
25/08/2024 6:00,0.89
25/08/2024 7:00,0.01
25/08/2024 8:00,0.11
25/08/2024 9:00,-1.34
25/08/2024 10:00,-5.88
25/08/2024 11:00,-8.54
25/08/2024 12:00,-9.59
25/08/2024 13:00,-12.87
25/08/2024 14:00,-18.29
25/08/2024 15:00,-9.82
25/08/2024 16:00,-3.33
25/08/2024 17:00,-1
25/08/2024 18:00,49.77
25/08/2024 19:00,96.97
25/08/2024 20:00,104.96
25/08/2024 21:00,108.31
25/08/2024 22:00,101.54
25/08/2024 23:00,92.9
26/08/2024 0:00,73.92
26/08/2024 1:00,66.91
26/08/2024 2:00,64.03
26/08/2024 3:00,56.2
26/08/2024 4:00,54.55
26/08/2024 5:00,66.51
26/08/2024 6:00,83.74
26/08/2024 7:00,88.75
26/08/2024 8:00,96.87
26/08/2024 9:00,63.61
26/08/2024 10:00,14.9
26/08/2024 11:00,2.68
26/08/2024 12:00,23.06
26/08/2024 13:00,17.82
26/08/2024 14:00,37.1
26/08/2024 15:00,44.25
26/08/2024 16:00,55.71
26/08/2024 17:00,91.26
26/08/2024 18:00,109.92
26/08/2024 19:00,149.34
26/08/2024 20:00,170.04
26/08/2024 21:00,126.93
26/08/2024 22:00,111.02
26/08/2024 23:00,99.77
27/08/2024 0:00,98.57
27/08/2024 1:00,86.6
27/08/2024 2:00,76.05
27/08/2024 3:00,69.39
27/08/2024 4:00,63.03
27/08/2024 5:00,69.29
27/08/2024 6:00,90.31
27/08/2024 7:00,102.76
27/08/2024 8:00,99.25
27/08/2024 9:00,82.57
27/08/2024 10:00,62.36
27/08/2024 11:00,28.82
27/08/2024 12:00,4.92
27/08/2024 13:00,1.33
27/08/2024 14:00,2.06
27/08/2024 15:00,24.55
27/08/2024 16:00,50.27
27/08/2024 17:00,87.34
27/08/2024 18:00,113.85
27/08/2024 19:00,170.41
27/08/2024 20:00,164.73
27/08/2024 21:00,120.95
27/08/2024 22:00,105.89
27/08/2024 23:00,93.25
28/08/2024 0:00,91.18
28/08/2024 1:00,91.78
28/08/2024 2:00,87.2
28/08/2024 3:00,87.11
28/08/2024 4:00,84.85
28/08/2024 5:00,88.38
28/08/2024 6:00,105.9
28/08/2024 7:00,126.13
28/08/2024 8:00,120.76
28/08/2024 9:00,105.57
28/08/2024 10:00,88.38
28/08/2024 11:00,70
28/08/2024 12:00,36.73
28/08/2024 13:00,12.66
28/08/2024 14:00,10.11
28/08/2024 15:00,55.21
28/08/2024 16:00,79.53
28/08/2024 17:00,91.65
28/08/2024 18:00,105
28/08/2024 19:00,153.98
28/08/2024 20:00,158.47
28/08/2024 21:00,125.36
28/08/2024 22:00,112.68
28/08/2024 23:00,100.8
29/08/2024 0:00,94.26
29/08/2024 1:00,94.47
29/08/2024 2:00,89.41
29/08/2024 3:00,88.92
29/08/2024 4:00,89.64
29/08/2024 5:00,97.43
29/08/2024 6:00,110.15
29/08/2024 7:00,128.43
29/08/2024 8:00,126.24
29/08/2024 9:00,108.73
29/08/2024 10:00,92.26
29/08/2024 11:00,84.53
29/08/2024 12:00,66.11
29/08/2024 13:00,45.83
29/08/2024 14:00,52.6
29/08/2024 15:00,79.86
29/08/2024 16:00,89.91
29/08/2024 17:00,104
29/08/2024 18:00,114.69
29/08/2024 19:00,164.09
29/08/2024 20:00,199.89
29/08/2024 21:00,148.54
29/08/2024 22:00,124.4
29/08/2024 23:00,107.4
30/08/2024 0:00,105.24
30/08/2024 1:00,95.05
30/08/2024 2:00,92.19
30/08/2024 3:00,84.78
30/08/2024 4:00,83.05
30/08/2024 5:00,89.99
30/08/2024 6:00,108.25
30/08/2024 7:00,125.31
30/08/2024 8:00,128
30/08/2024 9:00,113.7
30/08/2024 10:00,98.28
30/08/2024 11:00,89.98
30/08/2024 12:00,86.35
30/08/2024 13:00,80.48
30/08/2024 14:00,79.18
30/08/2024 15:00,82.33
30/08/2024 16:00,86.18
30/08/2024 17:00,100.2
30/08/2024 18:00,115.5
30/08/2024 19:00,133.46
30/08/2024 20:00,119.11
30/08/2024 21:00,107.75
30/08/2024 22:00,96.86
30/08/2024 23:00,95.5
31/08/2024 0:00,105.7
31/08/2024 1:00,92.45
31/08/2024 2:00,88.43
31/08/2024 3:00,81.98
31/08/2024 4:00,74.14
31/08/2024 5:00,76.74
31/08/2024 6:00,80.59
31/08/2024 7:00,83.64
31/08/2024 8:00,90.79
31/08/2024 9:00,84.92
31/08/2024 10:00,60.13
31/08/2024 11:00,18.34
31/08/2024 12:00,-10
31/08/2024 13:00,-14.9
31/08/2024 14:00,-18.26
31/08/2024 15:00,-14.69
31/08/2024 16:00,19.17
31/08/2024 17:00,73.99
31/08/2024 18:00,109.28
31/08/2024 19:00,126.04
31/08/2024 20:00,123.36
31/08/2024 21:00,107.71
31/08/2024 22:00,100.1
31/08/2024 23:00,89.43
01/09/2024 0:00,93.93
01/09/2024 1:00,85.99
01/09/2024 2:00,80.37
01/09/2024 3:00,74.19
01/09/2024 4:00,68.22
01/09/2024 5:00,65.72
01/09/2024 6:00,65.86
01/09/2024 7:00,64.61
01/09/2024 8:00,60.6
01/09/2024 9:00,41.27
01/09/2024 10:00,12.73
01/09/2024 11:00,-3.5
01/09/2024 12:00,-28.02
01/09/2024 13:00,-53.61
01/09/2024 14:00,-31.4
01/09/2024 15:00,-10.72
01/09/2024 16:00,25.38
01/09/2024 17:00,78.5
01/09/2024 18:00,104.56
01/09/2024 19:00,127.02
01/09/2024 20:00,124.75
01/09/2024 21:00,108.71
01/09/2024 22:00,103.49
01/09/2024 23:00,91.11
02/09/2024 0:00,91.78
02/09/2024 1:00,94.9
02/09/2024 2:00,92.42
02/09/2024 3:00,92.53
02/09/2024 4:00,89.51
02/09/2024 5:00,97.32
02/09/2024 6:00,107.79
02/09/2024 7:00,127.63
02/09/2024 8:00,131.52
02/09/2024 9:00,122.64
02/09/2024 10:00,102.83
02/09/2024 11:00,90.87
02/09/2024 12:00,85.25
02/09/2024 13:00,81.4
02/09/2024 14:00,83.93
02/09/2024 15:00,89.18
02/09/2024 16:00,94.07
02/09/2024 17:00,106.19
02/09/2024 18:00,127.76
02/09/2024 19:00,186.48
02/09/2024 20:00,171.81
02/09/2024 21:00,132.98
02/09/2024 22:00,115.24
02/09/2024 23:00,104.21
03/09/2024 0:00,99.56
03/09/2024 1:00,92.3
03/09/2024 2:00,91.07
03/09/2024 3:00,90.08
03/09/2024 4:00,91.34
03/09/2024 5:00,97.78
03/09/2024 6:00,116.2
03/09/2024 7:00,135.8
03/09/2024 8:00,133.95
03/09/2024 9:00,115.98
03/09/2024 10:00,98.88
03/09/2024 11:00,90.02
03/09/2024 12:00,84.87
03/09/2024 13:00,82.83
03/09/2024 14:00,84.32
03/09/2024 15:00,86.79
03/09/2024 16:00,91.9
03/09/2024 17:00,106.78
03/09/2024 18:00,156.4
03/09/2024 19:00,268.94
03/09/2024 20:00,249.42
03/09/2024 21:00,165.77
03/09/2024 22:00,129.21
03/09/2024 23:00,116.08
04/09/2024 0:00,108.26
04/09/2024 1:00,97.91
04/09/2024 2:00,94.39
04/09/2024 3:00,90.87
04/09/2024 4:00,86.92
04/09/2024 5:00,96.02
04/09/2024 6:00,121.15
04/09/2024 7:00,146.79
04/09/2024 8:00,139.29
04/09/2024 9:00,123.04
04/09/2024 10:00,107.21
04/09/2024 11:00,95.96
04/09/2024 12:00,92.09
04/09/2024 13:00,90.53
04/09/2024 14:00,89.47
04/09/2024 15:00,92.61
04/09/2024 16:00,96.97
04/09/2024 17:00,111.3
04/09/2024 18:00,140.96
04/09/2024 19:00,209.58
04/09/2024 20:00,149.86
04/09/2024 21:00,126.77
04/09/2024 22:00,109.68
04/09/2024 23:00,100.64
05/09/2024 0:00,101.27
05/09/2024 1:00,94.6
05/09/2024 2:00,90
05/09/2024 3:00,87.11
05/09/2024 4:00,79.37
05/09/2024 5:00,82.41
05/09/2024 6:00,96.2
05/09/2024 7:00,113
05/09/2024 8:00,119.04
05/09/2024 9:00,97.68
05/09/2024 10:00,90
05/09/2024 11:00,68.67
05/09/2024 12:00,63.95
05/09/2024 13:00,45.81
05/09/2024 14:00,59.64
05/09/2024 15:00,45.83
05/09/2024 16:00,55
05/09/2024 17:00,85.37
05/09/2024 18:00,87.66
05/09/2024 19:00,106.33
05/09/2024 20:00,105.81
05/09/2024 21:00,95
05/09/2024 22:00,85.04
05/09/2024 23:00,79.54
06/09/2024 0:00,69.04
06/09/2024 1:00,60.98
06/09/2024 2:00,50.98
06/09/2024 3:00,49.14
06/09/2024 4:00,58.28
06/09/2024 5:00,70
06/09/2024 6:00,91.23
06/09/2024 7:00,117.34
06/09/2024 8:00,119.43
06/09/2024 9:00,105.03
06/09/2024 10:00,100.6
06/09/2024 11:00,98.1
06/09/2024 12:00,75.53
06/09/2024 13:00,72.89
06/09/2024 14:00,32
06/09/2024 15:00,50.55
06/09/2024 16:00,76.07
06/09/2024 17:00,89.9
06/09/2024 18:00,96.68
06/09/2024 19:00,113.87
06/09/2024 20:00,123.17
06/09/2024 21:00,100.61
06/09/2024 22:00,95.72
06/09/2024 23:00,92.98
07/09/2024 0:00,99.63
07/09/2024 1:00,93.92
07/09/2024 2:00,83.11
07/09/2024 3:00,73.11
07/09/2024 4:00,70.44
07/09/2024 5:00,73.49
07/09/2024 6:00,79.7
07/09/2024 7:00,84.98
07/09/2024 8:00,92.89
07/09/2024 9:00,83.41
07/09/2024 10:00,51.52
07/09/2024 11:00,14.36
07/09/2024 12:00,5.48
07/09/2024 13:00,1.02
07/09/2024 14:00,0.44
07/09/2024 15:00,8.55
07/09/2024 16:00,41.26
07/09/2024 17:00,71.74
07/09/2024 18:00,100.92
07/09/2024 19:00,137.4
07/09/2024 20:00,115.26
07/09/2024 21:00,93.91
07/09/2024 22:00,86.99
07/09/2024 23:00,89.34
08/09/2024 0:00,92.2
08/09/2024 1:00,81.24
08/09/2024 2:00,71.93
08/09/2024 3:00,59.15
08/09/2024 4:00,48.81
08/09/2024 5:00,44.75
08/09/2024 6:00,48.78
08/09/2024 7:00,42.81
08/09/2024 8:00,46.52
08/09/2024 9:00,26.42
08/09/2024 10:00,8.29
08/09/2024 11:00,0.44
08/09/2024 12:00,0.04
08/09/2024 13:00,0
08/09/2024 14:00,-0.55
08/09/2024 15:00,1.67
08/09/2024 16:00,33.17
08/09/2024 17:00,45.46
08/09/2024 18:00,68.36
08/09/2024 19:00,94.4
08/09/2024 20:00,111.16
08/09/2024 21:00,94.83
08/09/2024 22:00,90.44
08/09/2024 23:00,87.67
09/09/2024 0:00,70.07
09/09/2024 1:00,69.87
09/09/2024 2:00,58.18
09/09/2024 3:00,68.8
09/09/2024 4:00,59.45
09/09/2024 5:00,72.7
09/09/2024 6:00,90.73
09/09/2024 7:00,130
09/09/2024 8:00,148.4
09/09/2024 9:00,104.93
09/09/2024 10:00,85.18
09/09/2024 11:00,63.96
09/09/2024 12:00,55.11
09/09/2024 13:00,48.11
09/09/2024 14:00,34.92
09/09/2024 15:00,38.94
09/09/2024 16:00,37.63
09/09/2024 17:00,44.15
09/09/2024 18:00,89.45
09/09/2024 19:00,115.35
09/09/2024 20:00,112.29
09/09/2024 21:00,96.13
09/09/2024 22:00,88.05
09/09/2024 23:00,79.87
10/09/2024 0:00,67.92
10/09/2024 1:00,62.87
10/09/2024 2:00,60.64
10/09/2024 3:00,54.3
10/09/2024 4:00,39.72
10/09/2024 5:00,46.07
10/09/2024 6:00,68.22
10/09/2024 7:00,96.31
10/09/2024 8:00,97.73
10/09/2024 9:00,77.14
10/09/2024 10:00,52.6
10/09/2024 11:00,10.52
10/09/2024 12:00,1.92
10/09/2024 13:00,1.06
10/09/2024 14:00,1.82
10/09/2024 15:00,-0.01
10/09/2024 16:00,0.95
10/09/2024 17:00,24.86
10/09/2024 18:00,66.09
10/09/2024 19:00,90.5
10/09/2024 20:00,93.3
10/09/2024 21:00,81.02
10/09/2024 22:00,82.93
10/09/2024 23:00,67.78
11/09/2024 0:00,30.62
11/09/2024 1:00,19.39
11/09/2024 2:00,29.41
11/09/2024 3:00,19.8
11/09/2024 4:00,27.44
11/09/2024 5:00,26.88
11/09/2024 6:00,79.45
11/09/2024 7:00,95.89
11/09/2024 8:00,104.98
11/09/2024 9:00,95.92
11/09/2024 10:00,73.4
11/09/2024 11:00,42.84
11/09/2024 12:00,30.97
11/09/2024 13:00,17.5
11/09/2024 14:00,-0.22
11/09/2024 15:00,41.17
11/09/2024 16:00,55.19
11/09/2024 17:00,76.06
11/09/2024 18:00,97.77
11/09/2024 19:00,120.76
11/09/2024 20:00,124.19
11/09/2024 21:00,106.96
11/09/2024 22:00,100.3
11/09/2024 23:00,96.81
12/09/2024 0:00,74.66
12/09/2024 1:00,70.43
12/09/2024 2:00,77.16
12/09/2024 3:00,66.13
12/09/2024 4:00,56.85
12/09/2024 5:00,73.02
12/09/2024 6:00,95.27
12/09/2024 7:00,123.55
12/09/2024 8:00,127.77
12/09/2024 9:00,103.45
12/09/2024 10:00,84.76
12/09/2024 11:00,66.19
12/09/2024 12:00,68.12
12/09/2024 13:00,62.05
12/09/2024 14:00,55.17
12/09/2024 15:00,46.03
12/09/2024 16:00,47.07
12/09/2024 17:00,62.28
12/09/2024 18:00,92.03
12/09/2024 19:00,163.42
12/09/2024 20:00,155.95
12/09/2024 21:00,109.15
12/09/2024 22:00,96.24
12/09/2024 23:00,89.5
13/09/2024 0:00,87.73
13/09/2024 1:00,75.64
13/09/2024 2:00,64.17
13/09/2024 3:00,43.54
13/09/2024 4:00,39.45
13/09/2024 5:00,62.5
13/09/2024 6:00,87.49
13/09/2024 7:00,112.87
13/09/2024 8:00,124.81
13/09/2024 9:00,113.49
13/09/2024 10:00,76.67
13/09/2024 11:00,73.6
13/09/2024 12:00,26.27
13/09/2024 13:00,20.5
13/09/2024 14:00,7.27
13/09/2024 15:00,32.05
13/09/2024 16:00,61.88
13/09/2024 17:00,67.97
13/09/2024 18:00,89.57
13/09/2024 19:00,100.04
13/09/2024 20:00,99.3
13/09/2024 21:00,90.77
13/09/2024 22:00,84.3
13/09/2024 23:00,77.5
14/09/2024 0:00,79.25
14/09/2024 1:00,73.02
14/09/2024 2:00,66.51
14/09/2024 3:00,62.94
14/09/2024 4:00,62.99
14/09/2024 5:00,57.26
14/09/2024 6:00,65.45
14/09/2024 7:00,81.02
14/09/2024 8:00,87.46
14/09/2024 9:00,73.94
14/09/2024 10:00,42.82
14/09/2024 11:00,8.23
14/09/2024 12:00,1.4
14/09/2024 13:00,0.44
14/09/2024 14:00,0.07
14/09/2024 15:00,1.02
14/09/2024 16:00,11.16
14/09/2024 17:00,56.84
14/09/2024 18:00,91.26
14/09/2024 19:00,107.09
14/09/2024 20:00,116.16
14/09/2024 21:00,90.48
14/09/2024 22:00,91.05
14/09/2024 23:00,85.68
15/09/2024 0:00,76.21
15/09/2024 1:00,69.26
15/09/2024 2:00,63.11
15/09/2024 3:00,62.65
15/09/2024 4:00,59.27
15/09/2024 5:00,61.6
15/09/2024 6:00,65.19
15/09/2024 7:00,81.43
15/09/2024 8:00,75.53
15/09/2024 9:00,34.77
15/09/2024 10:00,10.92
15/09/2024 11:00,0.07
15/09/2024 12:00,0
15/09/2024 13:00,-0.01
15/09/2024 14:00,-0.39
15/09/2024 15:00,-0.13
15/09/2024 16:00,10.4
15/09/2024 17:00,44.34
15/09/2024 18:00,83.99
15/09/2024 19:00,101.99
15/09/2024 20:00,101.99
15/09/2024 21:00,93.45
15/09/2024 22:00,86.82
15/09/2024 23:00,78.08
16/09/2024 0:00,68.18
16/09/2024 1:00,50.39
16/09/2024 2:00,47.15
16/09/2024 3:00,51.94
16/09/2024 4:00,48.49
16/09/2024 5:00,45.72
16/09/2024 6:00,78.93
16/09/2024 7:00,118
16/09/2024 8:00,138.53
16/09/2024 9:00,115.19
16/09/2024 10:00,90.34
16/09/2024 11:00,79
16/09/2024 12:00,69.7
16/09/2024 13:00,67.39
16/09/2024 14:00,54.88
16/09/2024 15:00,50.67
16/09/2024 16:00,51.9
16/09/2024 17:00,39.36
16/09/2024 18:00,65.05
16/09/2024 19:00,84.36
16/09/2024 20:00,98.27
16/09/2024 21:00,73.74
16/09/2024 22:00,71.5
16/09/2024 23:00,69.64
17/09/2024 0:00,73.63
17/09/2024 1:00,66.36
17/09/2024 2:00,63.27
17/09/2024 3:00,66.14
17/09/2024 4:00,64.49
17/09/2024 5:00,66.78
17/09/2024 6:00,85.15
17/09/2024 7:00,86.36
17/09/2024 8:00,90.19
17/09/2024 9:00,90.2
17/09/2024 10:00,67.52
17/09/2024 11:00,57.42
17/09/2024 12:00,41.8
17/09/2024 13:00,25.64
17/09/2024 14:00,7.45
17/09/2024 15:00,26.8
17/09/2024 16:00,52.34
17/09/2024 17:00,68.68
17/09/2024 18:00,71.23
17/09/2024 19:00,89.47
17/09/2024 20:00,78.19
17/09/2024 21:00,69.79
17/09/2024 22:00,75.9
17/09/2024 23:00,68.5
18/09/2024 0:00,74.24
18/09/2024 1:00,75.38
18/09/2024 2:00,75
18/09/2024 3:00,70.7
18/09/2024 4:00,68.59
18/09/2024 5:00,78.87
18/09/2024 6:00,84.2
18/09/2024 7:00,111.55
18/09/2024 8:00,114.68
18/09/2024 9:00,96.05
18/09/2024 10:00,77.02
18/09/2024 11:00,43.89
18/09/2024 12:00,5.49
18/09/2024 13:00,0
18/09/2024 14:00,-0.04
18/09/2024 15:00,0.69
18/09/2024 16:00,32.95
18/09/2024 17:00,74.26
18/09/2024 18:00,106.7
18/09/2024 19:00,124.36
18/09/2024 20:00,108.24
18/09/2024 21:00,85.41
18/09/2024 22:00,77.53
18/09/2024 23:00,69.85
19/09/2024 0:00,68
19/09/2024 1:00,59.42
19/09/2024 2:00,74.24
19/09/2024 3:00,72.03
19/09/2024 4:00,52.8
19/09/2024 5:00,68.65
19/09/2024 6:00,88.18
19/09/2024 7:00,112.9
19/09/2024 8:00,108.81
19/09/2024 9:00,91.79
19/09/2024 10:00,74.81
19/09/2024 11:00,43.18
19/09/2024 12:00,4.97
19/09/2024 13:00,-0.05
19/09/2024 14:00,-0.09
19/09/2024 15:00,3.8
19/09/2024 16:00,47.66
19/09/2024 17:00,78.14
19/09/2024 18:00,98.15
19/09/2024 19:00,123.19
19/09/2024 20:00,113.06
19/09/2024 21:00,89.99
19/09/2024 22:00,88.97
19/09/2024 23:00,78.87
20/09/2024 0:00,55.49
20/09/2024 1:00,53.86
20/09/2024 2:00,63.22
20/09/2024 3:00,67.34
20/09/2024 4:00,67.6
20/09/2024 5:00,72.64
20/09/2024 6:00,83.82
20/09/2024 7:00,113.32
20/09/2024 8:00,101.69
20/09/2024 9:00,88.92
20/09/2024 10:00,62.05
20/09/2024 11:00,24.69
20/09/2024 12:00,8.88
20/09/2024 13:00,0.02
20/09/2024 14:00,0.07
20/09/2024 15:00,9.12
20/09/2024 16:00,44.61
20/09/2024 17:00,80.78
20/09/2024 18:00,104.75
20/09/2024 19:00,127.21
20/09/2024 20:00,108.84
20/09/2024 21:00,90.99
20/09/2024 22:00,87.76
20/09/2024 23:00,79.56
21/09/2024 0:00,79.01
21/09/2024 1:00,75.46
21/09/2024 2:00,71.55
21/09/2024 3:00,65.38
21/09/2024 4:00,56.4
21/09/2024 5:00,57.45
21/09/2024 6:00,74.49
21/09/2024 7:00,72.11
21/09/2024 8:00,58.5
21/09/2024 9:00,59.11
21/09/2024 10:00,22
21/09/2024 11:00,3.15
21/09/2024 12:00,0
21/09/2024 13:00,-3.36
21/09/2024 14:00,-3.95
21/09/2024 15:00,1.09
21/09/2024 16:00,39.89
21/09/2024 17:00,79.83
21/09/2024 18:00,94.12
21/09/2024 19:00,109.19
21/09/2024 20:00,97.39
21/09/2024 21:00,59.42
21/09/2024 22:00,74.66
21/09/2024 23:00,78.01
22/09/2024 0:00,86.73
22/09/2024 1:00,85.13
22/09/2024 2:00,72.26
22/09/2024 3:00,59.3
22/09/2024 4:00,56.15
22/09/2024 5:00,58.01
22/09/2024 6:00,64.33
22/09/2024 7:00,61.49
22/09/2024 8:00,80.5
22/09/2024 9:00,62.79
22/09/2024 10:00,26.27
22/09/2024 11:00,12.25
22/09/2024 12:00,14.99
22/09/2024 13:00,0.26
22/09/2024 14:00,0.01
22/09/2024 15:00,9.66
22/09/2024 16:00,55.18
22/09/2024 17:00,64.03
22/09/2024 18:00,98.14
22/09/2024 19:00,135.3
22/09/2024 20:00,120.52
22/09/2024 21:00,101.15
22/09/2024 22:00,96.3
22/09/2024 23:00,92
23/09/2024 0:00,63.78
23/09/2024 1:00,59.11
23/09/2024 2:00,58.28
23/09/2024 3:00,55.5
23/09/2024 4:00,51.65
23/09/2024 5:00,70.53
23/09/2024 6:00,88.85
23/09/2024 7:00,161.63
23/09/2024 8:00,134.7
23/09/2024 9:00,103.84
23/09/2024 10:00,93.36
23/09/2024 11:00,75.62
23/09/2024 12:00,69.88
23/09/2024 13:00,60.98
23/09/2024 14:00,49.97
23/09/2024 15:00,42.17
23/09/2024 16:00,54.33
23/09/2024 17:00,77.42
23/09/2024 18:00,139.21
23/09/2024 19:00,200.44
23/09/2024 20:00,134.71
23/09/2024 21:00,79.07
23/09/2024 22:00,63.7
23/09/2024 23:00,63.22
24/09/2024 0:00,70.71
24/09/2024 1:00,61.4
24/09/2024 2:00,54.4
24/09/2024 3:00,50.49
24/09/2024 4:00,42.11
24/09/2024 5:00,56.06
24/09/2024 6:00,74.75
24/09/2024 7:00,118.84
24/09/2024 8:00,115.63
24/09/2024 9:00,77.61
24/09/2024 10:00,61.23
24/09/2024 11:00,59.26
24/09/2024 12:00,64.96
24/09/2024 13:00,55.93
24/09/2024 14:00,51.09
24/09/2024 15:00,44.68
24/09/2024 16:00,50.94
24/09/2024 17:00,48.9
24/09/2024 18:00,96.78
24/09/2024 19:00,124.6
24/09/2024 20:00,102.63
24/09/2024 21:00,80.44
24/09/2024 22:00,75.7
24/09/2024 23:00,62.96
25/09/2024 0:00,55.15
25/09/2024 1:00,56.29
25/09/2024 2:00,47.7
25/09/2024 3:00,41.37
25/09/2024 4:00,52.34
25/09/2024 5:00,56.68
25/09/2024 6:00,67.33
25/09/2024 7:00,87.68
25/09/2024 8:00,91.87
25/09/2024 9:00,77.5
25/09/2024 10:00,63.46
25/09/2024 11:00,54.48
25/09/2024 12:00,51.61
25/09/2024 13:00,48.04
25/09/2024 14:00,61.28
25/09/2024 15:00,76.29
25/09/2024 16:00,81.3
25/09/2024 17:00,97.13
25/09/2024 18:00,139.91
25/09/2024 19:00,149.43
25/09/2024 20:00,98.13
25/09/2024 21:00,87.78
25/09/2024 22:00,84.29
25/09/2024 23:00,76.2
26/09/2024 0:00,53.81
26/09/2024 1:00,44.87
26/09/2024 2:00,41.02
26/09/2024 3:00,38
26/09/2024 4:00,34.46
26/09/2024 5:00,38.76
26/09/2024 6:00,61.88
26/09/2024 7:00,80.3
26/09/2024 8:00,80.29
26/09/2024 9:00,63.5
26/09/2024 10:00,43.66
26/09/2024 11:00,31.62
26/09/2024 12:00,17
26/09/2024 13:00,11.82
26/09/2024 14:00,11.48
26/09/2024 15:00,27.26
26/09/2024 16:00,42.39
26/09/2024 17:00,56.95
26/09/2024 18:00,74.52
26/09/2024 19:00,84.11
26/09/2024 20:00,76.07
26/09/2024 21:00,59.29
26/09/2024 22:00,51.28
26/09/2024 23:00,36.3
27/09/2024 0:00,0.18
27/09/2024 1:00,-0.09
27/09/2024 2:00,-1.09
27/09/2024 3:00,-0.37
27/09/2024 4:00,-5.98
27/09/2024 5:00,-1.1
27/09/2024 6:00,1.7
27/09/2024 7:00,27.52
27/09/2024 8:00,40.62
27/09/2024 9:00,7.78
27/09/2024 10:00,-0.6
27/09/2024 11:00,-1.62
27/09/2024 12:00,-2.32
27/09/2024 13:00,-3.06
27/09/2024 14:00,-0.04
27/09/2024 15:00,0.28
27/09/2024 16:00,4.48
27/09/2024 17:00,38.65
27/09/2024 18:00,60.85
27/09/2024 19:00,69.74
27/09/2024 20:00,65.69
27/09/2024 21:00,38.53
27/09/2024 22:00,32.84
27/09/2024 23:00,25.7
28/09/2024 0:00,1.77
28/09/2024 1:00,3.03
28/09/2024 2:00,3.29
28/09/2024 3:00,3.16
28/09/2024 4:00,3.27
28/09/2024 5:00,4.15
28/09/2024 6:00,11.96
28/09/2024 7:00,27.92
28/09/2024 8:00,31.02
28/09/2024 9:00,25.96
28/09/2024 10:00,10
28/09/2024 11:00,3.92
28/09/2024 12:00,0.67
28/09/2024 13:00,0
28/09/2024 14:00,0
28/09/2024 15:00,0.06
28/09/2024 16:00,9.84
28/09/2024 17:00,55.35
28/09/2024 18:00,81.53
28/09/2024 19:00,115.25
28/09/2024 20:00,109.86
28/09/2024 21:00,88.52
28/09/2024 22:00,84.51
28/09/2024 23:00,79.84
29/09/2024 0:00,74.94
29/09/2024 1:00,65.14
29/09/2024 2:00,52.45
29/09/2024 3:00,54.39
29/09/2024 4:00,46.75
29/09/2024 5:00,42.77
29/09/2024 6:00,48.1
29/09/2024 7:00,62
29/09/2024 8:00,61.66
29/09/2024 9:00,37.72
29/09/2024 10:00,1.33
29/09/2024 11:00,0
29/09/2024 12:00,-0.01
29/09/2024 13:00,-0.5
29/09/2024 14:00,-0.45
29/09/2024 15:00,0
29/09/2024 16:00,20.63
29/09/2024 17:00,52.36
29/09/2024 18:00,74.6
29/09/2024 19:00,103.02
29/09/2024 20:00,69.47
29/09/2024 21:00,65.08
29/09/2024 22:00,64.09
29/09/2024 23:00,37.32
30/09/2024 0:00,12.93
30/09/2024 1:00,5.42
30/09/2024 2:00,4
30/09/2024 3:00,2.6
30/09/2024 4:00,2.77
30/09/2024 5:00,8.35
30/09/2024 6:00,34.7
30/09/2024 7:00,50.21
30/09/2024 8:00,69.5
30/09/2024 9:00,43.04
30/09/2024 10:00,18.38
30/09/2024 11:00,8.64
30/09/2024 12:00,4.13
30/09/2024 13:00,0.91
30/09/2024 14:00,5.41
30/09/2024 15:00,10.9
30/09/2024 16:00,22.09
30/09/2024 17:00,34.07
30/09/2024 18:00,34.01
30/09/2024 19:00,63.05
30/09/2024 20:00,44.08
30/09/2024 21:00,23.9
30/09/2024 22:00,20.28
30/09/2024 23:00,9.84
01/10/2024 0:00,3.21
01/10/2024 1:00,0.07
01/10/2024 2:00,0.05
01/10/2024 3:00,0.02
01/10/2024 4:00,0.09
01/10/2024 5:00,2.85
01/10/2024 6:00,55.01
01/10/2024 7:00,103.06
01/10/2024 8:00,114.84
01/10/2024 9:00,100.18
01/10/2024 10:00,76.32
01/10/2024 11:00,68.62
01/10/2024 12:00,58.72
01/10/2024 13:00,55.53
01/10/2024 14:00,56.38
01/10/2024 15:00,59.7
01/10/2024 16:00,73.54
01/10/2024 17:00,89.92
01/10/2024 18:00,116.09
01/10/2024 19:00,140.9
01/10/2024 20:00,119.87
01/10/2024 21:00,92.73
01/10/2024 22:00,91.42
01/10/2024 23:00,76.21
02/10/2024 0:00,85.31
02/10/2024 1:00,76.96
02/10/2024 2:00,76.39
02/10/2024 3:00,74.17
02/10/2024 4:00,74.09
02/10/2024 5:00,80.1
02/10/2024 6:00,97.87
02/10/2024 7:00,119.46
02/10/2024 8:00,128.95
02/10/2024 9:00,112.66
02/10/2024 10:00,96.02
02/10/2024 11:00,91.88
02/10/2024 12:00,88.9
02/10/2024 13:00,82.3
02/10/2024 14:00,77.59
02/10/2024 15:00,77.76
02/10/2024 16:00,76.29
02/10/2024 17:00,88.66
02/10/2024 18:00,115.98
02/10/2024 19:00,134.9
02/10/2024 20:00,116.5
02/10/2024 21:00,97.44
02/10/2024 22:00,93.46
02/10/2024 23:00,85
03/10/2024 0:00,62.6
03/10/2024 1:00,51.05
03/10/2024 2:00,55.28
03/10/2024 3:00,43.06
03/10/2024 4:00,37.64
03/10/2024 5:00,52.79
03/10/2024 6:00,71.21
03/10/2024 7:00,91.54
03/10/2024 8:00,99.01
03/10/2024 9:00,83.01
03/10/2024 10:00,66.53
03/10/2024 11:00,56.96
03/10/2024 12:00,43.06
03/10/2024 13:00,35.19
03/10/2024 14:00,37.15
03/10/2024 15:00,43.73
03/10/2024 16:00,58.39
03/10/2024 17:00,69.82
03/10/2024 18:00,109.94
03/10/2024 19:00,127.58
03/10/2024 20:00,120.94
03/10/2024 21:00,100.96
03/10/2024 22:00,92.74
03/10/2024 23:00,84.95
04/10/2024 0:00,74.33
04/10/2024 1:00,72.52
04/10/2024 2:00,74
04/10/2024 3:00,75.33
04/10/2024 4:00,72.33
04/10/2024 5:00,77.1
04/10/2024 6:00,103
04/10/2024 7:00,127.35
04/10/2024 8:00,141.4
04/10/2024 9:00,116.5
04/10/2024 10:00,100.14
04/10/2024 11:00,79.86
04/10/2024 12:00,71.21
04/10/2024 13:00,64.94
04/10/2024 14:00,60.29
04/10/2024 15:00,61.1
04/10/2024 16:00,70.7
04/10/2024 17:00,90.9
04/10/2024 18:00,113.26
04/10/2024 19:00,142.06
04/10/2024 20:00,123.7
04/10/2024 21:00,99.9
04/10/2024 22:00,99.9
04/10/2024 23:00,90
05/10/2024 0:00,93.1
05/10/2024 1:00,84.64
05/10/2024 2:00,81.4
05/10/2024 3:00,75.54
05/10/2024 4:00,75.72
05/10/2024 5:00,79.82
05/10/2024 6:00,86.2
05/10/2024 7:00,100.4
05/10/2024 8:00,110
05/10/2024 9:00,94.99
05/10/2024 10:00,67.67
05/10/2024 11:00,47.21
05/10/2024 12:00,32.51
05/10/2024 13:00,26.72
05/10/2024 14:00,6.8
05/10/2024 15:00,29.52
05/10/2024 16:00,44.56
05/10/2024 17:00,69.57
05/10/2024 18:00,93.86
05/10/2024 19:00,109.86
05/10/2024 20:00,100.28
05/10/2024 21:00,83.55
05/10/2024 22:00,78.6
05/10/2024 23:00,67
06/10/2024 0:00,55.35
06/10/2024 1:00,44.22
06/10/2024 2:00,40.32
06/10/2024 3:00,31.86
06/10/2024 4:00,28.37
06/10/2024 5:00,28.71
06/10/2024 6:00,31.75
06/10/2024 7:00,35.47
06/10/2024 8:00,37.8
06/10/2024 9:00,33.31
06/10/2024 10:00,33.79
06/10/2024 11:00,16.68
06/10/2024 12:00,5.25
06/10/2024 13:00,-0.01
06/10/2024 14:00,-0.01
06/10/2024 15:00,0.2
06/10/2024 16:00,48.4
06/10/2024 17:00,50.01
06/10/2024 18:00,65.63
06/10/2024 19:00,77.18
06/10/2024 20:00,81.92
06/10/2024 21:00,64.36
06/10/2024 22:00,60.79
06/10/2024 23:00,52.33
07/10/2024 0:00,34.58
07/10/2024 1:00,35.34
07/10/2024 2:00,33.25
07/10/2024 3:00,29.48
07/10/2024 4:00,31.88
07/10/2024 5:00,41.35
07/10/2024 6:00,57.14
07/10/2024 7:00,91.84
07/10/2024 8:00,108.32
07/10/2024 9:00,91.8
07/10/2024 10:00,66.05
07/10/2024 11:00,60.21
07/10/2024 12:00,56.02
07/10/2024 13:00,43.29
07/10/2024 14:00,55
07/10/2024 15:00,57.6
07/10/2024 16:00,81.16
07/10/2024 17:00,104.54
07/10/2024 18:00,159.2
07/10/2024 19:00,149.41
07/10/2024 20:00,121.49
07/10/2024 21:00,90
07/10/2024 22:00,90.44
07/10/2024 23:00,77.18
08/10/2024 0:00,64.98
08/10/2024 1:00,57.86
08/10/2024 2:00,53.73
08/10/2024 3:00,47.52
08/10/2024 4:00,47.05
08/10/2024 5:00,56.89
08/10/2024 6:00,77.77
08/10/2024 7:00,88.24
08/10/2024 8:00,100
08/10/2024 9:00,84.92
08/10/2024 10:00,74.6
08/10/2024 11:00,68.82
08/10/2024 12:00,60.56
08/10/2024 13:00,63.86
08/10/2024 14:00,68.1
08/10/2024 15:00,68.37
08/10/2024 16:00,76.35
08/10/2024 17:00,54.04
08/10/2024 18:00,98.97
08/10/2024 19:00,115.47
08/10/2024 20:00,86.85
08/10/2024 21:00,69.59
08/10/2024 22:00,57.42
08/10/2024 23:00,50
09/10/2024 0:00,37.56
09/10/2024 1:00,27.33
09/10/2024 2:00,25.04
09/10/2024 3:00,22.87
09/10/2024 4:00,24.12
09/10/2024 5:00,34.33
09/10/2024 6:00,70.8
09/10/2024 7:00,67.79
09/10/2024 8:00,78.89
09/10/2024 9:00,79.34
09/10/2024 10:00,62.66
09/10/2024 11:00,52.6
09/10/2024 12:00,53.76
09/10/2024 13:00,52.32
09/10/2024 14:00,61.28
09/10/2024 15:00,73.62
09/10/2024 16:00,61.12
09/10/2024 17:00,80
09/10/2024 18:00,115.39
09/10/2024 19:00,126.8
09/10/2024 20:00,109.26
09/10/2024 21:00,93.39
09/10/2024 22:00,92.22
09/10/2024 23:00,75.38
10/10/2024 0:00,53.84
10/10/2024 1:00,27.99
10/10/2024 2:00,25.92
10/10/2024 3:00,25.83
10/10/2024 4:00,13.87
10/10/2024 5:00,16.36
10/10/2024 6:00,40.61
10/10/2024 7:00,76.42
10/10/2024 8:00,80.46
10/10/2024 9:00,67.5
10/10/2024 10:00,52.01
10/10/2024 11:00,38.93
10/10/2024 12:00,21.89
10/10/2024 13:00,15.95
10/10/2024 14:00,20.01
10/10/2024 15:00,38.37
10/10/2024 16:00,57.66
10/10/2024 17:00,85.68
10/10/2024 18:00,102.11
10/10/2024 19:00,134.99
10/10/2024 20:00,110.87
10/10/2024 21:00,90.41
10/10/2024 22:00,89.12
10/10/2024 23:00,76.05
11/10/2024 0:00,81.34
11/10/2024 1:00,75.6
11/10/2024 2:00,74.64
11/10/2024 3:00,67.91
11/10/2024 4:00,68.8
11/10/2024 5:00,75.09
11/10/2024 6:00,99.95
11/10/2024 7:00,140.41
11/10/2024 8:00,155.49
11/10/2024 9:00,110.01
11/10/2024 10:00,90
11/10/2024 11:00,72.35
11/10/2024 12:00,61.65
11/10/2024 13:00,57.17
11/10/2024 14:00,59.56
11/10/2024 15:00,66.95
11/10/2024 16:00,76.3
11/10/2024 17:00,89.53
11/10/2024 18:00,123.03
11/10/2024 19:00,162.61
11/10/2024 20:00,114.21
11/10/2024 21:00,97.17
11/10/2024 22:00,97.73
11/10/2024 23:00,87.98
12/10/2024 0:00,87.11
12/10/2024 1:00,77.49
12/10/2024 2:00,73.14
12/10/2024 3:00,71.82
12/10/2024 4:00,68.99
12/10/2024 5:00,67.32
12/10/2024 6:00,70.03
12/10/2024 7:00,79.4
12/10/2024 8:00,79.54
12/10/2024 9:00,76.75
12/10/2024 10:00,69.38
12/10/2024 11:00,56.42
12/10/2024 12:00,42.24
12/10/2024 13:00,26.75
12/10/2024 14:00,23.34
12/10/2024 15:00,46.35
12/10/2024 16:00,61.55
12/10/2024 17:00,77.38
12/10/2024 18:00,83.38
12/10/2024 19:00,80.37
12/10/2024 20:00,60.75
12/10/2024 21:00,45.42
12/10/2024 22:00,34.87
12/10/2024 23:00,25.37
13/10/2024 0:00,0
13/10/2024 1:00,-0.01
13/10/2024 2:00,-0.07
13/10/2024 3:00,-0.37
13/10/2024 4:00,-0.51
13/10/2024 5:00,-0.09
13/10/2024 6:00,-0.13
13/10/2024 7:00,0.63
13/10/2024 8:00,16.62
13/10/2024 9:00,4.81
13/10/2024 10:00,1.73
13/10/2024 11:00,-0.12
13/10/2024 12:00,-3.83
13/10/2024 13:00,-3.79
13/10/2024 14:00,-3.94
13/10/2024 15:00,3.42
13/10/2024 16:00,10.79
13/10/2024 17:00,44.26
13/10/2024 18:00,73.35
13/10/2024 19:00,90
13/10/2024 20:00,72.29
13/10/2024 21:00,65.15
13/10/2024 22:00,63.28
13/10/2024 23:00,60.5
14/10/2024 0:00,61.36
14/10/2024 1:00,51.5
14/10/2024 2:00,52.4
14/10/2024 3:00,50.45
14/10/2024 4:00,48.89
14/10/2024 5:00,62.2
14/10/2024 6:00,98.73
14/10/2024 7:00,121.35
14/10/2024 8:00,146.73
14/10/2024 9:00,125.58
14/10/2024 10:00,103
14/10/2024 11:00,97.22
14/10/2024 12:00,91.56
14/10/2024 13:00,86.96
14/10/2024 14:00,74.16
14/10/2024 15:00,86.4
14/10/2024 16:00,96.41
14/10/2024 17:00,137.12
14/10/2024 18:00,202.4
14/10/2024 19:00,226.02
14/10/2024 20:00,158
14/10/2024 21:00,110.99
14/10/2024 22:00,99.66
14/10/2024 23:00,94.8
15/10/2024 0:00,84.41
15/10/2024 1:00,82.02
15/10/2024 2:00,79.16
15/10/2024 3:00,75.96
15/10/2024 4:00,68.33
15/10/2024 5:00,74.68
15/10/2024 6:00,84.99
15/10/2024 7:00,131.27
15/10/2024 8:00,146
15/10/2024 9:00,110.52
15/10/2024 10:00,92.74
15/10/2024 11:00,83.05
15/10/2024 12:00,78.47
15/10/2024 13:00,70.78
15/10/2024 14:00,68.17
15/10/2024 15:00,73.4
15/10/2024 16:00,73.79
15/10/2024 17:00,86.88
15/10/2024 18:00,103.73
15/10/2024 19:00,101.72
15/10/2024 20:00,69.98
15/10/2024 21:00,57.71
15/10/2024 22:00,60.02
15/10/2024 23:00,42.92
16/10/2024 0:00,26.52
16/10/2024 1:00,12.8
16/10/2024 2:00,5.3
16/10/2024 3:00,3.61
16/10/2024 4:00,2.69
16/10/2024 5:00,9.08
16/10/2024 6:00,43.09
16/10/2024 7:00,51.26
16/10/2024 8:00,66.52
16/10/2024 9:00,54.29
16/10/2024 10:00,26.68
16/10/2024 11:00,14.16
16/10/2024 12:00,4.09
16/10/2024 13:00,2.04
16/10/2024 14:00,4
16/10/2024 15:00,14.18
16/10/2024 16:00,40.32
16/10/2024 17:00,67.14
16/10/2024 18:00,84.24
16/10/2024 19:00,89.42
16/10/2024 20:00,63.53
16/10/2024 21:00,54.19
16/10/2024 22:00,35.14
16/10/2024 23:00,26.54
17/10/2024 0:00,17.04
17/10/2024 1:00,12.15
17/10/2024 2:00,10.48
17/10/2024 3:00,5.61
17/10/2024 4:00,10.01
17/10/2024 5:00,26.39
17/10/2024 6:00,66.29
17/10/2024 7:00,91.15
17/10/2024 8:00,90.38
17/10/2024 9:00,87.46
17/10/2024 10:00,81
17/10/2024 11:00,72.12
17/10/2024 12:00,66
17/10/2024 13:00,65.54
17/10/2024 14:00,69.47
17/10/2024 15:00,74.74
17/10/2024 16:00,92.94
17/10/2024 17:00,115.6
17/10/2024 18:00,151.32
17/10/2024 19:00,153.96
17/10/2024 20:00,109.49
17/10/2024 21:00,96.52
17/10/2024 22:00,90
17/10/2024 23:00,90
18/10/2024 0:00,83.03
18/10/2024 1:00,83.03
18/10/2024 2:00,85.92
18/10/2024 3:00,78.5
18/10/2024 4:00,81.87
18/10/2024 5:00,84.01
18/10/2024 6:00,93.87
18/10/2024 7:00,127.01
18/10/2024 8:00,148.5
18/10/2024 9:00,116.07
18/10/2024 10:00,103.45
18/10/2024 11:00,91
18/10/2024 12:00,93.7
18/10/2024 13:00,85.49
18/10/2024 14:00,90.53
18/10/2024 15:00,84.48
18/10/2024 16:00,95.2
18/10/2024 17:00,122.18
18/10/2024 18:00,163.14
18/10/2024 19:00,142.6
18/10/2024 20:00,103.25
18/10/2024 21:00,96.84
18/10/2024 22:00,100.6
18/10/2024 23:00,85.61
19/10/2024 0:00,87.86
19/10/2024 1:00,84.64
19/10/2024 2:00,81.33
19/10/2024 3:00,76.29
19/10/2024 4:00,77.55
19/10/2024 5:00,78.04
19/10/2024 6:00,80.41
19/10/2024 7:00,65.94
19/10/2024 8:00,94.2
19/10/2024 9:00,76.44
19/10/2024 10:00,64.03
19/10/2024 11:00,56.71
19/10/2024 12:00,51.68
19/10/2024 13:00,42.95
19/10/2024 14:00,41.2
19/10/2024 15:00,46.15
19/10/2024 16:00,57.07
19/10/2024 17:00,70
19/10/2024 18:00,93.89
19/10/2024 19:00,96.69
19/10/2024 20:00,84.35
19/10/2024 21:00,75.8
19/10/2024 22:00,78.81
19/10/2024 23:00,73.33
20/10/2024 0:00,47.33
20/10/2024 1:00,43.11
20/10/2024 2:00,42.9
20/10/2024 3:00,38.64
20/10/2024 4:00,39.61
20/10/2024 5:00,41.52
20/10/2024 6:00,38.65
20/10/2024 7:00,44.72
20/10/2024 8:00,42.93
20/10/2024 9:00,30.77
20/10/2024 10:00,6.37
20/10/2024 11:00,0.08
20/10/2024 12:00,0
20/10/2024 13:00,-0.98
20/10/2024 14:00,-2.01
20/10/2024 15:00,0
20/10/2024 16:00,2.75
20/10/2024 17:00,35.25
20/10/2024 18:00,41.26
20/10/2024 19:00,46.49
20/10/2024 20:00,35.53
20/10/2024 21:00,22.5
20/10/2024 22:00,13.15
20/10/2024 23:00,2.09
21/10/2024 0:00,0.35
21/10/2024 1:00,-0.03
21/10/2024 2:00,-0.08
21/10/2024 3:00,-0.04
21/10/2024 4:00,0.09
21/10/2024 5:00,5.91
21/10/2024 6:00,44.88
21/10/2024 7:00,96.17
21/10/2024 8:00,120.31
21/10/2024 9:00,103.9
21/10/2024 10:00,89.63
21/10/2024 11:00,82.57
21/10/2024 12:00,75.82
21/10/2024 13:00,81.6
21/10/2024 14:00,81.44
21/10/2024 15:00,83.09
21/10/2024 16:00,91.49
21/10/2024 17:00,106.19
21/10/2024 18:00,148.8
21/10/2024 19:00,170.8
21/10/2024 20:00,119.49
21/10/2024 21:00,91.78
21/10/2024 22:00,97.73
21/10/2024 23:00,92.97
22/10/2024 0:00,82.44
22/10/2024 1:00,78.72
22/10/2024 2:00,76.2
22/10/2024 3:00,79
22/10/2024 4:00,76.7
22/10/2024 5:00,77.99
22/10/2024 6:00,85.69
22/10/2024 7:00,123.6
22/10/2024 8:00,141.58
22/10/2024 9:00,113.06
22/10/2024 10:00,98.84
22/10/2024 11:00,88.82
22/10/2024 12:00,77.8
22/10/2024 13:00,70.88
22/10/2024 14:00,64.75
22/10/2024 15:00,66.96
22/10/2024 16:00,74.55
22/10/2024 17:00,88.76
22/10/2024 18:00,126.9
22/10/2024 19:00,158.46
22/10/2024 20:00,112.55
22/10/2024 21:00,99.64
22/10/2024 22:00,95.74
22/10/2024 23:00,88.35
23/10/2024 0:00,80.85
23/10/2024 1:00,83.08
23/10/2024 2:00,81.6
23/10/2024 3:00,82.49
23/10/2024 4:00,72.56
23/10/2024 5:00,75.96
23/10/2024 6:00,93.89
23/10/2024 7:00,120.7
23/10/2024 8:00,151.5
23/10/2024 9:00,120.69
23/10/2024 10:00,92.78
23/10/2024 11:00,89.02
23/10/2024 12:00,79.63
23/10/2024 13:00,74.23
23/10/2024 14:00,72.66
23/10/2024 15:00,80.77
23/10/2024 16:00,79.17
23/10/2024 17:00,100.56
23/10/2024 18:00,146.68
23/10/2024 19:00,164
23/10/2024 20:00,113.52
23/10/2024 21:00,98.23
23/10/2024 22:00,101.18
23/10/2024 23:00,93.16
24/10/2024 0:00,83.33
24/10/2024 1:00,78.14
24/10/2024 2:00,75.84
24/10/2024 3:00,71.73
24/10/2024 4:00,72.6
24/10/2024 5:00,77.75
24/10/2024 6:00,83.62
24/10/2024 7:00,106.72
24/10/2024 8:00,140.97
24/10/2024 9:00,106
24/10/2024 10:00,95.39
24/10/2024 11:00,86.43
24/10/2024 12:00,77.13
24/10/2024 13:00,71.95
24/10/2024 14:00,71.08
24/10/2024 15:00,81.22
24/10/2024 16:00,79.2
24/10/2024 17:00,91.69
24/10/2024 18:00,107.32
24/10/2024 19:00,116.45
24/10/2024 20:00,90.6
24/10/2024 21:00,92.9
24/10/2024 22:00,96.05
24/10/2024 23:00,81.04
25/10/2024 0:00,68.93
25/10/2024 1:00,59.66
25/10/2024 2:00,71.66
25/10/2024 3:00,62.84
25/10/2024 4:00,53
25/10/2024 5:00,63.9
25/10/2024 6:00,74.29
25/10/2024 7:00,86.52
25/10/2024 8:00,105.17
25/10/2024 9:00,99.04
25/10/2024 10:00,87.32
25/10/2024 11:00,80
25/10/2024 12:00,71.51
25/10/2024 13:00,64.96
25/10/2024 14:00,64.79
25/10/2024 15:00,67.77
25/10/2024 16:00,75.18
25/10/2024 17:00,99.83
25/10/2024 18:00,138
25/10/2024 19:00,137.6
25/10/2024 20:00,111.92
25/10/2024 21:00,98.65
25/10/2024 22:00,94.08
25/10/2024 23:00,101.27
26/10/2024 0:00,88.02
26/10/2024 1:00,78.97
26/10/2024 2:00,74.17
26/10/2024 3:00,72.78
26/10/2024 4:00,67.73
26/10/2024 5:00,69.43
26/10/2024 6:00,76.98
26/10/2024 7:00,85.64
26/10/2024 8:00,100
26/10/2024 9:00,104.12
26/10/2024 10:00,75.19
26/10/2024 11:00,60.46
26/10/2024 12:00,56.75
26/10/2024 13:00,57.85
26/10/2024 14:00,61.31
26/10/2024 15:00,72.25
26/10/2024 16:00,76.14
26/10/2024 17:00,94.87
26/10/2024 18:00,117.36
26/10/2024 19:00,107.53
26/10/2024 20:00,90.31
26/10/2024 21:00,91.49
26/10/2024 22:00,92.47
26/10/2024 23:00,78.02
27/10/2024 0:00,91.02
27/10/2024 1:00,83.9
27/10/2024 2:00,82.23
27/10/2024 3:00,67.95
27/10/2024 4:00,68.82
27/10/2024 5:00,79.04
27/10/2024 6:00,86.44
27/10/2024 7:00,87.77
27/10/2024 8:00,83.87
27/10/2024 9:00,66.15
27/10/2024 10:00,54.72
27/10/2024 11:00,42.5
27/10/2024 12:00,39.99
27/10/2024 13:00,40
27/10/2024 14:00,62.76
27/10/2024 15:00,94.47
27/10/2024 16:00,113.48
27/10/2024 17:00,124.85
27/10/2024 18:00,141.78
27/10/2024 19:00,129.32
27/10/2024 20:00,116.49
27/10/2024 21:00,111
27/10/2024 22:00,107.6
27/10/2024 23:00,102.99
28/10/2024 0:00,92.19
28/10/2024 1:00,85.25
28/10/2024 2:00,80.62
28/10/2024 3:00,75.8
28/10/2024 4:00,78.86
28/10/2024 5:00,89.69
28/10/2024 6:00,97.5
28/10/2024 7:00,98.99
28/10/2024 8:00,106.71
28/10/2024 9:00,94.99
28/10/2024 10:00,91.64
28/10/2024 11:00,91.41
28/10/2024 12:00,88.5
28/10/2024 13:00,93.86
28/10/2024 14:00,104.84
28/10/2024 15:00,113.74
28/10/2024 16:00,101.14
28/10/2024 17:00,125.43
28/10/2024 18:00,149.59
28/10/2024 19:00,138.29
28/10/2024 20:00,119.77
28/10/2024 21:00,113.84
28/10/2024 22:00,107.52
28/10/2024 23:00,99.79
29/10/2024 0:00,95.07
29/10/2024 1:00,93.21
29/10/2024 2:00,90.37
29/10/2024 3:00,88.49
29/10/2024 4:00,89.98
29/10/2024 5:00,102.28
29/10/2024 6:00,115.13
29/10/2024 7:00,122.8
29/10/2024 8:00,139.86
29/10/2024 9:00,125.27
29/10/2024 10:00,117.51
29/10/2024 11:00,109.52
29/10/2024 12:00,103.08
29/10/2024 13:00,110.87
29/10/2024 14:00,124.22
29/10/2024 15:00,144.52
29/10/2024 16:00,126.25
29/10/2024 17:00,178.26
29/10/2024 18:00,205.04
29/10/2024 19:00,170.77
29/10/2024 20:00,120.7
29/10/2024 21:00,116.66
29/10/2024 22:00,110.68
29/10/2024 23:00,95.85
30/10/2024 0:00,93.7
30/10/2024 1:00,91.41
30/10/2024 2:00,89.22
30/10/2024 3:00,87.46
30/10/2024 4:00,88.56
30/10/2024 5:00,95.59
30/10/2024 6:00,112.24
30/10/2024 7:00,113.48
30/10/2024 8:00,127.37
30/10/2024 9:00,116.37
30/10/2024 10:00,104.31
30/10/2024 11:00,100.19
30/10/2024 12:00,95.42
30/10/2024 13:00,98.93
30/10/2024 14:00,101.54
30/10/2024 15:00,113.26
30/10/2024 16:00,142.29
30/10/2024 17:00,152.05
30/10/2024 18:00,168.45
30/10/2024 19:00,149.42
30/10/2024 20:00,116.98
30/10/2024 21:00,110.96
30/10/2024 22:00,107.92
30/10/2024 23:00,106.41
31/10/2024 0:00,99.64
31/10/2024 1:00,93.59
31/10/2024 2:00,91.75
31/10/2024 3:00,89.81
31/10/2024 4:00,91.96
31/10/2024 5:00,96.62
31/10/2024 6:00,113.62
31/10/2024 7:00,124.94
31/10/2024 8:00,130.6
31/10/2024 9:00,118.65
31/10/2024 10:00,102.25
31/10/2024 11:00,95.77
31/10/2024 12:00,88.91
31/10/2024 13:00,91.24
31/10/2024 14:00,96.9
31/10/2024 15:00,107.88
31/10/2024 16:00,121.3
31/10/2024 17:00,129.49
31/10/2024 18:00,134.36
31/10/2024 19:00,125.06
31/10/2024 20:00,110
31/10/2024 21:00,107
31/10/2024 22:00,116.52
31/10/2024 23:00,107.96
01/11/2024 0:00,94.28
01/11/2024 1:00,87.59
01/11/2024 2:00,79.81
01/11/2024 3:00,72.63
01/11/2024 4:00,67.87
01/11/2024 5:00,71.65
01/11/2024 6:00,79.33
01/11/2024 7:00,86.04
01/11/2024 8:00,85.32
01/11/2024 9:00,87.2
01/11/2024 10:00,79.47
01/11/2024 11:00,64.76
01/11/2024 12:00,60.44
01/11/2024 13:00,65.63
01/11/2024 14:00,83.52
01/11/2024 15:00,98.61
01/11/2024 16:00,116.72
01/11/2024 17:00,122.8
01/11/2024 18:00,127.41
01/11/2024 19:00,119.12
01/11/2024 20:00,114.36
01/11/2024 21:00,105.55
01/11/2024 22:00,100.91
01/11/2024 23:00,96.14
02/11/2024 0:00,96.03
02/11/2024 1:00,91.45
02/11/2024 2:00,88.79
02/11/2024 3:00,86
02/11/2024 4:00,86.85
02/11/2024 5:00,89.87
02/11/2024 6:00,96.1
02/11/2024 7:00,100.11
02/11/2024 8:00,101.16
02/11/2024 9:00,97.24
02/11/2024 10:00,85
02/11/2024 11:00,88.8
02/11/2024 12:00,85.49
02/11/2024 13:00,86.65
02/11/2024 14:00,84.2
02/11/2024 15:00,95.41
02/11/2024 16:00,105.11
02/11/2024 17:00,126.01
02/11/2024 18:00,128.09
02/11/2024 19:00,122.42
02/11/2024 20:00,116.37
02/11/2024 21:00,110.09
02/11/2024 22:00,106.28
02/11/2024 23:00,100.61
03/11/2024 0:00,101.19
03/11/2024 1:00,95.52
03/11/2024 2:00,88.25
03/11/2024 3:00,85.07
03/11/2024 4:00,84.93
03/11/2024 5:00,85.49
03/11/2024 6:00,93.22
03/11/2024 7:00,95.66
03/11/2024 8:00,86.1
03/11/2024 9:00,81.84
03/11/2024 10:00,66.48
03/11/2024 11:00,57.97
03/11/2024 12:00,52.63
03/11/2024 13:00,56.41
03/11/2024 14:00,73.1
03/11/2024 15:00,88.43
03/11/2024 16:00,107.82
03/11/2024 17:00,121.52
03/11/2024 18:00,124.37
03/11/2024 19:00,119.26
03/11/2024 20:00,110.92
03/11/2024 21:00,102.35
03/11/2024 22:00,100.8
03/11/2024 23:00,94.91
04/11/2024 0:00,92.04
04/11/2024 1:00,89.96
04/11/2024 2:00,90.07
04/11/2024 3:00,88.6
04/11/2024 4:00,89.67
04/11/2024 5:00,96.73
04/11/2024 6:00,120.52
04/11/2024 7:00,130.22
04/11/2024 8:00,130
04/11/2024 9:00,120
04/11/2024 10:00,99.82
04/11/2024 11:00,91.41
04/11/2024 12:00,90
04/11/2024 13:00,90.53
04/11/2024 14:00,97.67
04/11/2024 15:00,125.21
04/11/2024 16:00,144.44
04/11/2024 17:00,196.04
04/11/2024 18:00,192.46
04/11/2024 19:00,155.61
04/11/2024 20:00,123
04/11/2024 21:00,113.97
04/11/2024 22:00,109.97
04/11/2024 23:00,100.95
05/11/2024 0:00,101.22
05/11/2024 1:00,94
05/11/2024 2:00,90.68
05/11/2024 3:00,90.36
05/11/2024 4:00,92.79
05/11/2024 5:00,98.26
05/11/2024 6:00,110.77
05/11/2024 7:00,131.05
05/11/2024 8:00,134.87
05/11/2024 9:00,118.23
05/11/2024 10:00,105.87
05/11/2024 11:00,95.28
05/11/2024 12:00,94.92
05/11/2024 13:00,99.25
05/11/2024 14:00,109
05/11/2024 15:00,129.27
05/11/2024 16:00,203.08
05/11/2024 17:00,325
05/11/2024 18:00,302.45
05/11/2024 19:00,247.79
05/11/2024 20:00,161.51
05/11/2024 21:00,126.96
05/11/2024 22:00,117.77
05/11/2024 23:00,110.03
06/11/2024 0:00,103.55
06/11/2024 1:00,99.05
06/11/2024 2:00,95.35
06/11/2024 3:00,94.97
06/11/2024 4:00,97.6
06/11/2024 5:00,101.34
06/11/2024 6:00,124.04
06/11/2024 7:00,174.25
06/11/2024 8:00,162.81
06/11/2024 9:00,132.05
06/11/2024 10:00,124.18
06/11/2024 11:00,121.38
06/11/2024 12:00,120.33
06/11/2024 13:00,123.1
06/11/2024 14:00,126.88
06/11/2024 15:00,155.88
06/11/2024 16:00,220.22
06/11/2024 17:00,346
06/11/2024 18:00,363.11
06/11/2024 19:00,252.52
06/11/2024 20:00,156.4
06/11/2024 21:00,126.44
06/11/2024 22:00,116.24
06/11/2024 23:00,110.23
07/11/2024 0:00,107.3
07/11/2024 1:00,100.73
07/11/2024 2:00,98.17
07/11/2024 3:00,96.61
07/11/2024 4:00,97.39
07/11/2024 5:00,100.23
07/11/2024 6:00,110.59
07/11/2024 7:00,149.32
07/11/2024 8:00,145.89
07/11/2024 9:00,136.7
07/11/2024 10:00,121.93
07/11/2024 11:00,116.37
07/11/2024 12:00,114.77
07/11/2024 13:00,122.91
07/11/2024 14:00,114.07
07/11/2024 15:00,139.2
07/11/2024 16:00,174.78
07/11/2024 17:00,233.41
07/11/2024 18:00,207.6
07/11/2024 19:00,156.46
07/11/2024 20:00,130.26
07/11/2024 21:00,114.11
07/11/2024 22:00,111.86
07/11/2024 23:00,100.08
08/11/2024 0:00,99.58
08/11/2024 1:00,98.98
08/11/2024 2:00,96.3
08/11/2024 3:00,95.19
08/11/2024 4:00,95.63
08/11/2024 5:00,97.79
08/11/2024 6:00,107.11
08/11/2024 7:00,126.27
08/11/2024 8:00,131.34
08/11/2024 9:00,125.94
08/11/2024 10:00,117.34
08/11/2024 11:00,110.94
08/11/2024 12:00,105.59
08/11/2024 13:00,106.81
08/11/2024 14:00,112.53
08/11/2024 15:00,123.63
08/11/2024 16:00,129.06
08/11/2024 17:00,129.31
08/11/2024 18:00,133.22
08/11/2024 19:00,127.5
08/11/2024 20:00,116.05
08/11/2024 21:00,109.76
08/11/2024 22:00,113
08/11/2024 23:00,104.06
09/11/2024 0:00,105.1
09/11/2024 1:00,99.96
09/11/2024 2:00,98
09/11/2024 3:00,96.68
09/11/2024 4:00,98.41
09/11/2024 5:00,100.55
09/11/2024 6:00,104.31
09/11/2024 7:00,109.87
09/11/2024 8:00,114.1
09/11/2024 9:00,114.6
09/11/2024 10:00,109.97
09/11/2024 11:00,106.4
09/11/2024 12:00,106.88
09/11/2024 13:00,108
09/11/2024 14:00,110.18
09/11/2024 15:00,118.91
09/11/2024 16:00,130.74
09/11/2024 17:00,137.29
09/11/2024 18:00,139.53
09/11/2024 19:00,137.02
09/11/2024 20:00,128.32
09/11/2024 21:00,117.96
09/11/2024 22:00,114.53
09/11/2024 23:00,110.1
10/11/2024 0:00,104.99
10/11/2024 1:00,102.28
10/11/2024 2:00,100.81
10/11/2024 3:00,98.55
10/11/2024 4:00,97.86
10/11/2024 5:00,98.41
10/11/2024 6:00,98.87
10/11/2024 7:00,102.45
10/11/2024 8:00,103.3
10/11/2024 9:00,110.85
10/11/2024 10:00,111.81
10/11/2024 11:00,110.13
10/11/2024 12:00,110.92
10/11/2024 13:00,107.96
10/11/2024 14:00,109.82
10/11/2024 15:00,109.1
10/11/2024 16:00,113.2
10/11/2024 17:00,130.13
10/11/2024 18:00,135.76
10/11/2024 19:00,132.59
10/11/2024 20:00,125.31
10/11/2024 21:00,115.28
10/11/2024 22:00,111.1
10/11/2024 23:00,108.02
11/11/2024 0:00,109.48
11/11/2024 1:00,103.15
11/11/2024 2:00,99.84
11/11/2024 3:00,94.56
11/11/2024 4:00,93.04
11/11/2024 5:00,92.25
11/11/2024 6:00,101.3
11/11/2024 7:00,111.8
11/11/2024 8:00,118.69
11/11/2024 9:00,123.57
11/11/2024 10:00,116.5
11/11/2024 11:00,102.75
11/11/2024 12:00,108.97
11/11/2024 13:00,113.71
11/11/2024 14:00,115.2
11/11/2024 15:00,120.47
11/11/2024 16:00,107.51
11/11/2024 17:00,123.62
11/11/2024 18:00,135.3
11/11/2024 19:00,125.6
11/11/2024 20:00,118.75
11/11/2024 21:00,108.6
11/11/2024 22:00,105.34
11/11/2024 23:00,103.69
12/11/2024 0:00,107.7
12/11/2024 1:00,101.76
12/11/2024 2:00,96.09
12/11/2024 3:00,87.96
12/11/2024 4:00,85.22
12/11/2024 5:00,99.81
12/11/2024 6:00,104.35
12/11/2024 7:00,111.38
12/11/2024 8:00,146.34
12/11/2024 9:00,128.39
12/11/2024 10:00,126.37
12/11/2024 11:00,111.84
12/11/2024 12:00,116
12/11/2024 13:00,122.65
12/11/2024 14:00,126.51
12/11/2024 15:00,147.61
12/11/2024 16:00,171.93
12/11/2024 17:00,198.53
12/11/2024 18:00,179.12
12/11/2024 19:00,153.6
12/11/2024 20:00,136.75
12/11/2024 21:00,124.82
12/11/2024 22:00,123.82
12/11/2024 23:00,115.18
13/11/2024 0:00,112.81
13/11/2024 1:00,108.6
13/11/2024 2:00,105.64
13/11/2024 3:00,104.39
13/11/2024 4:00,105.89
13/11/2024 5:00,112.59
13/11/2024 6:00,118.7
13/11/2024 7:00,146.84
13/11/2024 8:00,175.14
13/11/2024 9:00,174.94
13/11/2024 10:00,157.41
13/11/2024 11:00,145.67
13/11/2024 12:00,152.58
13/11/2024 13:00,148.49
13/11/2024 14:00,149.54
13/11/2024 15:00,146.87
13/11/2024 16:00,144.48
13/11/2024 17:00,168.2
13/11/2024 18:00,175.52
13/11/2024 19:00,161.46
13/11/2024 20:00,129.77
13/11/2024 21:00,117.53
13/11/2024 22:00,114.85
13/11/2024 23:00,107.16
14/11/2024 0:00,102.33
14/11/2024 1:00,100.29
14/11/2024 2:00,96.38
14/11/2024 3:00,92.58
14/11/2024 4:00,92.05
14/11/2024 5:00,94
14/11/2024 6:00,107.39
14/11/2024 7:00,117.76
14/11/2024 8:00,130.24
14/11/2024 9:00,127.3
14/11/2024 10:00,127.9
14/11/2024 11:00,127.68
14/11/2024 12:00,125.6
14/11/2024 13:00,128.39
14/11/2024 14:00,134.59
14/11/2024 15:00,143.81
14/11/2024 16:00,146.79
14/11/2024 17:00,157.75
14/11/2024 18:00,156.36
14/11/2024 19:00,149.94
14/11/2024 20:00,139.34
14/11/2024 21:00,129.62
14/11/2024 22:00,123.12
14/11/2024 23:00,112.69
15/11/2024 0:00,110.99
15/11/2024 1:00,107
15/11/2024 2:00,107.21
15/11/2024 3:00,103.82
15/11/2024 4:00,104.6
15/11/2024 5:00,109.05
15/11/2024 6:00,130.21
15/11/2024 7:00,146.1
15/11/2024 8:00,159.16
15/11/2024 9:00,147.16
15/11/2024 10:00,134.11
15/11/2024 11:00,129.27
15/11/2024 12:00,120.93
15/11/2024 13:00,120.35
15/11/2024 14:00,124.38
15/11/2024 15:00,127.85
15/11/2024 16:00,130.14
15/11/2024 17:00,137.81
15/11/2024 18:00,136.66
15/11/2024 19:00,131.97
15/11/2024 20:00,119.52
15/11/2024 21:00,117.75
15/11/2024 22:00,125.6
15/11/2024 23:00,118.64
16/11/2024 0:00,103.34
16/11/2024 1:00,98.22
16/11/2024 2:00,94.61
16/11/2024 3:00,92.28
16/11/2024 4:00,90.71
16/11/2024 5:00,90.58
16/11/2024 6:00,93.99
16/11/2024 7:00,104.09
16/11/2024 8:00,112.7
16/11/2024 9:00,115.54
16/11/2024 10:00,112.12
16/11/2024 11:00,105.38
16/11/2024 12:00,103
16/11/2024 13:00,99.57
16/11/2024 14:00,100
16/11/2024 15:00,105.05
16/11/2024 16:00,115.28
16/11/2024 17:00,126.8
16/11/2024 18:00,135.47
16/11/2024 19:00,136.9
16/11/2024 20:00,117
16/11/2024 21:00,103.03
16/11/2024 22:00,102.23
16/11/2024 23:00,95.03
17/11/2024 0:00,89.23
17/11/2024 1:00,81.58
17/11/2024 2:00,76.63
17/11/2024 3:00,63.99
17/11/2024 4:00,49.03
17/11/2024 5:00,43.64
17/11/2024 6:00,50.3
17/11/2024 7:00,66.67
17/11/2024 8:00,79.59
17/11/2024 9:00,88.88
17/11/2024 10:00,89.85
17/11/2024 11:00,101.4
17/11/2024 12:00,110.3
17/11/2024 13:00,107.85
17/11/2024 14:00,73.26
17/11/2024 15:00,103.33
17/11/2024 16:00,95.84
17/11/2024 17:00,118.59
17/11/2024 18:00,159.98
17/11/2024 19:00,162.5
17/11/2024 20:00,122.46
17/11/2024 21:00,118.08
17/11/2024 22:00,116.53
17/11/2024 23:00,98.73
18/11/2024 0:00,102.3
18/11/2024 1:00,91.7
18/11/2024 2:00,81.94
18/11/2024 3:00,67.82
18/11/2024 4:00,71.23
18/11/2024 5:00,84.87
18/11/2024 6:00,100.67
18/11/2024 7:00,124.3
18/11/2024 8:00,124.26
18/11/2024 9:00,121.45
18/11/2024 10:00,117.69
18/11/2024 11:00,111.25
18/11/2024 12:00,105.05
18/11/2024 13:00,109.4
18/11/2024 14:00,114.57
18/11/2024 15:00,125.57
18/11/2024 16:00,138.84
18/11/2024 17:00,155.57
18/11/2024 18:00,164.98
18/11/2024 19:00,155.6
18/11/2024 20:00,128.81
18/11/2024 21:00,118.06
18/11/2024 22:00,117.16
18/11/2024 23:00,108.4
19/11/2024 0:00,99.57
19/11/2024 1:00,93.42
19/11/2024 2:00,79.85
19/11/2024 3:00,69.58
19/11/2024 4:00,68.84
19/11/2024 5:00,55.63
19/11/2024 6:00,92.16
19/11/2024 7:00,114.35
19/11/2024 8:00,121.62
19/11/2024 9:00,129.5
19/11/2024 10:00,139.63
19/11/2024 11:00,138.56
19/11/2024 12:00,136.05
19/11/2024 13:00,131.65
19/11/2024 14:00,127.99
19/11/2024 15:00,123.6
19/11/2024 16:00,126.98
19/11/2024 17:00,136.66
19/11/2024 18:00,135.24
19/11/2024 19:00,126.72
19/11/2024 20:00,117.19
19/11/2024 21:00,108.17
19/11/2024 22:00,105.77
19/11/2024 23:00,90.13
20/11/2024 0:00,101.2
20/11/2024 1:00,91.61
20/11/2024 2:00,86.81
20/11/2024 3:00,81.6
20/11/2024 4:00,80.32
20/11/2024 5:00,90.79
20/11/2024 6:00,106.1
20/11/2024 7:00,127.25
20/11/2024 8:00,142.87
20/11/2024 9:00,139.9
20/11/2024 10:00,118.02
20/11/2024 11:00,108
20/11/2024 12:00,97.75
20/11/2024 13:00,97.85
20/11/2024 14:00,106.4
20/11/2024 15:00,126.42
20/11/2024 16:00,133.65
20/11/2024 17:00,142.15
20/11/2024 18:00,142.8
20/11/2024 19:00,140.97
20/11/2024 20:00,135.98
20/11/2024 21:00,125.27
20/11/2024 22:00,117.5
20/11/2024 23:00,103.5
21/11/2024 0:00,93.96
21/11/2024 1:00,90.4
21/11/2024 2:00,86.8
21/11/2024 3:00,84.15
21/11/2024 4:00,84.23
21/11/2024 5:00,93.51
21/11/2024 6:00,109.4
21/11/2024 7:00,123.36
21/11/2024 8:00,133.85
21/11/2024 9:00,135.04
21/11/2024 10:00,127.44
21/11/2024 11:00,115.55
21/11/2024 12:00,113.7
21/11/2024 13:00,121.29
21/11/2024 14:00,134.4
21/11/2024 15:00,144.79
21/11/2024 16:00,161.23
21/11/2024 17:00,169.9
21/11/2024 18:00,155.9
21/11/2024 19:00,148.93
21/11/2024 20:00,129.08
21/11/2024 21:00,121.56
21/11/2024 22:00,120
21/11/2024 23:00,106.36
22/11/2024 0:00,113.3
22/11/2024 1:00,102.71
22/11/2024 2:00,95
22/11/2024 3:00,88.75
22/11/2024 4:00,85.85
22/11/2024 5:00,91.24
22/11/2024 6:00,113.58
22/11/2024 7:00,134.6
22/11/2024 8:00,144.04
22/11/2024 9:00,140.61
22/11/2024 10:00,130.83
22/11/2024 11:00,116.81
22/11/2024 12:00,106.45
22/11/2024 13:00,95.55
22/11/2024 14:00,96.68
22/11/2024 15:00,109.87
22/11/2024 16:00,115.07
22/11/2024 17:00,130.66
22/11/2024 18:00,135.51
22/11/2024 19:00,132.56
22/11/2024 20:00,122.86
22/11/2024 21:00,107.03
22/11/2024 22:00,112.39
22/11/2024 23:00,125.7
23/11/2024 0:00,139.04
23/11/2024 1:00,97.2
23/11/2024 2:00,91.08
23/11/2024 3:00,84.43
23/11/2024 4:00,79.68
23/11/2024 5:00,85.09
23/11/2024 6:00,84.66
23/11/2024 7:00,91.44
23/11/2024 8:00,98.51
23/11/2024 9:00,85.62
23/11/2024 10:00,79.08
23/11/2024 11:00,69.54
23/11/2024 12:00,70.34
23/11/2024 13:00,68.85
23/11/2024 14:00,74.87
23/11/2024 15:00,90.32
23/11/2024 16:00,83.96
23/11/2024 17:00,95.56
23/11/2024 18:00,91.28
23/11/2024 19:00,78.19
23/11/2024 20:00,66.89
23/11/2024 21:00,54.42
23/11/2024 22:00,45.14
23/11/2024 23:00,22.2
24/11/2024 0:00,7.85
24/11/2024 1:00,3.83
24/11/2024 2:00,1.82
24/11/2024 3:00,0.5
24/11/2024 4:00,-0.04
24/11/2024 5:00,0.3
24/11/2024 6:00,-0.22
24/11/2024 7:00,2.02
24/11/2024 8:00,3.32
24/11/2024 9:00,5.24
24/11/2024 10:00,3.96
24/11/2024 11:00,3.32
24/11/2024 12:00,4.43
24/11/2024 13:00,3.32
24/11/2024 14:00,7.3
24/11/2024 15:00,11.67
24/11/2024 16:00,28.81
24/11/2024 17:00,39.93
24/11/2024 18:00,37.25
24/11/2024 19:00,38.47
24/11/2024 20:00,28.37
24/11/2024 21:00,16.67
24/11/2024 22:00,12.97
24/11/2024 23:00,7.34
25/11/2024 0:00,4.61
25/11/2024 1:00,3.96
25/11/2024 2:00,2.69
25/11/2024 3:00,1.9
25/11/2024 4:00,2.91
25/11/2024 5:00,3.5
25/11/2024 6:00,8.35
25/11/2024 7:00,61.12
25/11/2024 8:00,87.76
25/11/2024 9:00,89.24
25/11/2024 10:00,90.11
25/11/2024 11:00,91.47
25/11/2024 12:00,95
25/11/2024 13:00,81.34
25/11/2024 14:00,86.92
25/11/2024 15:00,104.5
25/11/2024 16:00,110.52
25/11/2024 17:00,132.14
25/11/2024 18:00,133.58
25/11/2024 19:00,120.36
25/11/2024 20:00,98.6
25/11/2024 21:00,85.42
25/11/2024 22:00,89.71
25/11/2024 23:00,72.22
26/11/2024 0:00,90.67
26/11/2024 1:00,80
26/11/2024 2:00,79.48
26/11/2024 3:00,71.7
26/11/2024 4:00,73.41
26/11/2024 5:00,82.76
26/11/2024 6:00,102.03
26/11/2024 7:00,143.11
26/11/2024 8:00,137.84
26/11/2024 9:00,127.26
26/11/2024 10:00,113.65
26/11/2024 11:00,104.38
26/11/2024 12:00,94.2
26/11/2024 13:00,102.7
26/11/2024 14:00,117
26/11/2024 15:00,121.83
26/11/2024 16:00,140
26/11/2024 17:00,151.42
26/11/2024 18:00,161.2
26/11/2024 19:00,153.68
26/11/2024 20:00,128.1
26/11/2024 21:00,119.29
26/11/2024 22:00,122.98
26/11/2024 23:00,113.88
27/11/2024 0:00,102.9
27/11/2024 1:00,101.03
27/11/2024 2:00,101.97
27/11/2024 3:00,97.34
27/11/2024 4:00,90.55
27/11/2024 5:00,102.9
27/11/2024 6:00,103.05
27/11/2024 7:00,122.83
27/11/2024 8:00,135.55
27/11/2024 9:00,111.29
27/11/2024 10:00,108.4
27/11/2024 11:00,102.9
27/11/2024 12:00,99.9
27/11/2024 13:00,102.9
27/11/2024 14:00,92.42
27/11/2024 15:00,97.05
27/11/2024 16:00,106.47
27/11/2024 17:00,114.98
27/11/2024 18:00,122.82
27/11/2024 19:00,123.33
27/11/2024 20:00,94.07
27/11/2024 21:00,84.19
27/11/2024 22:00,88.1
27/11/2024 23:00,91.22
28/11/2024 0:00,66.39
28/11/2024 1:00,90.22
28/11/2024 2:00,92.38
28/11/2024 3:00,39.32
28/11/2024 4:00,89.24
28/11/2024 5:00,71.7
28/11/2024 6:00,112.09
28/11/2024 7:00,144.21
28/11/2024 8:00,143.69
28/11/2024 9:00,140.36
28/11/2024 10:00,137.5
28/11/2024 11:00,110.56
28/11/2024 12:00,102.22
28/11/2024 13:00,100.65
28/11/2024 14:00,107.83
28/11/2024 15:00,117.72
28/11/2024 16:00,135.17
28/11/2024 17:00,150.36
28/11/2024 18:00,158.23
28/11/2024 19:00,154.07
28/11/2024 20:00,138.9
28/11/2024 21:00,128.34
28/11/2024 22:00,122.16
28/11/2024 23:00,112.6
29/11/2024 0:00,110.3
29/11/2024 1:00,107.01
29/11/2024 2:00,103.47
29/11/2024 3:00,100.55
29/11/2024 4:00,101.11
29/11/2024 5:00,109.2
29/11/2024 6:00,122.91
29/11/2024 7:00,142.74
29/11/2024 8:00,157.31
29/11/2024 9:00,145.35
29/11/2024 10:00,129.12
29/11/2024 11:00,116.88
29/11/2024 12:00,109.8
29/11/2024 13:00,104.68
29/11/2024 14:00,108.1
29/11/2024 15:00,117.78
29/11/2024 16:00,130.37
29/11/2024 17:00,140.77
29/11/2024 18:00,142.28
29/11/2024 19:00,132.09
29/11/2024 20:00,120.64
29/11/2024 21:00,113.92
29/11/2024 22:00,114.01
29/11/2024 23:00,103.54
30/11/2024 0:00,99.73
30/11/2024 1:00,92.93
30/11/2024 2:00,90.26
30/11/2024 3:00,87.45
30/11/2024 4:00,88.79
30/11/2024 5:00,90.72
30/11/2024 6:00,89.26
30/11/2024 7:00,103.53
30/11/2024 8:00,112.89
30/11/2024 9:00,107.62
30/11/2024 10:00,97.18
30/11/2024 11:00,86.58
30/11/2024 12:00,88.11
30/11/2024 13:00,90.68
30/11/2024 14:00,100
30/11/2024 15:00,116.92
30/11/2024 16:00,126.03
30/11/2024 17:00,137.03
30/11/2024 18:00,136.48
30/11/2024 19:00,131.96
30/11/2024 20:00,124.51
30/11/2024 21:00,115.08
30/11/2024 22:00,114.78
30/11/2024 23:00,106.67
01/12/2024 0:00,99.66
01/12/2024 1:00,90.01
01/12/2024 2:00,88.14
01/12/2024 3:00,85.7
01/12/2024 4:00,83.86
01/12/2024 5:00,82.6
01/12/2024 6:00,82.3
01/12/2024 7:00,89.15
01/12/2024 8:00,98.83
01/12/2024 9:00,94.6
01/12/2024 10:00,89.3
01/12/2024 11:00,82.38
01/12/2024 12:00,85.25
01/12/2024 13:00,83.08
01/12/2024 14:00,86.81
01/12/2024 15:00,102.73
01/12/2024 16:00,114.71
01/12/2024 17:00,118.12
01/12/2024 18:00,123.59
01/12/2024 19:00,113.7
01/12/2024 20:00,95.16
01/12/2024 21:00,87.1
01/12/2024 22:00,97.7
01/12/2024 23:00,85
02/12/2024 0:00,75.88
02/12/2024 1:00,66.89
02/12/2024 2:00,62.19
02/12/2024 3:00,47.17
02/12/2024 4:00,48.98
02/12/2024 5:00,68.24
02/12/2024 6:00,94.08
02/12/2024 7:00,127.06
02/12/2024 8:00,127.54
02/12/2024 9:00,124.54
02/12/2024 10:00,122.05
02/12/2024 11:00,116.48
02/12/2024 12:00,115.46
02/12/2024 13:00,125.49
02/12/2024 14:00,131.95
02/12/2024 15:00,140.12
02/12/2024 16:00,135
02/12/2024 17:00,141.05
02/12/2024 18:00,148.83
02/12/2024 19:00,140
02/12/2024 20:00,123.04
02/12/2024 21:00,114.52
02/12/2024 22:00,113.57
02/12/2024 23:00,103.16
03/12/2024 0:00,111.28
03/12/2024 1:00,103.77
03/12/2024 2:00,97.36
03/12/2024 3:00,96.1
03/12/2024 4:00,106.37
03/12/2024 5:00,111.92
03/12/2024 6:00,124.14
03/12/2024 7:00,146.65
03/12/2024 8:00,156.64
03/12/2024 9:00,152.48
03/12/2024 10:00,143.8
03/12/2024 11:00,140.93
03/12/2024 12:00,138.18
03/12/2024 13:00,143.02
03/12/2024 14:00,149.12
03/12/2024 15:00,160.95
03/12/2024 16:00,182.16
03/12/2024 17:00,206.05
03/12/2024 18:00,197.88
03/12/2024 19:00,189.83
03/12/2024 20:00,163.32
03/12/2024 21:00,152.73
03/12/2024 22:00,142.08
03/12/2024 23:00,130.81
04/12/2024 0:00,121.05
04/12/2024 1:00,116.66
04/12/2024 2:00,112.79
04/12/2024 3:00,109.92
04/12/2024 4:00,111.11
04/12/2024 5:00,118.56
04/12/2024 6:00,137.49
04/12/2024 7:00,175.04
04/12/2024 8:00,232.64
04/12/2024 9:00,224.44
04/12/2024 10:00,176.42
04/12/2024 11:00,170.32
04/12/2024 12:00,170.33
04/12/2024 13:00,164.45
04/12/2024 14:00,172.49
04/12/2024 15:00,182.49
04/12/2024 16:00,202.32
04/12/2024 17:00,247.46
04/12/2024 18:00,206.67
04/12/2024 19:00,182.24
04/12/2024 20:00,150.65
04/12/2024 21:00,131.04
04/12/2024 22:00,123.4
04/12/2024 23:00,112.4
05/12/2024 0:00,114.77
05/12/2024 1:00,105.74
05/12/2024 2:00,101.77
05/12/2024 3:00,98
05/12/2024 4:00,88.94
05/12/2024 5:00,90.53
05/12/2024 6:00,109.04
05/12/2024 7:00,120.27
05/12/2024 8:00,137.46
05/12/2024 9:00,131.78
05/12/2024 10:00,125.97
05/12/2024 11:00,111.63
05/12/2024 12:00,106.55
05/12/2024 13:00,105.39
05/12/2024 14:00,108.45
05/12/2024 15:00,108.99
05/12/2024 16:00,124.64
05/12/2024 17:00,129.38
05/12/2024 18:00,130
05/12/2024 19:00,119.15
05/12/2024 20:00,101.91
05/12/2024 21:00,83.93
05/12/2024 22:00,79.96
05/12/2024 23:00,47.75
06/12/2024 0:00,16.28
06/12/2024 1:00,9.82
06/12/2024 2:00,7.63
06/12/2024 3:00,5.22
06/12/2024 4:00,5.5
06/12/2024 5:00,13.39
06/12/2024 6:00,65.11
06/12/2024 7:00,97.44
06/12/2024 8:00,114.07
06/12/2024 9:00,118.76
06/12/2024 10:00,107.77
06/12/2024 11:00,102.24
06/12/2024 12:00,93.39
06/12/2024 13:00,102.84
06/12/2024 14:00,109
06/12/2024 15:00,118.06
06/12/2024 16:00,131.28
06/12/2024 17:00,142.78
06/12/2024 18:00,150.42
06/12/2024 19:00,141.15
06/12/2024 20:00,127.46
06/12/2024 21:00,117.3
06/12/2024 22:00,115.77
06/12/2024 23:00,99.5
07/12/2024 0:00,78.95
07/12/2024 1:00,73.14
07/12/2024 2:00,66.23
07/12/2024 3:00,52.74
07/12/2024 4:00,38.1
07/12/2024 5:00,36.38
07/12/2024 6:00,37.25
07/12/2024 7:00,42.65
07/12/2024 8:00,55.3
07/12/2024 9:00,60.17
07/12/2024 10:00,56.97
07/12/2024 11:00,55.34
07/12/2024 12:00,62.13
07/12/2024 13:00,62.76
07/12/2024 14:00,61.16
07/12/2024 15:00,67.53
07/12/2024 16:00,79.86
07/12/2024 17:00,82.73
07/12/2024 18:00,80.66
07/12/2024 19:00,79.45
07/12/2024 20:00,79.09
07/12/2024 21:00,75.54
07/12/2024 22:00,72.25
07/12/2024 23:00,64.77
08/12/2024 0:00,75.09
08/12/2024 1:00,68.73
08/12/2024 2:00,69.33
08/12/2024 3:00,64.15
08/12/2024 4:00,64.11
08/12/2024 5:00,69.83
08/12/2024 6:00,71.28
08/12/2024 7:00,71.42
08/12/2024 8:00,80
08/12/2024 9:00,89.88
08/12/2024 10:00,91.75
08/12/2024 11:00,96.51
08/12/2024 12:00,100.65
08/12/2024 13:00,99.75
08/12/2024 14:00,91.22
08/12/2024 15:00,100.87
08/12/2024 16:00,88.42
08/12/2024 17:00,99.92
08/12/2024 18:00,94.06
08/12/2024 19:00,92.38
08/12/2024 20:00,87.59
08/12/2024 21:00,86.7
08/12/2024 22:00,83.9
08/12/2024 23:00,72.95
09/12/2024 0:00,67.23
09/12/2024 1:00,51.17
09/12/2024 2:00,34.28
09/12/2024 3:00,29.13
09/12/2024 4:00,31.1
09/12/2024 5:00,61.05
09/12/2024 6:00,77.71
09/12/2024 7:00,113.68
09/12/2024 8:00,122.91
09/12/2024 9:00,122.97
09/12/2024 10:00,129.54
09/12/2024 11:00,125.8
09/12/2024 12:00,127.19
09/12/2024 13:00,120
09/12/2024 14:00,113.36
09/12/2024 15:00,116.91
09/12/2024 16:00,116.44
09/12/2024 17:00,122.95
09/12/2024 18:00,133.86
09/12/2024 19:00,128.64
09/12/2024 20:00,120.45
09/12/2024 21:00,102.95
09/12/2024 22:00,101.62
09/12/2024 23:00,94.48
10/12/2024 0:00,100
10/12/2024 1:00,91.67
10/12/2024 2:00,87.84
10/12/2024 3:00,84.17
10/12/2024 4:00,87.32
10/12/2024 5:00,88.15
10/12/2024 6:00,107.11
10/12/2024 7:00,123.76
10/12/2024 8:00,133.83
10/12/2024 9:00,145.84
10/12/2024 10:00,137.53
10/12/2024 11:00,137.38
10/12/2024 12:00,132.6
10/12/2024 13:00,138
10/12/2024 14:00,141.28
10/12/2024 15:00,149.54
10/12/2024 16:00,158.21
10/12/2024 17:00,160.23
10/12/2024 18:00,181
10/12/2024 19:00,176.73
10/12/2024 20:00,151
10/12/2024 21:00,129.52
10/12/2024 22:00,127.68
10/12/2024 23:00,121.37
11/12/2024 0:00,105.37
11/12/2024 1:00,104.12
11/12/2024 2:00,101.97
11/12/2024 3:00,100.35
11/12/2024 4:00,98.2
11/12/2024 5:00,107.03
11/12/2024 6:00,116.4
11/12/2024 7:00,149.6
11/12/2024 8:00,235
11/12/2024 9:00,261.88
11/12/2024 10:00,237.14
11/12/2024 11:00,241.05
11/12/2024 12:00,244.04
11/12/2024 13:00,244.73
11/12/2024 14:00,266.33
11/12/2024 15:00,284.52
11/12/2024 16:00,319.69
11/12/2024 17:00,348.9
11/12/2024 18:00,310.02
11/12/2024 19:00,278.35
11/12/2024 20:00,186.66
11/12/2024 21:00,161.1
11/12/2024 22:00,150
11/12/2024 23:00,136.02
12/12/2024 0:00,122.24
12/12/2024 1:00,115.3
12/12/2024 2:00,109.96
12/12/2024 3:00,107.35
12/12/2024 4:00,112.51
12/12/2024 5:00,122.04
12/12/2024 6:00,150.17
12/12/2024 7:00,258.04
12/12/2024 8:00,389.15
12/12/2024 9:00,400
12/12/2024 10:00,363.37
12/12/2024 11:00,328.83
12/12/2024 12:00,293.07
12/12/2024 13:00,318.55
12/12/2024 14:00,352.89
12/12/2024 15:00,475.91
12/12/2024 16:00,551
12/12/2024 17:00,565.46
12/12/2024 18:00,433.07
12/12/2024 19:00,375.03
12/12/2024 20:00,241.61
12/12/2024 21:00,169.4
12/12/2024 22:00,150
12/12/2024 23:00,134.75
13/12/2024 0:00,130.07
13/12/2024 1:00,122.9
13/12/2024 2:00,118.97
13/12/2024 3:00,114.95
13/12/2024 4:00,115.64
13/12/2024 5:00,123.14
13/12/2024 6:00,143.95
13/12/2024 7:00,186.4
13/12/2024 8:00,253
13/12/2024 9:00,245.74
13/12/2024 10:00,208.42
13/12/2024 11:00,174.1
13/12/2024 12:00,165.84
13/12/2024 13:00,165
13/12/2024 14:00,184.5
13/12/2024 15:00,214.74
13/12/2024 16:00,245.43
13/12/2024 17:00,284.21
13/12/2024 18:00,260
13/12/2024 19:00,225.6
13/12/2024 20:00,175
13/12/2024 21:00,146.22
13/12/2024 22:00,135.09
13/12/2024 23:00,116.52
14/12/2024 0:00,116.94
14/12/2024 1:00,111.36
14/12/2024 2:00,108.04
14/12/2024 3:00,99.02
14/12/2024 4:00,93.44
14/12/2024 5:00,91.55
14/12/2024 6:00,93.23
14/12/2024 7:00,102.7
14/12/2024 8:00,114.26
14/12/2024 9:00,125.36
14/12/2024 10:00,121.5
14/12/2024 11:00,109.13
14/12/2024 12:00,110.01
14/12/2024 13:00,107.95
14/12/2024 14:00,104.07
14/12/2024 15:00,103.67
14/12/2024 16:00,112.29
14/12/2024 17:00,123.88
14/12/2024 18:00,129.5
14/12/2024 19:00,126.3
14/12/2024 20:00,110.29
14/12/2024 21:00,114.48
14/12/2024 22:00,124.69
14/12/2024 23:00,104.99
15/12/2024 0:00,86.72
15/12/2024 1:00,79.05
15/12/2024 2:00,73.66
15/12/2024 3:00,65.89
15/12/2024 4:00,56.55
15/12/2024 5:00,54.63
15/12/2024 6:00,48.45
15/12/2024 7:00,57.49
15/12/2024 8:00,67.44
15/12/2024 9:00,78.12
15/12/2024 10:00,75.69
15/12/2024 11:00,75
15/12/2024 12:00,85.06
15/12/2024 13:00,90
15/12/2024 14:00,80.22
15/12/2024 15:00,76.54
15/12/2024 16:00,99.96
15/12/2024 17:00,113.02
15/12/2024 18:00,146.39
15/12/2024 19:00,112.2
15/12/2024 20:00,95.64
15/12/2024 21:00,99.52
15/12/2024 22:00,76.37
15/12/2024 23:00,50
16/12/2024 0:00,8.21
16/12/2024 1:00,9.21
16/12/2024 2:00,9.85
16/12/2024 3:00,6.13
16/12/2024 4:00,5.84
16/12/2024 5:00,10.3
16/12/2024 6:00,22.57
16/12/2024 7:00,102.35
16/12/2024 8:00,111.8
16/12/2024 9:00,125.13
16/12/2024 10:00,120.71
16/12/2024 11:00,107.71
16/12/2024 12:00,100
16/12/2024 13:00,92.07
16/12/2024 14:00,87.73
16/12/2024 15:00,106.19
16/12/2024 16:00,120
16/12/2024 17:00,120
16/12/2024 18:00,140.71
16/12/2024 19:00,138.42
16/12/2024 20:00,125.54
16/12/2024 21:00,120
16/12/2024 22:00,138.14
16/12/2024 23:00,118.02
17/12/2024 0:00,45.74
17/12/2024 1:00,65.7
17/12/2024 2:00,68.34
17/12/2024 3:00,47.9
17/12/2024 4:00,65.49
17/12/2024 5:00,62.44
17/12/2024 6:00,92
17/12/2024 7:00,107.47
17/12/2024 8:00,116.9
17/12/2024 9:00,121.1
17/12/2024 10:00,109.59
17/12/2024 11:00,102.51
17/12/2024 12:00,102.82
17/12/2024 13:00,106.32
17/12/2024 14:00,109.93
17/12/2024 15:00,116.52
17/12/2024 16:00,113.62
17/12/2024 17:00,125.56
17/12/2024 18:00,122.56
17/12/2024 19:00,108.85
17/12/2024 20:00,100.13
17/12/2024 21:00,96.5
17/12/2024 22:00,92.75
17/12/2024 23:00,72.13
18/12/2024 0:00,68.54
18/12/2024 1:00,52.32
18/12/2024 2:00,43.83
18/12/2024 3:00,38.32
18/12/2024 4:00,24.75
18/12/2024 5:00,31.65
18/12/2024 6:00,47.03
18/12/2024 7:00,60.16
18/12/2024 8:00,77.9
18/12/2024 9:00,76.69
18/12/2024 10:00,68.62
18/12/2024 11:00,67.12
18/12/2024 12:00,68.32
18/12/2024 13:00,68
18/12/2024 14:00,68.94
18/12/2024 15:00,67.18
18/12/2024 16:00,65.05
18/12/2024 17:00,77.16
18/12/2024 18:00,78.16
18/12/2024 19:00,76.43
18/12/2024 20:00,71.04
18/12/2024 21:00,59.2
18/12/2024 22:00,47.93
18/12/2024 23:00,26.91
19/12/2024 0:00,15.74
19/12/2024 1:00,16.4
19/12/2024 2:00,6.92
19/12/2024 3:00,2.88
19/12/2024 4:00,1.19
19/12/2024 5:00,1.76
19/12/2024 6:00,8.5
19/12/2024 7:00,58.66
19/12/2024 8:00,79.71
19/12/2024 9:00,94.94
19/12/2024 10:00,84.27
19/12/2024 11:00,79.64
19/12/2024 12:00,74.64
19/12/2024 13:00,73.56
19/12/2024 14:00,72.5
19/12/2024 15:00,76.24
19/12/2024 16:00,87.23
19/12/2024 17:00,105.03
19/12/2024 18:00,106.71
19/12/2024 19:00,91.54
19/12/2024 20:00,81.26
19/12/2024 21:00,76.11
19/12/2024 22:00,75.12
19/12/2024 23:00,60.3
20/12/2024 0:00,49.71
20/12/2024 1:00,33.32
20/12/2024 2:00,21.34
20/12/2024 3:00,18.96
20/12/2024 4:00,24.53
20/12/2024 5:00,49.71
20/12/2024 6:00,72.57
20/12/2024 7:00,110.04
20/12/2024 8:00,131.97
20/12/2024 9:00,123.18
20/12/2024 10:00,111
20/12/2024 11:00,98.43
20/12/2024 12:00,88.5
20/12/2024 13:00,84.83
20/12/2024 14:00,89.41
20/12/2024 15:00,100.06
20/12/2024 16:00,106.02
20/12/2024 17:00,110.44
20/12/2024 18:00,102.34
20/12/2024 19:00,100
20/12/2024 20:00,91.04
20/12/2024 21:00,73.14
20/12/2024 22:00,70.52
20/12/2024 23:00,58.39
21/12/2024 0:00,29.75
21/12/2024 1:00,24.51
21/12/2024 2:00,23.58
21/12/2024 3:00,19.41
21/12/2024 4:00,18.11
21/12/2024 5:00,24
21/12/2024 6:00,33.29
21/12/2024 7:00,33.27
21/12/2024 8:00,39.46
21/12/2024 9:00,45.77
21/12/2024 10:00,45.59
21/12/2024 11:00,36.88
21/12/2024 12:00,34.64
21/12/2024 13:00,33.04
21/12/2024 14:00,31.02
21/12/2024 15:00,33.93
21/12/2024 16:00,35.7
21/12/2024 17:00,43.18
21/12/2024 18:00,47.44
21/12/2024 19:00,41.08
21/12/2024 20:00,26.89
21/12/2024 21:00,13
21/12/2024 22:00,10.82
21/12/2024 23:00,7.05
22/12/2024 0:00,5.05
22/12/2024 1:00,3.78
22/12/2024 2:00,2.28
22/12/2024 3:00,1.24
22/12/2024 4:00,0.09
22/12/2024 5:00,0.77
22/12/2024 6:00,1.2
22/12/2024 7:00,4.65
22/12/2024 8:00,9.25
22/12/2024 9:00,23.99
22/12/2024 10:00,21.78
22/12/2024 11:00,24.22
22/12/2024 12:00,23.75
22/12/2024 13:00,23.13
22/12/2024 14:00,27.82
22/12/2024 15:00,40
22/12/2024 16:00,49.48
22/12/2024 17:00,74.91
22/12/2024 18:00,75.33
22/12/2024 19:00,68.96
22/12/2024 20:00,55
22/12/2024 21:00,42.27
22/12/2024 22:00,39.28
22/12/2024 23:00,27.67
23/12/2024 0:00,18.75
23/12/2024 1:00,12.73
23/12/2024 2:00,10.85
23/12/2024 3:00,7.61
23/12/2024 4:00,6.31
23/12/2024 5:00,6.66
23/12/2024 6:00,20.16
23/12/2024 7:00,55.93
23/12/2024 8:00,67.71
23/12/2024 9:00,67.36
23/12/2024 10:00,57.85
23/12/2024 11:00,56.74
23/12/2024 12:00,58.48
23/12/2024 13:00,59.21
23/12/2024 14:00,66
23/12/2024 15:00,77.61
23/12/2024 16:00,100.5
23/12/2024 17:00,113.98
23/12/2024 18:00,119.71
23/12/2024 19:00,139.32
23/12/2024 20:00,132.03
23/12/2024 21:00,109.88
23/12/2024 22:00,105.82
23/12/2024 23:00,110.06
24/12/2024 0:00,86.03
24/12/2024 1:00,82.84
24/12/2024 2:00,81.89
24/12/2024 3:00,78
24/12/2024 4:00,78.78
24/12/2024 5:00,80.6
24/12/2024 6:00,85.07
24/12/2024 7:00,100.83
24/12/2024 8:00,115.09
24/12/2024 9:00,120.95
24/12/2024 10:00,120
24/12/2024 11:00,118.16
24/12/2024 12:00,117.49
24/12/2024 13:00,115.38
24/12/2024 14:00,117.98
24/12/2024 15:00,119.5
24/12/2024 16:00,120.21
24/12/2024 17:00,118
24/12/2024 18:00,110.98
24/12/2024 19:00,105.66
24/12/2024 20:00,102.56
24/12/2024 21:00,94.63
24/12/2024 22:00,99.04
24/12/2024 23:00,90
25/12/2024 0:00,91.37
25/12/2024 1:00,86.44
25/12/2024 2:00,85.07
25/12/2024 3:00,80.81
25/12/2024 4:00,75.99
25/12/2024 5:00,80.81
25/12/2024 6:00,83.01
25/12/2024 7:00,84.94
25/12/2024 8:00,90.21
25/12/2024 9:00,99.24
25/12/2024 10:00,93.56
25/12/2024 11:00,92.55
25/12/2024 12:00,94.41
25/12/2024 13:00,91.02
25/12/2024 14:00,96.4
25/12/2024 15:00,107.74
25/12/2024 16:00,115.61
25/12/2024 17:00,120.52
25/12/2024 18:00,119.09
25/12/2024 19:00,117.99
25/12/2024 20:00,118.31
25/12/2024 21:00,113.01
25/12/2024 22:00,114.07
25/12/2024 23:00,104.63
26/12/2024 0:00,102.17
26/12/2024 1:00,95.06
26/12/2024 2:00,94.61
26/12/2024 3:00,89.64
26/12/2024 4:00,90.87
26/12/2024 5:00,95.1
26/12/2024 6:00,99
26/12/2024 7:00,112.63
26/12/2024 8:00,119.29
26/12/2024 9:00,118.23
26/12/2024 10:00,113.25
26/12/2024 11:00,106.01
26/12/2024 12:00,107.71
26/12/2024 13:00,103.9
26/12/2024 14:00,109.64
26/12/2024 15:00,120.75
26/12/2024 16:00,128.09
26/12/2024 17:00,137.9
26/12/2024 18:00,138.05
26/12/2024 19:00,135.71
26/12/2024 20:00,129.13
26/12/2024 21:00,120.85
26/12/2024 22:00,123.5
26/12/2024 23:00,116.98
27/12/2024 0:00,106.79
27/12/2024 1:00,101.52
27/12/2024 2:00,101.03
27/12/2024 3:00,99.74
27/12/2024 4:00,99.58
27/12/2024 5:00,106.2
27/12/2024 6:00,115.7
27/12/2024 7:00,124.29
27/12/2024 8:00,131.85
27/12/2024 9:00,130.15
27/12/2024 10:00,120.1
27/12/2024 11:00,107.94
27/12/2024 12:00,107.81
27/12/2024 13:00,107.94
27/12/2024 14:00,118.91
27/12/2024 15:00,131.07
27/12/2024 16:00,142.36
27/12/2024 17:00,151.31
27/12/2024 18:00,158.4
27/12/2024 19:00,146.43
27/12/2024 20:00,133.14
27/12/2024 21:00,125.42
27/12/2024 22:00,126.76
27/12/2024 23:00,114
28/12/2024 0:00,126.4
28/12/2024 1:00,116.63
28/12/2024 2:00,110.15
28/12/2024 3:00,105.92
28/12/2024 4:00,102.93
28/12/2024 5:00,105.58
28/12/2024 6:00,109.71
28/12/2024 7:00,124.24
28/12/2024 8:00,128
28/12/2024 9:00,128.3
28/12/2024 10:00,122.83
28/12/2024 11:00,113.4
28/12/2024 12:00,108.97
28/12/2024 13:00,110.01
28/12/2024 14:00,116.92
28/12/2024 15:00,132.02
28/12/2024 16:00,137.6
28/12/2024 17:00,146.07
28/12/2024 18:00,147.87
28/12/2024 19:00,141.1
28/12/2024 20:00,129.77
28/12/2024 21:00,125.9
28/12/2024 22:00,121.25
28/12/2024 23:00,115.06
29/12/2024 0:00,127.39
29/12/2024 1:00,114.09
29/12/2024 2:00,107.71
29/12/2024 3:00,101.7
29/12/2024 4:00,97.73
29/12/2024 5:00,98.61
29/12/2024 6:00,98.16
29/12/2024 7:00,102.71
29/12/2024 8:00,110.71
29/12/2024 9:00,116.32
29/12/2024 10:00,122.6
29/12/2024 11:00,115.68
29/12/2024 12:00,114.6
29/12/2024 13:00,113.53
29/12/2024 14:00,115.23
29/12/2024 15:00,116.18
29/12/2024 16:00,123.6
29/12/2024 17:00,135.58
29/12/2024 18:00,135.52
29/12/2024 19:00,139.8
29/12/2024 20:00,130.24
29/12/2024 21:00,104.99
29/12/2024 22:00,101.96
29/12/2024 23:00,87.84
30/12/2024 0:00,89.04
30/12/2024 1:00,86.59
30/12/2024 2:00,79.9
30/12/2024 3:00,56.54
30/12/2024 4:00,49.4
30/12/2024 5:00,77.97
30/12/2024 6:00,85.52
30/12/2024 7:00,96.13
30/12/2024 8:00,111.88
30/12/2024 9:00,119.43
30/12/2024 10:00,117.5
30/12/2024 11:00,112.1
30/12/2024 12:00,103.13
30/12/2024 13:00,98.93
30/12/2024 14:00,102.3
30/12/2024 15:00,109.08
30/12/2024 16:00,132.1
30/12/2024 17:00,131.13
30/12/2024 18:00,122.59
30/12/2024 19:00,116.41
30/12/2024 20:00,108.18
30/12/2024 21:00,100.26
30/12/2024 22:00,99.19
30/12/2024 23:00,82.73
31/12/2024 0:00,61.18
31/12/2024 1:00,48.38
31/12/2024 2:00,54.86
31/12/2024 3:00,45.42
31/12/2024 4:00,46.26
31/12/2024 5:00,46.26
31/12/2024 6:00,50.05
31/12/2024 7:00,65.44
31/12/2024 8:00,76.35
31/12/2024 9:00,102.68
31/12/2024 10:00,103.15
31/12/2024 11:00,97.41
31/12/2024 12:00,101.85
31/12/2024 13:00,92.45
31/12/2024 14:00,80.69
31/12/2024 15:00,87.6
31/12/2024 16:00,93.05
31/12/2024 17:00,103.35
31/12/2024 18:00,100.15
31/12/2024 19:00,81.3
31/12/2024 20:00,45.6
31/12/2024 21:00,17.6
31/12/2024 22:00,4.04
31/12/2024 23:00,-1.26
01/01/2025 0:00,10.62
01/01/2025 1:00,10.27
01/01/2025 2:00,8.38
01/01/2025 3:00,6.61
01/01/2025 4:00,2.29
01/01/2025 5:00,3.01
01/01/2025 6:00,3.52
01/01/2025 7:00,2.55
01/01/2025 8:00,4.24
01/01/2025 9:00,7.50
01/01/2025 10:00,15.91
01/01/2025 11:00,20.59
01/01/2025 12:00,29.94
01/01/2025 13:00,37.14
01/01/2025 14:00,26.32
01/01/2025 15:00,22.10
01/01/2025 16:00,19.28
01/01/2025 17:00,41.92
01/01/2025 18:00,57.95
01/01/2025 19:00,59.23
01/01/2025 20:00,45.86
01/01/2025 21:00,38.46
01/01/2025 22:00,32.07
01/01/2025 23:00,25.49
02/01/2025 0:00,46.42
02/01/2025 1:00,61.27
02/01/2025 2:00,62.37
02/01/2025 3:00,59.83
02/01/2025 4:00,52.61
02/01/2025 5:00,61.63
02/01/2025 6:00,103.55
02/01/2025 7:00,129.62
02/01/2025 8:00,142.71
02/01/2025 9:00,141.40
02/01/2025 10:00,130.25
02/01/2025 11:00,130.60
02/01/2025 12:00,133.89
02/01/2025 13:00,124.11
02/01/2025 14:00,126.45
02/01/2025 15:00,130.11
02/01/2025 16:00,139.04
02/01/2025 17:00,153.13
02/01/2025 18:00,153.04
02/01/2025 19:00,153.06
02/01/2025 20:00,131.07
02/01/2025 21:00,120.23
02/01/2025 22:00,117.97
02/01/2025 23:00,112.03
03/01/2025 0:00,105.68
03/01/2025 1:00,98.54
03/01/2025 2:00,92.04
03/01/2025 3:00,89.37
03/01/2025 4:00,80.99
03/01/2025 5:00,99.97
03/01/2025 6:00,108.81
03/01/2025 7:00,113.19
03/01/2025 8:00,117.00
03/01/2025 9:00,147.51
03/01/2025 10:00,145.19
03/01/2025 11:00,101.44
03/01/2025 12:00,95.63
03/01/2025 13:00,97.72
03/01/2025 14:00,101.95
03/01/2025 15:00,119.96
03/01/2025 16:00,133.32
03/01/2025 17:00,158.28
03/01/2025 18:00,166.95
03/01/2025 19:00,161.94
03/01/2025 20:00,147.31
03/01/2025 21:00,124.91
03/01/2025 22:00,138.25
03/01/2025 23:00,136.75
04/01/2025 0:00,115.00
04/01/2025 1:00,105.11
04/01/2025 2:00,96.77
04/01/2025 3:00,94.70
04/01/2025 4:00,96.32
04/01/2025 5:00,102.40
04/01/2025 6:00,110.78
04/01/2025 7:00,120.10
04/01/2025 8:00,128.39
04/01/2025 9:00,130.75
04/01/2025 10:00,130.34
04/01/2025 11:00,128.29
04/01/2025 12:00,130.03
04/01/2025 13:00,129.85
04/01/2025 14:00,136.40
04/01/2025 15:00,138.81
04/01/2025 16:00,136.85
04/01/2025 17:00,142.53
04/01/2025 18:00,144.38
04/01/2025 19:00,138.84
04/01/2025 20:00,129.99
04/01/2025 21:00,123.33
04/01/2025 22:00,118.76
04/01/2025 23:00,109.70
05/01/2025 0:00,106.68
05/01/2025 1:00,81.88
05/01/2025 2:00,74.60
05/01/2025 3:00,63.59
05/01/2025 4:00,58.84
05/01/2025 5:00,51.18
05/01/2025 6:00,49.58
05/01/2025 7:00,54.29
05/01/2025 8:00,62.20
05/01/2025 9:00,62.60
05/01/2025 10:00,64.17
05/01/2025 11:00,60.18
05/01/2025 12:00,68.20
05/01/2025 13:00,59.23
05/01/2025 14:00,52.71
05/01/2025 15:00,37.25
05/01/2025 16:00,39.38
05/01/2025 17:00,59.60
05/01/2025 18:00,62.25
05/01/2025 19:00,54.18
05/01/2025 20:00,44.50
05/01/2025 21:00,42.97
05/01/2025 22:00,34.88
05/01/2025 23:00,20.36
06/01/2025 0:00,16.66
06/01/2025 1:00,8.35
06/01/2025 2:00,4.90
06/01/2025 3:00,2.77
06/01/2025 4:00,2.51
06/01/2025 5:00,4.39
06/01/2025 6:00,10.53
06/01/2025 7:00,36.70
06/01/2025 8:00,58.15
06/01/2025 9:00,53.71
06/01/2025 10:00,43.81
06/01/2025 11:00,35.10
06/01/2025 12:00,33.12
06/01/2025 13:00,31.32
06/01/2025 14:00,35.30
06/01/2025 15:00,37.23
06/01/2025 16:00,44.05
06/01/2025 17:00,71.89
06/01/2025 18:00,108.20
06/01/2025 19:00,94.83
06/01/2025 20:00,74.32
06/01/2025 21:00,53.68
06/01/2025 22:00,53.28
06/01/2025 23:00,37.00
07/01/2025 0:00,20.06
07/01/2025 1:00,6.25
07/01/2025 2:00,10.40
07/01/2025 3:00,5.21
07/01/2025 4:00,0.56
07/01/2025 5:00,8.28
07/01/2025 6:00,56.86
07/01/2025 7:00,99.55
07/01/2025 8:00,125.91
07/01/2025 9:00,111.92
07/01/2025 10:00,98.21
07/01/2025 11:00,74.91
07/01/2025 12:00,68.96
07/01/2025 13:00,69.10
07/01/2025 14:00,76.42
07/01/2025 15:00,83.16
07/01/2025 16:00,104.34
07/01/2025 17:00,124.83
07/01/2025 18:00,140.00
07/01/2025 19:00,144.12
07/01/2025 20:00,120.06
07/01/2025 21:00,105.70
07/01/2025 22:00,111.04
07/01/2025 23:00,107.09
08/01/2025 0:00,75.65
08/01/2025 1:00,75.07
08/01/2025 2:00,64.12
08/01/2025 3:00,54.55
08/01/2025 4:00,62.93
08/01/2025 5:00,69.41
08/01/2025 6:00,100.00
08/01/2025 7:00,132.35
08/01/2025 8:00,136.47
08/01/2025 9:00,143.80
08/01/2025 10:00,142.88
08/01/2025 11:00,106.89
08/01/2025 12:00,100.44
08/01/2025 13:00,100.59
08/01/2025 14:00,110.28
08/01/2025 15:00,127.80
08/01/2025 16:00,135.41
08/01/2025 17:00,153.67
08/01/2025 18:00,151.86
08/01/2025 19:00,137.60
08/01/2025 20:00,129.58
08/01/2025 21:00,118.70
08/01/2025 22:00,113.19
08/01/2025 23:00,100.13
09/01/2025 0:00,93.56
09/01/2025 1:00,91.23
09/01/2025 2:00,87.54
09/01/2025 3:00,78.21
09/01/2025 4:00,76.69
09/01/2025 5:00,84.45
09/01/2025 6:00,89.37
09/01/2025 7:00,113.71
09/01/2025 8:00,126.29
09/01/2025 9:00,123.71
09/01/2025 10:00,117.40
09/01/2025 11:00,110.30
09/01/2025 12:00,108.11
09/01/2025 13:00,98.97
09/01/2025 14:00,98.13
09/01/2025 15:00,103.68
09/01/2025 16:00,115.01
09/01/2025 17:00,131.25
09/01/2025 18:00,135.64
09/01/2025 19:00,143.18
09/01/2025 20:00,119.98
09/01/2025 21:00,105.39
09/01/2025 22:00,101.50
09/01/2025 23:00,100.00
10/01/2025 0:00,87.68
10/01/2025 1:00,80.24
10/01/2025 2:00,71.70
10/01/2025 3:00,69.51
10/01/2025 4:00,69.98
10/01/2025 5:00,84.48
10/01/2025 6:00,100.93
10/01/2025 7:00,125.33
10/01/2025 8:00,139.92
10/01/2025 9:00,137.07
10/01/2025 10:00,123.57
10/01/2025 11:00,113.59
10/01/2025 12:00,107.43
10/01/2025 13:00,105.01
10/01/2025 14:00,110.01
10/01/2025 15:00,128.69
10/01/2025 16:00,135.21
10/01/2025 17:00,142.63
10/01/2025 18:00,144.20
10/01/2025 19:00,141.16
10/01/2025 20:00,134.82
10/01/2025 21:00,122.51
10/01/2025 22:00,119.78
10/01/2025 23:00,111.86
11/01/2025 0:00,114.57
11/01/2025 1:00,101.36
11/01/2025 2:00,96.41
11/01/2025 3:00,92.51
11/01/2025 4:00,91.51
11/01/2025 5:00,93.35
11/01/2025 6:00,98.37
11/01/2025 7:00,107.80
11/01/2025 8:00,120.00
11/01/2025 9:00,126.28
11/01/2025 10:00,122.94
11/01/2025 11:00,101.25
11/01/2025 12:00,97.40
11/01/2025 13:00,93.15
11/01/2025 14:00,95.61
11/01/2025 15:00,105.10
11/01/2025 16:00,112.71
11/01/2025 17:00,120.39
11/01/2025 18:00,123.71
11/01/2025 19:00,127.20
11/01/2025 20:00,123.90
11/01/2025 21:00,122.84
11/01/2025 22:00,119.00
11/01/2025 23:00,105.99
12/01/2025 0:00,125.53
12/01/2025 1:00,106.58
12/01/2025 2:00,91.62
12/01/2025 3:00,86.75
12/01/2025 4:00,85.00
12/01/2025 5:00,86.64
12/01/2025 6:00,92.39
12/01/2025 7:00,101.75
12/01/2025 8:00,114.83
12/01/2025 9:00,120.07
12/01/2025 10:00,117.77
12/01/2025 11:00,105.61
12/01/2025 12:00,102.99
12/01/2025 13:00,99.61
12/01/2025 14:00,102.41
12/01/2025 15:00,114.54
12/01/2025 16:00,127.07
12/01/2025 17:00,136.09
12/01/2025 18:00,146.66
12/01/2025 19:00,142.22
12/01/2025 20:00,132.08
12/01/2025 21:00,126.51
12/01/2025 22:00,120.05
12/01/2025 23:00,114.90
13/01/2025 0:00,112.39
13/01/2025 1:00,105.07
13/01/2025 2:00,104.46
13/01/2025 3:00,100.37
13/01/2025 4:00,100.00
13/01/2025 5:00,109.86
13/01/2025 6:00,134.75
13/01/2025 7:00,162.04
13/01/2025 8:00,199.77
13/01/2025 9:00,156.72
13/01/2025 10:00,133.34
13/01/2025 11:00,115.81
13/01/2025 12:00,105.16
13/01/2025 13:00,103.64
13/01/2025 14:00,105.80
13/01/2025 15:00,122.20
13/01/2025 16:00,132.46
13/01/2025 17:00,148.75
13/01/2025 18:00,157.65
13/01/2025 19:00,159.88
13/01/2025 20:00,142.46
13/01/2025 21:00,122.50
13/01/2025 22:00,121.81
13/01/2025 23:00,121.70
14/01/2025 0:00,122.03
14/01/2025 1:00,117.71
14/01/2025 2:00,114.34
14/01/2025 3:00,112.03
14/01/2025 4:00,112.21
14/01/2025 5:00,114.34
14/01/2025 6:00,137.76
14/01/2025 7:00,160.84
14/01/2025 8:00,186.54
14/01/2025 9:00,152.46
14/01/2025 10:00,133.59
14/01/2025 11:00,114.15
14/01/2025 12:00,111.87
14/01/2025 13:00,111.31
14/01/2025 14:00,115.85
14/01/2025 15:00,127.36
14/01/2025 16:00,143.58
14/01/2025 17:00,167.73
14/01/2025 18:00,186.82
14/01/2025 19:00,188.82
14/01/2025 20:00,152.40
14/01/2025 21:00,126.13
14/01/2025 22:00,134.43
14/01/2025 23:00,122.03
15/01/2025 0:00,119.94
15/01/2025 1:00,124.48
15/01/2025 2:00,119.68
15/01/2025 3:00,109.86
15/01/2025 4:00,111.69
15/01/2025 5:00,117.77
15/01/2025 6:00,135.02
15/01/2025 7:00,191.90
15/01/2025 8:00,287.10
15/01/2025 9:00,285.11
15/01/2025 10:00,261.94
15/01/2025 11:00,221.55
15/01/2025 12:00,201.44
15/01/2025 13:00,192.81
15/01/2025 14:00,212.11
15/01/2025 15:00,202.24
15/01/2025 16:00,210.48
15/01/2025 17:00,261.84
15/01/2025 18:00,260.73
15/01/2025 19:00,235.89
15/01/2025 20:00,173.65
15/01/2025 21:00,150.94
15/01/2025 22:00,139.67
15/01/2025 23:00,123.90
16/01/2025 0:00,125.10
16/01/2025 1:00,118.86
16/01/2025 2:00,111.20
16/01/2025 3:00,104.22
16/01/2025 4:00,103.00
16/01/2025 5:00,114.54
16/01/2025 6:00,130.41
16/01/2025 7:00,157.54
16/01/2025 8:00,199.79
16/01/2025 9:00,175.00
16/01/2025 10:00,151.90
16/01/2025 11:00,140.64
16/01/2025 12:00,130.92
16/01/2025 13:00,126.15
16/01/2025 14:00,124.25
16/01/2025 15:00,136.67
16/01/2025 16:00,153.88
16/01/2025 17:00,174.60
16/01/2025 18:00,184.32
16/01/2025 19:00,179.97
16/01/2025 20:00,159.60
16/01/2025 21:00,141.96
16/01/2025 22:00,135.68
16/01/2025 23:00,124.12
17/01/2025 0:00,107.11
17/01/2025 1:00,113.26
17/01/2025 2:00,109.61
17/01/2025 3:00,109.22
17/01/2025 4:00,108.87
17/01/2025 5:00,113.13
17/01/2025 6:00,140.80
17/01/2025 7:00,175.01
17/01/2025 8:00,208.13
17/01/2025 9:00,175.34
17/01/2025 10:00,153.04
17/01/2025 11:00,138.67
17/01/2025 12:00,126.44
17/01/2025 13:00,124.03
17/01/2025 14:00,128.81
17/01/2025 15:00,137.75
17/01/2025 16:00,150.00
17/01/2025 17:00,174.70
17/01/2025 18:00,179.92
17/01/2025 19:00,174.22
17/01/2025 20:00,157.91
17/01/2025 21:00,145.00
17/01/2025 22:00,139.97
17/01/2025 23:00,126.96
18/01/2025 0:00,125.38
18/01/2025 1:00,121.06
18/01/2025 2:00,121.02
18/01/2025 3:00,118.85
18/01/2025 4:00,116.52
18/01/2025 5:00,119.78
18/01/2025 6:00,119.87
18/01/2025 7:00,133.61
18/01/2025 8:00,145.67
18/01/2025 9:00,144.10
18/01/2025 10:00,131.50
18/01/2025 11:00,121.58
18/01/2025 12:00,118.87
18/01/2025 13:00,115.01
18/01/2025 14:00,118.78
18/01/2025 15:00,128.29
18/01/2025 16:00,131.29
18/01/2025 17:00,152.54
18/01/2025 18:00,167.57
18/01/2025 19:00,167.85
18/01/2025 20:00,156.12
18/01/2025 21:00,143.42
18/01/2025 22:00,136.40
18/01/2025 23:00,129.36
19/01/2025 0:00,129.75
19/01/2025 1:00,124.29
19/01/2025 2:00,123.12
19/01/2025 3:00,121.24
19/01/2025 4:00,120.18
19/01/2025 5:00,120.00
19/01/2025 6:00,121.59
19/01/2025 7:00,123.41
19/01/2025 8:00,123.60
19/01/2025 9:00,125.26
19/01/2025 10:00,125.33
19/01/2025 11:00,122.08
19/01/2025 12:00,112.25
19/01/2025 13:00,107.51
19/01/2025 14:00,116.81
19/01/2025 15:00,122.93
19/01/2025 16:00,135.20
19/01/2025 17:00,148.14
19/01/2025 18:00,159.37
19/01/2025 19:00,156.98
19/01/2025 20:00,149.57
19/01/2025 21:00,139.85
19/01/2025 22:00,131.31
19/01/2025 23:00,123.04
20/01/2025 0:00,122.28
20/01/2025 1:00,119.47
20/01/2025 2:00,116.57
20/01/2025 3:00,114.41
20/01/2025 4:00,115.45
20/01/2025 5:00,124.54
20/01/2025 6:00,146.30
20/01/2025 7:00,220.07
20/01/2025 8:00,338.48
20/01/2025 9:00,289.94
20/01/2025 10:00,236.29
20/01/2025 11:00,187.93
20/01/2025 12:00,176.28
20/01/2025 13:00,171.39
20/01/2025 14:00,187.90
20/01/2025 15:00,239.34
20/01/2025 16:00,294.08
20/01/2025 17:00,379.99
20/01/2025 18:00,473.28
20/01/2025 19:00,295.57
20/01/2025 20:00,220.00
20/01/2025 21:00,170.00
20/01/2025 22:00,153.09
20/01/2025 23:00,138.87
21/01/2025 0:00,141.36
21/01/2025 1:00,136.28
21/01/2025 2:00,129.29
21/01/2025 3:00,118.38
21/01/2025 4:00,114.69
21/01/2025 5:00,122.43
21/01/2025 6:00,139.40
21/01/2025 7:00,180.40
21/01/2025 8:00,244.40
21/01/2025 9:00,211.34
21/01/2025 10:00,199.15
21/01/2025 11:00,163.39
21/01/2025 12:00,149.41
21/01/2025 13:00,144.33
21/01/2025 14:00,150.05
21/01/2025 15:00,165.99
21/01/2025 16:00,177.34
21/01/2025 17:00,232.75
21/01/2025 18:00,222.68
21/01/2025 19:00,192.62
21/01/2025 20:00,165.01
21/01/2025 21:00,149.77
21/01/2025 22:00,137.49
21/01/2025 23:00,125.50
22/01/2025 0:00,126.78
22/01/2025 1:00,122.65
22/01/2025 2:00,116.29
22/01/2025 3:00,113.48
22/01/2025 4:00,113.87
22/01/2025 5:00,122.60
22/01/2025 6:00,130.23
22/01/2025 7:00,161.61
22/01/2025 8:00,212.87
22/01/2025 9:00,199.41
22/01/2025 10:00,179.06
22/01/2025 11:00,172.94
22/01/2025 12:00,165.00
22/01/2025 13:00,170.00
22/01/2025 14:00,178.06
22/01/2025 15:00,188.61
22/01/2025 16:00,176.34
22/01/2025 17:00,168.33
22/01/2025 18:00,166.12
22/01/2025 19:00,167.08
22/01/2025 20:00,137.07
22/01/2025 21:00,127.78
22/01/2025 22:00,129.01
22/01/2025 23:00,115.49
23/01/2025 0:00,114.17
23/01/2025 1:00,109.34
23/01/2025 2:00,105.67
23/01/2025 3:00,100.17
23/01/2025 4:00,97.99
23/01/2025 5:00,100.88
23/01/2025 6:00,110.58
23/01/2025 7:00,139.67
23/01/2025 8:00,159.71
23/01/2025 9:00,156.46
23/01/2025 10:00,136.00
23/01/2025 11:00,124.83
23/01/2025 12:00,104.18
23/01/2025 13:00,96.39
23/01/2025 14:00,94.79
23/01/2025 15:00,95.61
23/01/2025 16:00,95.71
23/01/2025 17:00,111.41
23/01/2025 18:00,119.29
23/01/2025 19:00,113.06
23/01/2025 20:00,93.34
23/01/2025 21:00,79.89
23/01/2025 22:00,81.01
23/01/2025 23:00,61.85
24/01/2025 0:00,72.37
24/01/2025 1:00,60.21
24/01/2025 2:00,45.62
24/01/2025 3:00,41.21
24/01/2025 4:00,40.05
24/01/2025 5:00,61.93
24/01/2025 6:00,70.47
24/01/2025 7:00,104.84
24/01/2025 8:00,108.28
24/01/2025 9:00,96.14
24/01/2025 10:00,91.27
24/01/2025 11:00,80.40
24/01/2025 12:00,79.23
24/01/2025 13:00,77.26
24/01/2025 14:00,76.66
24/01/2025 15:00,75.90
24/01/2025 16:00,77.13
24/01/2025 17:00,90.17
24/01/2025 18:00,95.00
24/01/2025 19:00,96.85
24/01/2025 20:00,89.75
24/01/2025 21:00,84.65
24/01/2025 22:00,94.45
24/01/2025 23:00,88.55
25/01/2025 0:00,57.91
25/01/2025 1:00,64.90
25/01/2025 2:00,69.40
25/01/2025 3:00,73.76
25/01/2025 4:00,59.70
25/01/2025 5:00,60.09
25/01/2025 6:00,64.70
25/01/2025 7:00,69.20
25/01/2025 8:00,81.16
25/01/2025 9:00,83.98
25/01/2025 10:00,80.40
25/01/2025 11:00,83.50
25/01/2025 12:00,80.00
25/01/2025 13:00,81.01
25/01/2025 14:00,81.15
25/01/2025 15:00,95.78
25/01/2025 16:00,115.04
25/01/2025 17:00,134.60
25/01/2025 18:00,144.96
25/01/2025 19:00,142.63
25/01/2025 20:00,126.30
25/01/2025 21:00,121.63
25/01/2025 22:00,119.52
25/01/2025 23:00,110.45
26/01/2025 0:00,108.98
26/01/2025 1:00,101.36
26/01/2025 2:00,89.00
26/01/2025 3:00,90.59
26/01/2025 4:00,82.62
26/01/2025 5:00,86.41
26/01/2025 6:00,91.90
26/01/2025 7:00,97.86
26/01/2025 8:00,97.71
26/01/2025 9:00,95.58
26/01/2025 10:00,83.64
26/01/2025 11:00,96.16
26/01/2025 12:00,93.48
26/01/2025 13:00,73.21
26/01/2025 14:00,71.52
26/01/2025 15:00,85.03
26/01/2025 16:00,94.96
26/01/2025 17:00,103.45
26/01/2025 18:00,100.45
26/01/2025 19:00,76.78
26/01/2025 20:00,66.87
26/01/2025 21:00,57.58
26/01/2025 22:00,43.16
26/01/2025 23:00,24.08
27/01/2025 0:00,34.08
27/01/2025 1:00,28.12
27/01/2025 2:00,14.93
27/01/2025 3:00,11.69
27/01/2025 4:00,8.94
27/01/2025 5:00,18.86
27/01/2025 6:00,35.01
27/01/2025 7:00,54.94
27/01/2025 8:00,67.00
27/01/2025 9:00,60.43
27/01/2025 10:00,44.09
27/01/2025 11:00,38.69
27/01/2025 12:00,37.00
27/01/2025 13:00,37.84
27/01/2025 14:00,44.52
27/01/2025 15:00,68.45
27/01/2025 16:00,81.85
27/01/2025 17:00,101.74
27/01/2025 18:00,102.41
27/01/2025 19:00,90.24
27/01/2025 20:00,80.87
27/01/2025 21:00,72.90
27/01/2025 22:00,69.41
27/01/2025 23:00,56.26
28/01/2025 0:00,39.27
28/01/2025 1:00,32.86
28/01/2025 2:00,23.75
28/01/2025 3:00,28.79
28/01/2025 4:00,29.70
28/01/2025 5:00,28.78
28/01/2025 6:00,47.24
28/01/2025 7:00,72.06
28/01/2025 8:00,94.31
28/01/2025 9:00,87.62
28/01/2025 10:00,91.20
28/01/2025 11:00,89.95
28/01/2025 12:00,92.93
28/01/2025 13:00,89.86
28/01/2025 14:00,92.32
28/01/2025 15:00,69.00
28/01/2025 16:00,89.71
28/01/2025 17:00,75.95
28/01/2025 18:00,110.39
28/01/2025 19:00,111.34
28/01/2025 20:00,84.51
28/01/2025 21:00,62.52
28/01/2025 22:00,50.94
28/01/2025 23:00,52.27
29/01/2025 0:00,70.27
29/01/2025 1:00,66.56
29/01/2025 2:00,59.86
29/01/2025 3:00,53.31
29/01/2025 4:00,57.14
29/01/2025 5:00,62.79
29/01/2025 6:00,76.17
29/01/2025 7:00,101.32
29/01/2025 8:00,131.23
29/01/2025 9:00,115.35
29/01/2025 10:00,90.35
29/01/2025 11:00,78.58
29/01/2025 12:00,82.05
29/01/2025 13:00,83.04
29/01/2025 14:00,84.60
29/01/2025 15:00,99.36
29/01/2025 16:00,125.54
29/01/2025 17:00,150.11
29/01/2025 18:00,151.50
29/01/2025 19:00,147.10
29/01/2025 20:00,134.10
29/01/2025 21:00,124.43
29/01/2025 22:00,115.55
29/01/2025 23:00,101.06
30/01/2025 0:00,108.59
30/01/2025 1:00,105.36
30/01/2025 2:00,99.52
30/01/2025 3:00,89.07
30/01/2025 4:00,84.76
30/01/2025 5:00,94.88
30/01/2025 6:00,127.14
30/01/2025 7:00,148.12
30/01/2025 8:00,160.30
30/01/2025 9:00,152.00
30/01/2025 10:00,134.85
30/01/2025 11:00,123.25
30/01/2025 12:00,115.83
30/01/2025 13:00,113.30
30/01/2025 14:00,122.35
30/01/2025 15:00,133.09
30/01/2025 16:00,134.79
30/01/2025 17:00,166.90
30/01/2025 18:00,179.60
30/01/2025 19:00,161.16
30/01/2025 20:00,147.16
30/01/2025 21:00,131.71
30/01/2025 22:00,125.30
30/01/2025 23:00,120.20
31/01/2025 0:00,120.00
31/01/2025 1:00,116.04
31/01/2025 2:00,113.41
31/01/2025 3:00,109.67
31/01/2025 4:00,112.52
31/01/2025 5:00,118.25
31/01/2025 6:00,129.02
31/01/2025 7:00,153.94
31/01/2025 8:00,163.70
31/01/2025 9:00,154.82
31/01/2025 10:00,130.10
31/01/2025 11:00,126.20
31/01/2025 12:00,120.06
31/01/2025 13:00,121.19
31/01/2025 14:00,118.90
31/01/2025 15:00,138.96
31/01/2025 16:00,142.85
31/01/2025 17:00,151.24
31/01/2025 18:00,184.48
31/01/2025 19:00,178.99
31/01/2025 20:00,162.66
31/01/2025 21:00,152.70
31/01/2025 22:00,144.68
31/01/2025 23:00,131.45
01/02/2025 0:00,137.06
01/02/2025 1:00,129.53
01/02/2025 2:00,124.32
01/02/2025 3:00,118.50
01/02/2025 4:00,114.80
01/02/2025 5:00,116.96
01/02/2025 6:00,126.34
01/02/2025 7:00,144.74
01/02/2025 8:00,153.46
01/02/2025 9:00,142.44
01/02/2025 10:00,128.40
01/02/2025 11:00,120.08
01/02/2025 12:00,110.29
01/02/2025 13:00,103.40
01/02/2025 14:00,113.70
01/02/2025 15:00,125.00
01/02/2025 16:00,144.41
01/02/2025 17:00,149.13
01/02/2025 18:00,161.18
01/02/2025 19:00,162.98
01/02/2025 20:00,156.60
01/02/2025 21:00,145.24
01/02/2025 22:00,141.73
01/02/2025 23:00,131.74
02/02/2025 0:00,133.26
02/02/2025 1:00,126.91
02/02/2025 2:00,122.99
02/02/2025 3:00,120.66
02/02/2025 4:00,122.34
02/02/2025 5:00,123.41
02/02/2025 6:00,128.09
02/02/2025 7:00,135.90
02/02/2025 8:00,137.30
02/02/2025 9:00,137.70
02/02/2025 10:00,130.04
02/02/2025 11:00,129.33
02/02/2025 12:00,122.24
02/02/2025 13:00,111.88
02/02/2025 14:00,114.78
02/02/2025 15:00,121.22
02/02/2025 16:00,137.57
02/02/2025 17:00,155.43
02/02/2025 18:00,168.07
02/02/2025 19:00,173.95
02/02/2025 20:00,165.50
02/02/2025 21:00,155.77
02/02/2025 22:00,148.44
02/02/2025 23:00,133.24
03/02/2025 0:00,129.54
03/02/2025 1:00,126.63
03/02/2025 2:00,124.72
03/02/2025 3:00,120.04
03/02/2025 4:00,123.24
03/02/2025 5:00,127.77
03/02/2025 6:00,159.18
03/02/2025 7:00,207.88
03/02/2025 8:00,243.23
03/02/2025 9:00,178.04
03/02/2025 10:00,149.95
03/02/2025 11:00,127.15
03/02/2025 12:00,117.27
03/02/2025 13:00,115.09
03/02/2025 14:00,121.76
03/02/2025 15:00,134.25
03/02/2025 16:00,146.31
03/02/2025 17:00,186.55
03/02/2025 18:00,200.73
03/02/2025 19:00,201.10
03/02/2025 20:00,167.74
03/02/2025 21:00,153.00
03/02/2025 22:00,144.00
03/02/2025 23:00,135.81
04/02/2025 0:00,132.40
04/02/2025 1:00,125.54
04/02/2025 2:00,123.18
04/02/2025 3:00,123.99
04/02/2025 4:00,123.25
04/02/2025 5:00,127.63
04/02/2025 6:00,153.26
04/02/2025 7:00,181.29
04/02/2025 8:00,211.99
04/02/2025 9:00,163.31
04/02/2025 10:00,136.53
04/02/2025 11:00,127.95
04/02/2025 12:00,123.43
04/02/2025 13:00,113.27
04/02/2025 14:00,120.09
04/02/2025 15:00,122.47
04/02/2025 16:00,121.28
04/02/2025 17:00,140.65
04/02/2025 18:00,175.00
04/02/2025 19:00,172.52
04/02/2025 20:00,151.29
04/02/2025 21:00,132.76
04/02/2025 22:00,142.43
04/02/2025 23:00,138.99
05/02/2025 0:00,131.22
05/02/2025 1:00,121.25
05/02/2025 2:00,117.93
05/02/2025 3:00,117.03
05/02/2025 4:00,117.73
05/02/2025 5:00,123.17
05/02/2025 6:00,139.96
05/02/2025 7:00,168.87
05/02/2025 8:00,180.81
05/02/2025 9:00,159.33
05/02/2025 10:00,145.67
05/02/2025 11:00,140.60
05/02/2025 12:00,131.48
05/02/2025 13:00,126.00
05/02/2025 14:00,128.85
05/02/2025 15:00,144.12
05/02/2025 16:00,153.77
05/02/2025 17:00,175.23
05/02/2025 18:00,189.90
05/02/2025 19:00,189.63
05/02/2025 20:00,170.00
05/02/2025 21:00,155.42
05/02/2025 22:00,143.70
05/02/2025 23:00,137.73
06/02/2025 0:00,133.67
06/02/2025 1:00,131.92
06/02/2025 2:00,126.60
06/02/2025 3:00,125.01
06/02/2025 4:00,125.01
06/02/2025 5:00,128.31
06/02/2025 6:00,142.42
06/02/2025 7:00,180.09
06/02/2025 8:00,213.41
06/02/2025 9:00,178.06
06/02/2025 10:00,158.06
06/02/2025 11:00,136.42
06/02/2025 12:00,128.51
06/02/2025 13:00,121.40
06/02/2025 14:00,132.91
06/02/2025 15:00,128.80
06/02/2025 16:00,127.82
06/02/2025 17:00,152.23
06/02/2025 18:00,170.56
06/02/2025 19:00,163.21
06/02/2025 20:00,142.86
06/02/2025 21:00,133.03
06/02/2025 22:00,134.99
06/02/2025 23:00,121.95
07/02/2025 0:00,126.05
07/02/2025 1:00,112.70
07/02/2025 2:00,108.82
07/02/2025 3:00,105.00
07/02/2025 4:00,105.62
07/02/2025 5:00,106.21
07/02/2025 6:00,115.84
07/02/2025 7:00,143.53
07/02/2025 8:00,164.24
07/02/2025 9:00,150.36
07/02/2025 10:00,139.11
07/02/2025 11:00,132.98
07/02/2025 12:00,130.49
07/02/2025 13:00,120.20
07/02/2025 14:00,126.57
07/02/2025 15:00,121.89
07/02/2025 16:00,128.72
07/02/2025 17:00,144.05
07/02/2025 18:00,150.01
07/02/2025 19:00,153.34
07/02/2025 20:00,154.72
07/02/2025 21:00,153.28
07/02/2025 22:00,155.23
07/02/2025 23:00,133.65
08/02/2025 0:00,124.26
08/02/2025 1:00,107.17
08/02/2025 2:00,91.87
08/02/2025 3:00,99.33
08/02/2025 4:00,89.69
08/02/2025 5:00,90.99
08/02/2025 6:00,98.70
08/02/2025 7:00,120.46
08/02/2025 8:00,124.90
08/02/2025 9:00,135.50
08/02/2025 10:00,148.80
08/02/2025 11:00,158.37
08/02/2025 12:00,162.41
08/02/2025 13:00,129.95
08/02/2025 14:00,117.90
08/02/2025 15:00,118.00
08/02/2025 16:00,141.22
08/02/2025 17:00,150.49
08/02/2025 18:00,160.49
08/02/2025 19:00,165.98
08/02/2025 20:00,162.82
08/02/2025 21:00,149.00
08/02/2025 22:00,147.95
08/02/2025 23:00,143.29
09/02/2025 0:00,135.00
09/02/2025 1:00,136.41
09/02/2025 2:00,135.48
09/02/2025 3:00,119.30
09/02/2025 4:00,116.91
09/02/2025 5:00,117.00
09/02/2025 6:00,117.00
09/02/2025 7:00,133.43
09/02/2025 8:00,136.77
09/02/2025 9:00,124.95
09/02/2025 10:00,124.30
09/02/2025 11:00,133.00
09/02/2025 12:00,148.08
09/02/2025 13:00,136.95
09/02/2025 14:00,109.90
09/02/2025 15:00,120.40
09/02/2025 16:00,142.30
09/02/2025 17:00,149.06
09/02/2025 18:00,162.45
09/02/2025 19:00,178.99
09/02/2025 20:00,156.98
09/02/2025 21:00,142.98
09/02/2025 22:00,143.00
09/02/2025 23:00,135.44
10/02/2025 0:00,128.56
10/02/2025 1:00,134.72
10/02/2025 2:00,131.35
10/02/2025 3:00,120.98
10/02/2025 4:00,120.83
10/02/2025 5:00,125.74
10/02/2025 6:00,145.51
10/02/2025 7:00,167.70
10/02/2025 8:00,181.36
10/02/2025 9:00,163.18
10/02/2025 10:00,169.01
10/02/2025 11:00,178.77
10/02/2025 12:00,171.84
10/02/2025 13:00,150.99
10/02/2025 14:00,127.40
10/02/2025 15:00,132.95
10/02/2025 16:00,135.00
10/02/2025 17:00,138.69
10/02/2025 18:00,177.31
10/02/2025 19:00,224.02
10/02/2025 20:00,203.75
10/02/2025 21:00,188.76
10/02/2025 22:00,186.58
10/02/2025 23:00,157.90
11/02/2025 0:00,143.19
11/02/2025 1:00,147.08
11/02/2025 2:00,135.60
11/02/2025 3:00,127.65
11/02/2025 4:00,119.66
11/02/2025 5:00,124.04
11/02/2025 6:00,128.11
11/02/2025 7:00,143.95
11/02/2025 8:00,159.06
11/02/2025 9:00,163.30
11/02/2025 10:00,196.82
11/02/2025 11:00,187.31
11/02/2025 12:00,170.98
11/02/2025 13:00,153.16
11/02/2025 14:00,137.66
11/02/2025 15:00,144.26
11/02/2025 16:00,145.16
11/02/2025 17:00,161.16
11/02/2025 18:00,173.95
11/02/2025 19:00,202.82
11/02/2025 20:00,175.98
11/02/2025 21:00,155.37
11/02/2025 22:00,146.67
11/02/2025 23:00,131.50
12/02/2025 0:00,130.55
12/02/2025 1:00,127.91
12/02/2025 2:00,126.82
12/02/2025 3:00,126.59
12/02/2025 4:00,128.74
12/02/2025 5:00,131.42
12/02/2025 6:00,150.15
12/02/2025 7:00,163.18
12/02/2025 8:00,180.00
12/02/2025 9:00,174.92
12/02/2025 10:00,163.36
12/02/2025 11:00,152.82
12/02/2025 12:00,141.80
12/02/2025 13:00,142.90
12/02/2025 14:00,150.08
12/02/2025 15:00,160.51
12/02/2025 16:00,172.07
12/02/2025 17:00,171.82
12/02/2025 18:00,198.34
12/02/2025 19:00,193.47
12/02/2025 20:00,175.64
12/02/2025 21:00,156.64
12/02/2025 22:00,151.08
12/02/2025 23:00,142.51
13/02/2025 0:00,137.41
13/02/2025 1:00,133.23
13/02/2025 2:00,138.44
13/02/2025 3:00,131.64
13/02/2025 4:00,132.88
13/02/2025 5:00,136.03
13/02/2025 6:00,143.26
13/02/2025 7:00,172.39
13/02/2025 8:00,206.31
13/02/2025 9:00,190.89
13/02/2025 10:00,192.36
13/02/2025 11:00,176.40
13/02/2025 12:00,166.48
13/02/2025 13:00,161.56
13/02/2025 14:00,159.90
13/02/2025 15:00,161.31
13/02/2025 16:00,156.85
13/02/2025 17:00,178.04
13/02/2025 18:00,194.60
13/02/2025 19:00,196.52
13/02/2025 20:00,177.07
13/02/2025 21:00,162.92
13/02/2025 22:00,153.12
13/02/2025 23:00,138.98
14/02/2025 0:00,136.27
14/02/2025 1:00,132.80
14/02/2025 2:00,127.47
14/02/2025 3:00,123.87
14/02/2025 4:00,125.38
14/02/2025 5:00,136.17
14/02/2025 6:00,151.24
14/02/2025 7:00,184.87
14/02/2025 8:00,218.54
14/02/2025 9:00,192.91
14/02/2025 10:00,172.37
14/02/2025 11:00,157.95
14/02/2025 12:00,148.47
14/02/2025 13:00,143.01
14/02/2025 14:00,147.06
14/02/2025 15:00,144.16
14/02/2025 16:00,162.94
14/02/2025 17:00,206.47
14/02/2025 18:00,225.44
14/02/2025 19:00,210.69
14/02/2025 20:00,183.55
14/02/2025 21:00,161.47
14/02/2025 22:00,153.00
14/02/2025 23:00,140.03
15/02/2025 0:00,131.52
15/02/2025 1:00,126.69
15/02/2025 2:00,117.42
15/02/2025 3:00,113.52
15/02/2025 4:00,113.01
15/02/2025 5:00,115.13
15/02/2025 6:00,126.84
15/02/2025 7:00,142.79
15/02/2025 8:00,142.89
15/02/2025 9:00,136.73
15/02/2025 10:00,124.59
15/02/2025 11:00,118.36
15/02/2025 12:00,112.39
15/02/2025 13:00,110.01
15/02/2025 14:00,113.74
15/02/2025 15:00,121.99
15/02/2025 16:00,136.01
15/02/2025 17:00,154.09
15/02/2025 18:00,167.48
15/02/2025 19:00,160.52
15/02/2025 20:00,138.15
15/02/2025 21:00,126.02
15/02/2025 22:00,131.16
15/02/2025 23:00,124.94
16/02/2025 0:00,134.11
16/02/2025 1:00,128.90
16/02/2025 2:00,123.57
16/02/2025 3:00,119.90
16/02/2025 4:00,119.57
16/02/2025 5:00,120.21
16/02/2025 6:00,120.10
16/02/2025 7:00,127.80
16/02/2025 8:00,129.71
16/02/2025 9:00,130.43
16/02/2025 10:00,123.81
16/02/2025 11:00,116.66
16/02/2025 12:00,121.02
16/02/2025 13:00,107.08
16/02/2025 14:00,107.89
16/02/2025 15:00,120.54
16/02/2025 16:00,129.51
16/02/2025 17:00,144.84
16/02/2025 18:00,160.99
16/02/2025 19:00,161.09
16/02/2025 20:00,154.25
16/02/2025 21:00,139.64
16/02/2025 22:00,137.69
16/02/2025 23:00,131.51
17/02/2025 0:00,128.07
17/02/2025 1:00,121.06
17/02/2025 2:00,120.34
17/02/2025 3:00,122.77
17/02/2025 4:00,125.30
17/02/2025 5:00,128.76
17/02/2025 6:00,148.80
17/02/2025 7:00,204.70
17/02/2025 8:00,209.79
17/02/2025 9:00,171.30
17/02/2025 10:00,139.67
17/02/2025 11:00,117.22
17/02/2025 12:00,109.67
17/02/2025 13:00,106.81
17/02/2025 14:00,111.89
17/02/2025 15:00,128.62
17/02/2025 16:00,143.09
17/02/2025 17:00,181.75
17/02/2025 18:00,235.44
17/02/2025 19:00,215.46
17/02/2025 20:00,177.95
17/02/2025 21:00,155.38
17/02/2025 22:00,139.51
17/02/2025 23:00,130.00
18/02/2025 0:00,133.10
18/02/2025 1:00,125.19
18/02/2025 2:00,123.73
18/02/2025 3:00,116.34
18/02/2025 4:00,114.78
18/02/2025 5:00,121.45
18/02/2025 6:00,132.29
18/02/2025 7:00,170.90
18/02/2025 8:00,193.80
18/02/2025 9:00,143.91
18/02/2025 10:00,125.00
18/02/2025 11:00,110.66
18/02/2025 12:00,100.26
18/02/2025 13:00,91.25
18/02/2025 14:00,100.29
18/02/2025 15:00,111.36
18/02/2025 16:00,126.12
18/02/2025 17:00,152.81
18/02/2025 18:00,169.68
18/02/2025 19:00,156.65
18/02/2025 20:00,142.66
18/02/2025 21:00,131.31
18/02/2025 22:00,122.56
18/02/2025 23:00,115.32
19/02/2025 0:00,105.48
19/02/2025 1:00,100.17
19/02/2025 2:00,100.21
19/02/2025 3:00,98.07
19/02/2025 4:00,95.15
19/02/2025 5:00,99.75
19/02/2025 6:00,116.76
19/02/2025 7:00,149.08
19/02/2025 8:00,166.96
19/02/2025 9:00,135.40
19/02/2025 10:00,118.72
19/02/2025 11:00,115.19
19/02/2025 12:00,118.00
19/02/2025 13:00,105.50
19/02/2025 14:00,102.84
19/02/2025 15:00,118.71
19/02/2025 16:00,115.10
19/02/2025 17:00,132.16
19/02/2025 18:00,147.77
19/02/2025 19:00,147.75
19/02/2025 20:00,124.22
19/02/2025 21:00,116.50
19/02/2025 22:00,116.91
19/02/2025 23:00,103.38
20/02/2025 0:00,88.80
20/02/2025 1:00,87.86
20/02/2025 2:00,87.30
20/02/2025 3:00,85.44
20/02/2025 4:00,83.94
20/02/2025 5:00,85.08
20/02/2025 6:00,92.90
20/02/2025 7:00,111.33
20/02/2025 8:00,130.43
20/02/2025 9:00,118.00
20/02/2025 10:00,99.39
20/02/2025 11:00,87.58
20/02/2025 12:00,87.39
20/02/2025 13:00,84.60
20/02/2025 14:00,85.08
20/02/2025 15:00,89.45
20/02/2025 16:00,95.82
20/02/2025 17:00,111.69
20/02/2025 18:00,119.92
20/02/2025 19:00,128.31
20/02/2025 20:00,115.42
20/02/2025 21:00,98.39
20/02/2025 22:00,94.82
20/02/2025 23:00,85.56
21/02/2025 0:00,74.68
21/02/2025 1:00,70.13
21/02/2025 2:00,73.05
21/02/2025 3:00,72.56
21/02/2025 4:00,69.02
21/02/2025 5:00,68.78
21/02/2025 6:00,72.43
21/02/2025 7:00,100.23
21/02/2025 8:00,103.33
21/02/2025 9:00,107.55
21/02/2025 10:00,88.39
21/02/2025 11:00,72.61
21/02/2025 12:00,66.85
21/02/2025 13:00,63.85
21/02/2025 14:00,63.63
21/02/2025 15:00,71.80
21/02/2025 16:00,88.20
21/02/2025 17:00,95.76
21/02/2025 18:00,101.10
21/02/2025 19:00,88.48
21/02/2025 20:00,84.09
21/02/2025 21:00,72.18
21/02/2025 22:00,71.50
21/02/2025 23:00,67.51
22/02/2025 0:00,55.52
22/02/2025 1:00,50.81
22/02/2025 2:00,49.24
22/02/2025 3:00,42.74
22/02/2025 4:00,41.39
22/02/2025 5:00,51.88
22/02/2025 6:00,56.08
22/02/2025 7:00,66.89
22/02/2025 8:00,71.30
22/02/2025 9:00,75.32
22/02/2025 10:00,70.04
22/02/2025 11:00,70.47
22/02/2025 12:00,69.22
22/02/2025 13:00,60.69
22/02/2025 14:00,67.13
22/02/2025 15:00,79.46
22/02/2025 16:00,92.85
22/02/2025 17:00,116.91
22/02/2025 18:00,126.41
22/02/2025 19:00,133.46
22/02/2025 20:00,125.00
22/02/2025 21:00,110.91
22/02/2025 22:00,109.50
22/02/2025 23:00,106.58
23/02/2025 0:00,100.69
23/02/2025 1:00,90.57
23/02/2025 2:00,87.59
23/02/2025 3:00,83.04
23/02/2025 4:00,83.56
23/02/2025 5:00,85.06
23/02/2025 6:00,86.01
23/02/2025 7:00,100.76
23/02/2025 8:00,102.59
23/02/2025 9:00,88.96
23/02/2025 10:00,73.47
23/02/2025 11:00,65.35
23/02/2025 12:00,57.56
23/02/2025 13:00,48.62
23/02/2025 14:00,43.71
23/02/2025 15:00,51.87
23/02/2025 16:00,69.91
23/02/2025 17:00,89.12
23/02/2025 18:00,125.77
23/02/2025 19:00,119.33
23/02/2025 20:00,97.11
23/02/2025 21:00,78.33
23/02/2025 22:00,75.81
23/02/2025 23:00,64.50
24/02/2025 0:00,34.36
24/02/2025 1:00,40.46
24/02/2025 2:00,28.11
24/02/2025 3:00,20.67
24/02/2025 4:00,27.49
24/02/2025 5:00,20.61
24/02/2025 6:00,62.82
24/02/2025 7:00,93.53
24/02/2025 8:00,112.34
24/02/2025 9:00,96.76
24/02/2025 10:00,84.18
24/02/2025 11:00,86.28
24/02/2025 12:00,84.19
24/02/2025 13:00,85.11
24/02/2025 14:00,88.21
24/02/2025 15:00,93.85
24/02/2025 16:00,104.84
24/02/2025 17:00,115.60
24/02/2025 18:00,142.28
24/02/2025 19:00,153.47
24/02/2025 20:00,131.77
24/02/2025 21:00,113.59
24/02/2025 22:00,111.67
24/02/2025 23:00,107.25
25/02/2025 0:00,90.95
25/02/2025 1:00,90.31
25/02/2025 2:00,91.99
25/02/2025 3:00,91.77
25/02/2025 4:00,92.52
25/02/2025 5:00,102.31
25/02/2025 6:00,125.82
25/02/2025 7:00,142.77
25/02/2025 8:00,153.26
25/02/2025 9:00,146.70
25/02/2025 10:00,131.91
25/02/2025 11:00,119.37
25/02/2025 12:00,114.82
25/02/2025 13:00,112.58
25/02/2025 14:00,117.99
25/02/2025 15:00,127.95
25/02/2025 16:00,122.92
25/02/2025 17:00,143.71
25/02/2025 18:00,167.78
25/02/2025 19:00,161.59
25/02/2025 20:00,144.92
25/02/2025 21:00,129.18
25/02/2025 22:00,124.77
25/02/2025 23:00,110.61
26/02/2025 0:00,116.82
26/02/2025 1:00,109.99
26/02/2025 2:00,109.82
26/02/2025 3:00,107.21
26/02/2025 4:00,108.24
26/02/2025 5:00,111.55
26/02/2025 6:00,126.16
26/02/2025 7:00,146.82
26/02/2025 8:00,155.69
26/02/2025 9:00,141.17
26/02/2025 10:00,127.52
26/02/2025 11:00,108.08
26/02/2025 12:00,98.26
26/02/2025 13:00,92.33
26/02/2025 14:00,93.83
26/02/2025 15:00,109.37
26/02/2025 16:00,117.41
26/02/2025 17:00,123.42
26/02/2025 18:00,145.34
26/02/2025 19:00,157.71
26/02/2025 20:00,134.35
26/02/2025 21:00,117.71
26/02/2025 22:00,121.19
26/02/2025 23:00,112.71
27/02/2025 0:00,101.83
27/02/2025 1:00,103.81
27/02/2025 2:00,101.25
27/02/2025 3:00,99.61
27/02/2025 4:00,100.41
27/02/2025 5:00,105.45
27/02/2025 6:00,115.74
27/02/2025 7:00,148.38
27/02/2025 8:00,159.23
27/02/2025 9:00,138.58
27/02/2025 10:00,123.84
27/02/2025 11:00,107.27
27/02/2025 12:00,99.19
27/02/2025 13:00,103.26
27/02/2025 14:00,100.90
27/02/2025 15:00,106.30
27/02/2025 16:00,120.73
27/02/2025 17:00,134.47
27/02/2025 18:00,153.78
27/02/2025 19:00,155.80
27/02/2025 20:00,136.88
27/02/2025 21:00,123.19
27/02/2025 22:00,115.60
27/02/2025 23:00,110.31
28/02/2025 0:00,115.25
28/02/2025 1:00,110.54
28/02/2025 2:00,109.38
28/02/2025 3:00,106.41
28/02/2025 4:00,109.80
28/02/2025 5:00,110.27
28/02/2025 6:00,124.76
28/02/2025 7:00,143.63
28/02/2025 8:00,157.01
28/02/2025 9:00,138.06
28/02/2025 10:00,120.94
28/02/2025 11:00,108.47
28/02/2025 12:00,100.42
28/02/2025 13:00,95.70
28/02/2025 14:00,98.07
28/02/2025 15:00,108.99
28/02/2025 16:00,122.13
28/02/2025 17:00,131.95
28/02/2025 18:00,140.76
28/02/2025 19:00,154.81
28/02/2025 20:00,138.34
28/02/2025 21:00,130.36
28/02/2025 22:00,124.37
28/02/2025 23:00,116.04
01/03/2025 0:00,125.56
01/03/2025 1:00,118.93
01/03/2025 2:00,116.34
01/03/2025 3:00,108.45
01/03/2025 4:00,107.08
01/03/2025 5:00,110.27
01/03/2025 6:00,116.02
01/03/2025 7:00,132.76
01/03/2025 8:00,134.79
01/03/2025 9:00,131.22
01/03/2025 10:00,116.10
01/03/2025 11:00,103.32
01/03/2025 12:00,96.65
01/03/2025 13:00,88.05
01/03/2025 14:00,83.50
01/03/2025 15:00,89.07
01/03/2025 16:00,106.42
01/03/2025 17:00,128.60
01/03/2025 18:00,136.71
01/03/2025 19:00,138.25
01/03/2025 20:00,131.56
01/03/2025 21:00,123.76
01/03/2025 22:00,121.10
01/03/2025 23:00,119.92
02/03/2025 0:00,124.00
02/03/2025 1:00,107.87
02/03/2025 2:00,99.48
02/03/2025 3:00,93.33
02/03/2025 4:00,94.72
02/03/2025 5:00,94.55
02/03/2025 6:00,96.85
02/03/2025 7:00,103.33
02/03/2025 8:00,103.33
02/03/2025 9:00,89.00
02/03/2025 10:00,68.30
02/03/2025 11:00,49.00
02/03/2025 12:00,27.50
02/03/2025 13:00,-6.97
02/03/2025 14:00,-6.73
02/03/2025 15:00,50.97
02/03/2025 16:00,79.77
02/03/2025 17:00,119.17
02/03/2025 18:00,139.68
02/03/2025 19:00,146.57
02/03/2025 20:00,133.63
02/03/2025 21:00,120.80
02/03/2025 22:00,120.92
02/03/2025 23:00,112.86
03/03/2025 0:00,108.59
03/03/2025 1:00,104.12
03/03/2025 2:00,103.17
03/03/2025 3:00,100.00
03/03/2025 4:00,103.65
03/03/2025 5:00,116.93
03/03/2025 6:00,137.62
03/03/2025 7:00,163.00
03/03/2025 8:00,148.99
03/03/2025 9:00,122.72
03/03/2025 10:00,100.18
03/03/2025 11:00,67.44
03/03/2025 12:00,8.21
03/03/2025 13:00,36.68
03/03/2025 14:00,62.86
03/03/2025 15:00,85.12
03/03/2025 16:00,106.83
03/03/2025 17:00,136.87
03/03/2025 18:00,168.75
03/03/2025 19:00,175.80
03/03/2025 20:00,150.20
03/03/2025 21:00,127.18
03/03/2025 22:00,125.43
03/03/2025 23:00,123.35
04/03/2025 0:00,121.56
04/03/2025 1:00,110.07
04/03/2025 2:00,104.19
04/03/2025 3:00,105.08
04/03/2025 4:00,100.97
04/03/2025 5:00,110.17
04/03/2025 6:00,135.53
04/03/2025 7:00,169.51
04/03/2025 8:00,141.95
04/03/2025 9:00,120.41
04/03/2025 10:00,100.20
04/03/2025 11:00,82.08
04/03/2025 12:00,19.01
04/03/2025 13:00,0.49
04/03/2025 14:00,54.76
04/03/2025 15:00,81.91
04/03/2025 16:00,108.17
04/03/2025 17:00,139.46
04/03/2025 18:00,170.42
04/03/2025 19:00,164.18
04/03/2025 20:00,134.28
04/03/2025 21:00,115.83
04/03/2025 22:00,114.57
04/03/2025 23:00,107.82
05/03/2025 0:00,92.29
05/03/2025 1:00,90.00
05/03/2025 2:00,85.08
05/03/2025 3:00,81.10
05/03/2025 4:00,83.09
05/03/2025 5:00,93.18
05/03/2025 6:00,117.08
05/03/2025 7:00,140.96
05/03/2025 8:00,153.00
05/03/2025 9:00,124.99
05/03/2025 10:00,91.82
05/03/2025 11:00,-19.53
05/03/2025 12:00,-30.30
05/03/2025 13:00,-12.49
05/03/2025 14:00,0.13
05/03/2025 15:00,49.02
05/03/2025 16:00,84.33
05/03/2025 17:00,123.97
05/03/2025 18:00,142.85
05/03/2025 19:00,146.32
05/03/2025 20:00,122.22
05/03/2025 21:00,108.22
05/03/2025 22:00,108.80
05/03/2025 23:00,97.87
06/03/2025 0:00,84.62
06/03/2025 1:00,83.96
06/03/2025 2:00,83.87
06/03/2025 3:00,82.89
06/03/2025 4:00,87.89
06/03/2025 5:00,92.55
06/03/2025 6:00,128.94
06/03/2025 7:00,144.45
06/03/2025 8:00,108.50
06/03/2025 9:00,78.77
06/03/2025 10:00,50.97
06/03/2025 11:00,0.00
06/03/2025 12:00,-7.16
06/03/2025 13:00,-3.43
06/03/2025 14:00,13.16
06/03/2025 15:00,63.61
06/03/2025 16:00,97.12
06/03/2025 17:00,128.67
06/03/2025 18:00,136.79
06/03/2025 19:00,150.00
06/03/2025 20:00,128.70
06/03/2025 21:00,101.70
06/03/2025 22:00,100.65
06/03/2025 23:00,90.63
07/03/2025 0:00,84.30
07/03/2025 1:00,83.06
07/03/2025 2:00,83.99
07/03/2025 3:00,82.09
07/03/2025 4:00,91.23
07/03/2025 5:00,104.77
07/03/2025 6:00,113.73
07/03/2025 7:00,135.90
07/03/2025 8:00,117.92
07/03/2025 9:00,82.11
07/03/2025 10:00,63.94
07/03/2025 11:00,31.81
07/03/2025 12:00,12.79
07/03/2025 13:00,7.53
07/03/2025 14:00,33.41
07/03/2025 15:00,69.98
07/03/2025 16:00,102.71
07/03/2025 17:00,114.02
07/03/2025 18:00,162.10
07/03/2025 19:00,157.08
07/03/2025 20:00,128.27
07/03/2025 21:00,109.49
07/03/2025 22:00,103.60
07/03/2025 23:00,97.30
08/03/2025 0:00,113.33
08/03/2025 1:00,95.37
08/03/2025 2:00,90.21
08/03/2025 3:00,90.27
08/03/2025 4:00,90.23
08/03/2025 5:00,93.86
08/03/2025 6:00,106.92
08/03/2025 7:00,103.82
08/03/2025 8:00,98.04
08/03/2025 9:00,72.54
08/03/2025 10:00,18.05
08/03/2025 11:00,1.14
08/03/2025 12:00,-6.09
08/03/2025 13:00,-0.81
08/03/2025 14:00,0.07
08/03/2025 15:00,39.60
08/03/2025 16:00,76.04
08/03/2025 17:00,121.47
08/03/2025 18:00,134.20
08/03/2025 19:00,112.50
08/03/2025 20:00,91.33
08/03/2025 21:00,83.30
08/03/2025 22:00,82.27
08/03/2025 23:00,80.54
09/03/2025 0:00,78.88
09/03/2025 1:00,80.10
09/03/2025 2:00,78.75
09/03/2025 3:00,85.00
09/03/2025 4:00,86.08
09/03/2025 5:00,88.45
09/03/2025 6:00,88.15
09/03/2025 7:00,83.61
09/03/2025 8:00,60.39
09/03/2025 9:00,29.27
09/03/2025 10:00,10.10
09/03/2025 11:00,-11.55
09/03/2025 12:00,-21.88
09/03/2025 13:00,-13.56
09/03/2025 14:00,-4.25
09/03/2025 15:00,17.39
09/03/2025 16:00,75.19
09/03/2025 17:00,104.18
09/03/2025 18:00,122.84
09/03/2025 19:00,133.52
09/03/2025 20:00,129.58
09/03/2025 21:00,120.87
09/03/2025 22:00,108.52
09/03/2025 23:00,101.74
10/03/2025 0:00,93.67
10/03/2025 1:00,90.16
10/03/2025 2:00,90.06
10/03/2025 3:00,89.70
10/03/2025 4:00,86.83
10/03/2025 5:00,97.23
10/03/2025 6:00,130.03
10/03/2025 7:00,143.72
10/03/2025 8:00,132.44
10/03/2025 9:00,97.82
10/03/2025 10:00,84.03
10/03/2025 11:00,77.93
10/03/2025 12:00,76.02
10/03/2025 13:00,77.32
10/03/2025 14:00,81.90
10/03/2025 15:00,89.19
10/03/2025 16:00,110.73
10/03/2025 17:00,122.58
10/03/2025 18:00,147.12
10/03/2025 19:00,155.76
10/03/2025 20:00,130.94
10/03/2025 21:00,115.82
10/03/2025 22:00,104.92
10/03/2025 23:00,96.15
11/03/2025 0:00,100.38
11/03/2025 1:00,97.45
11/03/2025 2:00,97.33
11/03/2025 3:00,97.16
11/03/2025 4:00,96.42
11/03/2025 5:00,104.01
11/03/2025 6:00,102.55
11/03/2025 7:00,125.30
11/03/2025 8:00,134.85
11/03/2025 9:00,123.49
11/03/2025 10:00,101.25
11/03/2025 11:00,96.23
11/03/2025 12:00,94.92
11/03/2025 13:00,95.87
11/03/2025 14:00,98.99
11/03/2025 15:00,105.03
11/03/2025 16:00,115.77
11/03/2025 17:00,118.40
11/03/2025 18:00,147.91
11/03/2025 19:00,167.91
11/03/2025 20:00,142.26
11/03/2025 21:00,128.60
11/03/2025 22:00,117.24
11/03/2025 23:00,106.69
12/03/2025 0:00,100.83
12/03/2025 1:00,98.48
12/03/2025 2:00,96.85
12/03/2025 3:00,95.36
12/03/2025 4:00,97.00
12/03/2025 5:00,102.44
12/03/2025 6:00,118.83
12/03/2025 7:00,134.92
12/03/2025 8:00,137.54
12/03/2025 9:00,125.00
12/03/2025 10:00,102.66
12/03/2025 11:00,99.39
12/03/2025 12:00,97.93
12/03/2025 13:00,97.00
12/03/2025 14:00,99.57
12/03/2025 15:00,107.02
12/03/2025 16:00,116.52
12/03/2025 17:00,127.02
12/03/2025 18:00,171.79
12/03/2025 19:00,177.97
12/03/2025 20:00,147.15
12/03/2025 21:00,132.20
12/03/2025 22:00,120.00
12/03/2025 23:00,109.91
13/03/2025 0:00,108.55
13/03/2025 1:00,102.80
13/03/2025 2:00,100.02
13/03/2025 3:00,96.69
13/03/2025 4:00,96.57
13/03/2025 5:00,104.90
13/03/2025 6:00,129.39
13/03/2025 7:00,155.02
13/03/2025 8:00,156.39
13/03/2025 9:00,137.12
13/03/2025 10:00,123.70
13/03/2025 11:00,114.43
13/03/2025 12:00,108.46
13/03/2025 13:00,104.71
13/03/2025 14:00,105.72
13/03/2025 15:00,106.74
13/03/2025 16:00,113.40
13/03/2025 17:00,134.10
13/03/2025 18:00,166.05
13/03/2025 19:00,173.47
13/03/2025 20:00,149.00
13/03/2025 21:00,135.69
13/03/2025 22:00,123.87
13/03/2025 23:00,112.05
14/03/2025 0:00,109.09
14/03/2025 1:00,106.00
14/03/2025 2:00,105.90
14/03/2025 3:00,103.83
14/03/2025 4:00,105.30
14/03/2025 5:00,113.53
14/03/2025 6:00,138.70
14/03/2025 7:00,155.04
14/03/2025 8:00,153.80
14/03/2025 9:00,131.76
14/03/2025 10:00,111.66
14/03/2025 11:00,107.98
14/03/2025 12:00,107.21
14/03/2025 13:00,102.04
14/03/2025 14:00,107.57
14/03/2025 15:00,105.98
14/03/2025 16:00,117.14
14/03/2025 17:00,125.20
14/03/2025 18:00,144.78
14/03/2025 19:00,150.72
14/03/2025 20:00,130.01
14/03/2025 21:00,111.39
14/03/2025 22:00,114.00
14/03/2025 23:00,105.17
15/03/2025 0:00,112.15
15/03/2025 1:00,103.14
15/03/2025 2:00,96.00
15/03/2025 3:00,89.90
15/03/2025 4:00,86.90
15/03/2025 5:00,90.55
15/03/2025 6:00,97.01
15/03/2025 7:00,99.42
15/03/2025 8:00,98.68
15/03/2025 9:00,86.27
15/03/2025 10:00,72.61
15/03/2025 11:00,66.87
15/03/2025 12:00,57.20
15/03/2025 13:00,48.00
15/03/2025 14:00,54.51
15/03/2025 15:00,63.21
15/03/2025 16:00,78.31
15/03/2025 17:00,111.71
15/03/2025 18:00,125.75
15/03/2025 19:00,132.96
15/03/2025 20:00,121.46
15/03/2025 21:00,108.50
15/03/2025 22:00,105.02
15/03/2025 23:00,95.25
16/03/2025 0:00,90.01
16/03/2025 1:00,85.79
16/03/2025 2:00,79.62
16/03/2025 3:00,78.18
16/03/2025 4:00,78.60
16/03/2025 5:00,80.51
16/03/2025 6:00,85.14
16/03/2025 7:00,82.07
16/03/2025 8:00,77.95
16/03/2025 9:00,57.94
16/03/2025 10:00,24.31
16/03/2025 11:00,-3.59
16/03/2025 12:00,-15.82
16/03/2025 13:00,-5.76
16/03/2025 14:00,-0.78
16/03/2025 15:00,31.00
16/03/2025 16:00,69.60
16/03/2025 17:00,108.26
16/03/2025 18:00,124.87
16/03/2025 19:00,140.00
16/03/2025 20:00,135.93
16/03/2025 21:00,119.20
16/03/2025 22:00,113.66
16/03/2025 23:00,97.28
17/03/2025 0:00,108.62
17/03/2025 1:00,104.38
17/03/2025 2:00,91.01
17/03/2025 3:00,80.91
17/03/2025 4:00,85.85
17/03/2025 5:00,103.30
17/03/2025 6:00,135.18
17/03/2025 7:00,152.87
17/03/2025 8:00,149.80
17/03/2025 9:00,124.10
17/03/2025 10:00,93.65
17/03/2025 11:00,88.33
17/03/2025 12:00,87.93
17/03/2025 13:00,77.36
17/03/2025 14:00,50.36
17/03/2025 15:00,69.44
17/03/2025 16:00,90.63
17/03/2025 17:00,127.87
17/03/2025 18:00,150.97
17/03/2025 19:00,170.00
17/03/2025 20:00,141.50
17/03/2025 21:00,115.34
17/03/2025 22:00,107.73
17/03/2025 23:00,93.50
18/03/2025 0:00,92.20
18/03/2025 1:00,89.99
18/03/2025 2:00,91.40
18/03/2025 3:00,87.23
18/03/2025 4:00,91.24
18/03/2025 5:00,109.99
18/03/2025 6:00,138.18
18/03/2025 7:00,136.68
18/03/2025 8:00,108.02
18/03/2025 9:00,72.35
18/03/2025 10:00,18.21
18/03/2025 11:00,-10.59
18/03/2025 12:00,-21.30
18/03/2025 13:00,-4.80
18/03/2025 14:00,5.81
18/03/2025 15:00,43.23
18/03/2025 16:00,82.00
18/03/2025 17:00,122.65
18/03/2025 18:00,136.09
18/03/2025 19:00,157.03
18/03/2025 20:00,141.07
18/03/2025 21:00,117.97
18/03/2025 22:00,109.96
18/03/2025 23:00,100.42
19/03/2025 0:00,105.40
19/03/2025 1:00,100.00
19/03/2025 2:00,97.05
19/03/2025 3:00,96.10
19/03/2025 4:00,99.68
19/03/2025 5:00,116.21
19/03/2025 6:00,145.37
19/03/2025 7:00,145.52
19/03/2025 8:00,108.10
19/03/2025 9:00,77.00
19/03/2025 10:00,26.57
19/03/2025 11:00,0.08
19/03/2025 12:00,-0.63
19/03/2025 13:00,-0.13
19/03/2025 14:00,1.21
19/03/2025 15:00,56.77
19/03/2025 16:00,94.43
19/03/2025 17:00,129.69
19/03/2025 18:00,189.36
19/03/2025 19:00,188.64
19/03/2025 20:00,138.07
19/03/2025 21:00,123.51
19/03/2025 22:00,112.94
19/03/2025 23:00,105.06
20/03/2025 0:00,102.93
20/03/2025 1:00,89.79
20/03/2025 2:00,89.80
20/03/2025 3:00,88.41
20/03/2025 4:00,83.50
20/03/2025 5:00,102.64
20/03/2025 6:00,128.73
20/03/2025 7:00,131.21
20/03/2025 8:00,98.56
20/03/2025 9:00,72.16
20/03/2025 10:00,33.26
20/03/2025 11:00,3.42
20/03/2025 12:00,0.43
20/03/2025 13:00,0.65
20/03/2025 14:00,13.23
20/03/2025 15:00,61.04
20/03/2025 16:00,94.58
20/03/2025 17:00,126.37
20/03/2025 18:00,167.72
20/03/2025 19:00,167.20
20/03/2025 20:00,134.44
20/03/2025 21:00,118.64
20/03/2025 22:00,109.43
20/03/2025 23:00,98.83
21/03/2025 0:00,108.01
21/03/2025 1:00,94.87
21/03/2025 2:00,93.47
21/03/2025 3:00,93.38
21/03/2025 4:00,85.71
21/03/2025 5:00,99.00
21/03/2025 6:00,121.60
21/03/2025 7:00,121.84
21/03/2025 8:00,91.79
21/03/2025 9:00,65.78
21/03/2025 10:00,40.74
21/03/2025 11:00,7.00
21/03/2025 12:00,-4.68
21/03/2025 13:00,-0.85
21/03/2025 14:00,1.40
21/03/2025 15:00,8.91
21/03/2025 16:00,43.52
21/03/2025 17:00,84.29
21/03/2025 18:00,104.90
21/03/2025 19:00,81.08
21/03/2025 20:00,68.12
21/03/2025 21:00,45.76
21/03/2025 22:00,32.20
21/03/2025 23:00,24.17
22/03/2025 0:00,31.28
22/03/2025 1:00,16.09
22/03/2025 2:00,12.88
22/03/2025 3:00,10.56
22/03/2025 4:00,12.98
22/03/2025 5:00,15.11
22/03/2025 6:00,14.44
22/03/2025 7:00,19.88
22/03/2025 8:00,37.94
22/03/2025 9:00,37.68
22/03/2025 10:00,26.33
22/03/2025 11:00,25.10
22/03/2025 12:00,23.23
22/03/2025 13:00,3.91
22/03/2025 14:00,4.65
22/03/2025 15:00,22.56
22/03/2025 16:00,40.00
22/03/2025 17:00,74.97
22/03/2025 18:00,119.77
22/03/2025 19:00,149.03
22/03/2025 20:00,91.00
22/03/2025 21:00,76.55
22/03/2025 22:00,71.91
22/03/2025 23:00,66.67
23/03/2025 0:00,91.00
23/03/2025 1:00,66.00
23/03/2025 2:00,76.99
23/03/2025 3:00,62.54
23/03/2025 4:00,61.62
23/03/2025 5:00,60.29
23/03/2025 6:00,63.52
23/03/2025 7:00,67.14
23/03/2025 8:00,50.65
23/03/2025 9:00,23.10
23/03/2025 10:00,13.78
23/03/2025 11:00,9.60
23/03/2025 12:00,13.49
23/03/2025 13:00,5.01
23/03/2025 14:00,11.46
23/03/2025 15:00,41.37
23/03/2025 16:00,84.42
23/03/2025 17:00,114.28
23/03/2025 18:00,135.34
23/03/2025 19:00,140.38
23/03/2025 20:00,137.67
23/03/2025 21:00,127.13
23/03/2025 22:00,121.97
23/03/2025 23:00,114.24
24/03/2025 0:00,107.16
24/03/2025 1:00,100.38
24/03/2025 2:00,97.65
24/03/2025 3:00,94.79
24/03/2025 4:00,96.23
24/03/2025 5:00,111.60
24/03/2025 6:00,134.75
24/03/2025 7:00,158.00
24/03/2025 8:00,156.74
24/03/2025 9:00,131.52
24/03/2025 10:00,110.00
24/03/2025 11:00,99.24
24/03/2025 12:00,94.43
24/03/2025 13:00,91.50
24/03/2025 14:00,92.91
24/03/2025 15:00,99.13
24/03/2025 16:00,114.19
24/03/2025 17:00,134.63
24/03/2025 18:00,173.09
24/03/2025 19:00,187.77
24/03/2025 20:00,160.75
24/03/2025 21:00,134.29
24/03/2025 22:00,121.38
24/03/2025 23:00,112.36
25/03/2025 0:00,99.42
25/03/2025 1:00,99.00
25/03/2025 2:00,97.15
25/03/2025 3:00,96.40
25/03/2025 4:00,95.51
25/03/2025 5:00,101.69
25/03/2025 6:00,127.26
25/03/2025 7:00,139.10
25/03/2025 8:00,127.51
25/03/2025 9:00,105.99
25/03/2025 10:00,90.00
25/03/2025 11:00,78.72
25/03/2025 12:00,70.11
25/03/2025 13:00,68.88
25/03/2025 14:00,77.43
25/03/2025 15:00,88.82
25/03/2025 16:00,100.00
25/03/2025 17:00,124.64
25/03/2025 18:00,150.11
25/03/2025 19:00,165.10
25/03/2025 20:00,148.60
25/03/2025 21:00,122.91
25/03/2025 22:00,112.50
25/03/2025 23:00,102.05
26/03/2025 0:00,101.02
26/03/2025 1:00,97.96
26/03/2025 2:00,97.34
26/03/2025 3:00,95.81
26/03/2025 4:00,91.58
26/03/2025 5:00,95.58
26/03/2025 6:00,124.13
26/03/2025 7:00,137.49
26/03/2025 8:00,135.98
26/03/2025 9:00,110.54
26/03/2025 10:00,98.16
26/03/2025 11:00,95.13
26/03/2025 12:00,94.17
26/03/2025 13:00,84.40
26/03/2025 14:00,88.00
26/03/2025 15:00,91.17
26/03/2025 16:00,97.13
26/03/2025 17:00,125.00
26/03/2025 18:00,153.36
26/03/2025 19:00,165.89
26/03/2025 20:00,147.23
26/03/2025 21:00,123.80
26/03/2025 22:00,115.08
26/03/2025 23:00,105.15
27/03/2025 0:00,103.21
27/03/2025 1:00,96.16
27/03/2025 2:00,95.74
27/03/2025 3:00,93.81
27/03/2025 4:00,92.16
27/03/2025 5:00,102.01
27/03/2025 6:00,125.05
27/03/2025 7:00,136.47
27/03/2025 8:00,123.50
27/03/2025 9:00,89.92
27/03/2025 10:00,76.03
27/03/2025 11:00,45.48
27/03/2025 12:00,27.97
27/03/2025 13:00,6.67
27/03/2025 14:00,29.04
27/03/2025 15:00,65.10
27/03/2025 16:00,82.96
27/03/2025 17:00,116.62
27/03/2025 18:00,147.14
27/03/2025 19:00,165.84
27/03/2025 20:00,140.20
27/03/2025 21:00,122.74
27/03/2025 22:00,111.60
27/03/2025 23:00,99.58
28/03/2025 0:00,89.60
28/03/2025 1:00,79.05
28/03/2025 2:00,78.98
28/03/2025 3:00,77.14
28/03/2025 4:00,78.47
28/03/2025 5:00,100.00
28/03/2025 6:00,122.80
28/03/2025 7:00,122.20
28/03/2025 8:00,102.08
28/03/2025 9:00,80.67
28/03/2025 10:00,34.40
28/03/2025 11:00,8.18
28/03/2025 12:00,4.92
28/03/2025 13:00,2.45
28/03/2025 14:00,14.48
28/03/2025 15:00,65.43
28/03/2025 16:00,98.54
28/03/2025 17:00,114.06
28/03/2025 18:00,136.00
28/03/2025 19:00,147.73
28/03/2025 20:00,141.80
28/03/2025 21:00,118.60
28/03/2025 22:00,112.50
28/03/2025 23:00,106.67
29/03/2025 0:00,99.67
29/03/2025 1:00,92.60
29/03/2025 2:00,85.32
29/03/2025 3:00,83.60
29/03/2025 4:00,86.12
29/03/2025 5:00,84.67
29/03/2025 6:00,88.30
29/03/2025 7:00,89.52
29/03/2025 8:00,81.57
29/03/2025 9:00,67.58
29/03/2025 10:00,56.23
29/03/2025 11:00,57.34
29/03/2025 12:00,57.80
29/03/2025 13:00,2.65
29/03/2025 14:00,3.67
29/03/2025 15:00,24.33
29/03/2025 16:00,54.14
29/03/2025 17:00,84.44
29/03/2025 18:00,130.22
29/03/2025 19:00,137.90
29/03/2025 20:00,110.95
29/03/2025 21:00,89.79
29/03/2025 22:00,76.65
29/03/2025 23:00,61.95
30/03/2025 0:00,45.68
30/03/2025 1:00,15.81
30/03/2025 2:00,5.04
30/03/2025 3:00,5.04
30/03/2025 4:00,1.20
30/03/2025 5:00,0.09
30/03/2025 6:00,0.04
30/03/2025 7:00,0.03
30/03/2025 8:00,0.05
30/03/2025 9:00,-0.04
30/03/2025 10:00,-4.31
30/03/2025 11:00,-12.51
30/03/2025 12:00,-13.00
30/03/2025 13:00,-38.05
30/03/2025 14:00,-38.27
30/03/2025 15:00,-17.40
30/03/2025 16:00,-4.01
30/03/2025 17:00,0.14
30/03/2025 18:00,57.65
30/03/2025 19:00,62.00
30/03/2025 20:00,62.00
30/03/2025 21:00,60.73
30/03/2025 22:00,62.53
30/03/2025 23:00,58.90
31/03/2025 0:00,65.75
31/03/2025 1:00,61.54
31/03/2025 2:00,62.23
31/03/2025 3:00,62.81
31/03/2025 4:00,62.36
31/03/2025 5:00,78.85
31/03/2025 6:00,103.42
31/03/2025 7:00,144.33
31/03/2025 8:00,174.26
31/03/2025 9:00,131.96
31/03/2025 10:00,99.35
31/03/2025 11:00,77.79
31/03/2025 12:00,50.55
31/03/2025 13:00,29.18
31/03/2025 14:00,37.42
31/03/2025 15:00,50.62
31/03/2025 16:00,57.32
31/03/2025 17:00,77.91
31/03/2025 18:00,114.46
31/03/2025 19:00,157.50
31/03/2025 20:00,166.40
31/03/2025 21:00,126.00
31/03/2025 22:00,110.74
31/03/2025 23:00,100.56
01/04/2025 0:00,99.94
01/04/2025 1:00,92.31
01/04/2025 2:00,90.33
01/04/2025 3:00,89.76
01/04/2025 4:00,88.04
01/04/2025 5:00,96.41
01/04/2025 6:00,117.98
01/04/2025 7:00,167.31
01/04/2025 8:00,159.37
01/04/2025 9:00,105.79
01/04/2025 10:00,73.36
01/04/2025 11:00,48.99
01/04/2025 12:00,14.48
01/04/2025 13:00,-9.02
01/04/2025 14:00,-29.90
01/04/2025 15:00,-0.07
01/04/2025 16:00,36.49
01/04/2025 17:00,61.81
01/04/2025 18:00,96.21
01/04/2025 19:00,130.80
01/04/2025 20:00,127.45
01/04/2025 21:00,100.89
01/04/2025 22:00,91.06
01/04/2025 23:00,77.04
02/04/2025 0:00,64.80
02/04/2025 1:00,61.73
02/04/2025 2:00,61.40
02/04/2025 3:00,61.98
02/04/2025 4:00,62.50
02/04/2025 5:00,76.06
02/04/2025 6:00,105.69
02/04/2025 7:00,143.56
02/04/2025 8:00,122.48
02/04/2025 9:00,77.19
02/04/2025 10:00,40.87
02/04/2025 11:00,-2.63
02/04/2025 12:00,-14.47
02/04/2025 13:00,-50.00
02/04/2025 14:00,-61.94
02/04/2025 15:00,-48.19
02/04/2025 16:00,-24.25
02/04/2025 17:00,0.32
02/04/2025 18:00,69.78
02/04/2025 19:00,108.40
02/04/2025 20:00,103.04
02/04/2025 21:00,86.88
02/04/2025 22:00,74.80
02/04/2025 23:00,66.50
03/04/2025 0:00,60.46
03/04/2025 1:00,55.32
03/04/2025 2:00,54.55
03/04/2025 3:00,54.81
03/04/2025 4:00,55.40
03/04/2025 5:00,68.72
03/04/2025 6:00,112.68
03/04/2025 7:00,148.94
03/04/2025 8:00,133.30
03/04/2025 9:00,79.11
03/04/2025 10:00,37.12
03/04/2025 11:00,-0.09
03/04/2025 12:00,-2.61
03/04/2025 13:00,-19.32
03/04/2025 14:00,-13.32
03/04/2025 15:00,-0.49
03/04/2025 16:00,7.56
03/04/2025 17:00,65.95
03/04/2025 18:00,126.31
03/04/2025 19:00,158.43
03/04/2025 20:00,150.99
03/04/2025 21:00,128.00
03/04/2025 22:00,110.71
03/04/2025 23:00,102.03
04/04/2025 0:00,103.78
04/04/2025 1:00,97.78
04/04/2025 2:00,98.87
04/04/2025 3:00,97.75
04/04/2025 4:00,98.71
04/04/2025 5:00,103.43
04/04/2025 6:00,127.07
04/04/2025 7:00,159.92
04/04/2025 8:00,136.63
04/04/2025 9:00,94.41
04/04/2025 10:00,58.91
04/04/2025 11:00,7.82
04/04/2025 12:00,0.00
04/04/2025 13:00,-3.15
04/04/2025 14:00,-2.90
04/04/2025 15:00,-0.08
04/04/2025 16:00,22.52
04/04/2025 17:00,65.69
04/04/2025 18:00,103.22
04/04/2025 19:00,132.66
04/04/2025 20:00,131.00
04/04/2025 21:00,104.32
04/04/2025 22:00,93.38
04/04/2025 23:00,87.65
05/04/2025 0:00,94.26
05/04/2025 1:00,90.57
05/04/2025 2:00,89.68
05/04/2025 3:00,90.48
05/04/2025 4:00,88.75
05/04/2025 5:00,86.93
05/04/2025 6:00,87.65
05/04/2025 7:00,96.92
05/04/2025 8:00,93.48
05/04/2025 9:00,55.53
05/04/2025 10:00,0.66
05/04/2025 11:00,-0.72
05/04/2025 12:00,-14.65
05/04/2025 13:00,-60.72
05/04/2025 14:00,-55.80
05/04/2025 15:00,-29.91
05/04/2025 16:00,-4.24
05/04/2025 17:00,0.15
05/04/2025 18:00,61.62
05/04/2025 19:00,91.08
05/04/2025 20:00,99.04
05/04/2025 21:00,84.60
05/04/2025 22:00,78.99
05/04/2025 23:00,68.75
06/04/2025 0:00,70.45
06/04/2025 1:00,59.86
06/04/2025 2:00,59.63
06/04/2025 3:00,63.64
06/04/2025 4:00,65.00
06/04/2025 5:00,71.71
06/04/2025 6:00,73.17
06/04/2025 7:00,74.80
06/04/2025 8:00,40.09
06/04/2025 9:00,0.10
06/04/2025 10:00,-2.00
06/04/2025 11:00,-27.52
06/04/2025 12:00,-60.01
06/04/2025 13:00,-106.37
06/04/2025 14:00,-114.95
06/04/2025 15:00,-70.23
06/04/2025 16:00,-19.03
06/04/2025 17:00,0.57
06/04/2025 18:00,88.55
06/04/2025 19:00,115.00
06/04/2025 20:00,126.55
06/04/2025 21:00,115.65
06/04/2025 22:00,107.18
06/04/2025 23:00,96.96
07/04/2025 0:00,83.33
07/04/2025 1:00,81.30
07/04/2025 2:00,78.30
07/04/2025 3:00,79.61
07/04/2025 4:00,83.02
07/04/2025 5:00,92.15
07/04/2025 6:00,115.61
07/04/2025 7:00,179.02
07/04/2025 8:00,145.00
07/04/2025 9:00,104.56
07/04/2025 10:00,78.72
07/04/2025 11:00,51.15
07/04/2025 12:00,11.65
07/04/2025 13:00,2.19
07/04/2025 14:00,0.00
07/04/2025 15:00,31.04
07/04/2025 16:00,57.77
07/04/2025 17:00,87.38
07/04/2025 18:00,109.37
07/04/2025 19:00,145.03
07/04/2025 20:00,157.70
07/04/2025 21:00,137.78
07/04/2025 22:00,115.83
07/04/2025 23:00,104.03
08/04/2025 0:00,87.05
08/04/2025 1:00,83.35
08/04/2025 2:00,83.98
08/04/2025 3:00,80.73
08/04/2025 4:00,82.02
08/04/2025 5:00,87.99
08/04/2025 6:00,126.59
08/04/2025 7:00,148.56
08/04/2025 8:00,136.77
08/04/2025 9:00,91.24
08/04/2025 10:00,69.66
08/04/2025 11:00,48.98
08/04/2025 12:00,18.24
08/04/2025 13:00,13.27
08/04/2025 14:00,20.28
08/04/2025 15:00,42.48
08/04/2025 16:00,58.21
08/04/2025 17:00,77.35
08/04/2025 18:00,104.06
08/04/2025 19:00,124.21
08/04/2025 20:00,145.05
08/04/2025 21:00,136.10
08/04/2025 22:00,112.36
08/04/2025 23:00,97.20
09/04/2025 0:00,92.15
09/04/2025 1:00,81.16
09/04/2025 2:00,81.88
09/04/2025 3:00,83.39
09/04/2025 4:00,81.12
09/04/2025 5:00,90.92
09/04/2025 6:00,123.31
09/04/2025 7:00,128.26
09/04/2025 8:00,123.00
09/04/2025 9:00,95.00
09/04/2025 10:00,76.15
09/04/2025 11:00,45.79
09/04/2025 12:00,10.48
09/04/2025 13:00,1.19
09/04/2025 14:00,-0.04
09/04/2025 15:00,18.41
09/04/2025 16:00,45.79
09/04/2025 17:00,64.44
09/04/2025 18:00,88.17
09/04/2025 19:00,112.65
09/04/2025 20:00,123.56
09/04/2025 21:00,100.40
09/04/2025 22:00,91.42
09/04/2025 23:00,84.62
10/04/2025 0:00,79.88
10/04/2025 1:00,81.50
10/04/2025 2:00,82.47
10/04/2025 3:00,81.08
10/04/2025 4:00,79.00
10/04/2025 5:00,82.14
10/04/2025 6:00,110.00
10/04/2025 7:00,140.08
10/04/2025 8:00,129.26
10/04/2025 9:00,98.73
10/04/2025 10:00,87.99
10/04/2025 11:00,61.48
10/04/2025 12:00,34.48
10/04/2025 13:00,2.18
10/04/2025 14:00,0.07
10/04/2025 15:00,1.00
10/04/2025 16:00,44.83
10/04/2025 17:00,63.42
10/04/2025 18:00,86.76
10/04/2025 19:00,127.73
10/04/2025 20:00,129.98
10/04/2025 21:00,93.69
10/04/2025 22:00,87.30
10/04/2025 23:00,79.22
11/04/2025 0:00,100.00
11/04/2025 1:00,101.79
11/04/2025 2:00,91.95
11/04/2025 3:00,89.58
11/04/2025 4:00,90.00
11/04/2025 5:00,79.56
11/04/2025 6:00,91.16
11/04/2025 7:00,113.35
11/04/2025 8:00,130.67
11/04/2025 9:00,112.00
11/04/2025 10:00,37.94
11/04/2025 11:00,2.16
11/04/2025 12:00,2.27
11/04/2025 13:00,-3.04
11/04/2025 14:00,-2.85
11/04/2025 15:00,-0.09
11/04/2025 16:00,-0.14
11/04/2025 17:00,59.59
11/04/2025 18:00,99.04
11/04/2025 19:00,123.90
11/04/2025 20:00,144.50
11/04/2025 21:00,123.05
11/04/2025 22:00,110.00
11/04/2025 23:00,98.55
12/04/2025 0:00,99.93
12/04/2025 1:00,96.23
12/04/2025 2:00,93.35
12/04/2025 3:00,83.43
12/04/2025 4:00,84.24
12/04/2025 5:00,84.05
12/04/2025 6:00,87.48
12/04/2025 7:00,84.08
12/04/2025 8:00,88.58
12/04/2025 9:00,59.22
12/04/2025 10:00,20.19
12/04/2025 11:00,0.00
12/04/2025 12:00,-9.15
12/04/2025 13:00,-60.63
12/04/2025 14:00,-91.29
12/04/2025 15:00,-44.13
12/04/2025 16:00,-0.05
12/04/2025 17:00,49.73
12/04/2025 18:00,90.52
12/04/2025 19:00,123.16
12/04/2025 20:00,115.64
12/04/2025 21:00,88.31
12/04/2025 22:00,78.47
12/04/2025 23:00,63.53
13/04/2025 0:00,59.38
13/04/2025 1:00,52.43
13/04/2025 2:00,40.34
13/04/2025 3:00,27.59
13/04/2025 4:00,29.63
13/04/2025 5:00,30.99
13/04/2025 6:00,29.01
13/04/2025 7:00,27.75
13/04/2025 8:00,19.96
13/04/2025 9:00,8.43
13/04/2025 10:00,0.00
13/04/2025 11:00,-0.02
13/04/2025 12:00,-1.99
13/04/2025 13:00,-18.84
13/04/2025 14:00,-25.38
13/04/2025 15:00,-9.93
13/04/2025 16:00,-0.01
13/04/2025 17:00,16.42
13/04/2025 18:00,83.86
13/04/2025 19:00,101.21
13/04/2025 20:00,110.80
13/04/2025 21:00,108.06
13/04/2025 22:00,93.57
13/04/2025 23:00,87.18
14/04/2025 0:00,76.75
14/04/2025 1:00,74.42
14/04/2025 2:00,74.54
14/04/2025 3:00,74.57
14/04/2025 4:00,75.70
14/04/2025 5:00,83.44
14/04/2025 6:00,97.31
14/04/2025 7:00,150.52
14/04/2025 8:00,142.76
14/04/2025 9:00,98.15
14/04/2025 10:00,80.93
14/04/2025 11:00,64.75
14/04/2025 12:00,60.54
14/04/2025 13:00,53.41
14/04/2025 14:00,50.32
14/04/2025 15:00,60.99
14/04/2025 16:00,70.09
14/04/2025 17:00,84.73
14/04/2025 18:00,99.39
14/04/2025 19:00,139.00
14/04/2025 20:00,147.12
14/04/2025 21:00,95.80
14/04/2025 22:00,76.19
14/04/2025 23:00,70.59
15/04/2025 0:00,72.07
15/04/2025 1:00,67.59
15/04/2025 2:00,63.25
15/04/2025 3:00,60.42
15/04/2025 4:00,58.32
15/04/2025 5:00,56.48
15/04/2025 6:00,72.63
15/04/2025 7:00,90.90
15/04/2025 8:00,97.00
15/04/2025 9:00,76.00
15/04/2025 10:00,110.85
15/04/2025 11:00,9.17
15/04/2025 12:00,4.10
15/04/2025 13:00,4.90
15/04/2025 14:00,7.00
15/04/2025 15:00,59.89
15/04/2025 16:00,68.08
15/04/2025 17:00,80.00
15/04/2025 18:00,100.34
15/04/2025 19:00,123.38
15/04/2025 20:00,130.05
15/04/2025 21:00,105.05
15/04/2025 22:00,95.00
15/04/2025 23:00,87.27
16/04/2025 0:00,84.65
16/04/2025 1:00,77.21
16/04/2025 2:00,76.91
16/04/2025 3:00,64.33
16/04/2025 4:00,66.00
16/04/2025 5:00,79.73
16/04/2025 6:00,97.98
16/04/2025 7:00,117.82
16/04/2025 8:00,109.94
16/04/2025 9:00,93.80
16/04/2025 10:00,72.33
16/04/2025 11:00,55.46
16/04/2025 12:00,33.99
16/04/2025 13:00,21.68
16/04/2025 14:00,24.94
16/04/2025 15:00,54.81
16/04/2025 16:00,57.06
16/04/2025 17:00,87.65
16/04/2025 18:00,108.83
16/04/2025 19:00,132.44
16/04/2025 20:00,136.63
16/04/2025 21:00,119.82
16/04/2025 22:00,109.10
16/04/2025 23:00,98.59
17/04/2025 0:00,87.14
17/04/2025 1:00,82.24
17/04/2025 2:00,79.21
17/04/2025 3:00,77.21
17/04/2025 4:00,78.01
17/04/2025 5:00,82.73
17/04/2025 6:00,103.91
17/04/2025 7:00,122.33
17/04/2025 8:00,131.29
17/04/2025 9:00,124.50
17/04/2025 10:00,112.84
17/04/2025 11:00,84.62
17/04/2025 12:00,73.42
17/04/2025 13:00,71.80
17/04/2025 14:00,68.66
17/04/2025 15:00,72.37
17/04/2025 16:00,83.23
17/04/2025 17:00,94.15
17/04/2025 18:00,111.15
17/04/2025 19:00,124.71
17/04/2025 20:00,119.36
17/04/2025 21:00,121.61
17/04/2025 22:00,98.90
17/04/2025 23:00,96.26
18/04/2025 0:00,110.60
18/04/2025 1:00,98.07
18/04/2025 2:00,99.06
18/04/2025 3:00,92.19
18/04/2025 4:00,82.40
18/04/2025 5:00,74.18
18/04/2025 6:00,82.34
18/04/2025 7:00,106.00
18/04/2025 8:00,125.84
18/04/2025 9:00,120.00
18/04/2025 10:00,101.82
18/04/2025 11:00,75.69
18/04/2025 12:00,67.76
18/04/2025 13:00,49.40
18/04/2025 14:00,47.12
18/04/2025 15:00,48.81
18/04/2025 16:00,60.00
18/04/2025 17:00,80.36
18/04/2025 18:00,99.24
18/04/2025 19:00,116.63
18/04/2025 20:00,119.52
18/04/2025 21:00,110.03
18/04/2025 22:00,95.54
18/04/2025 23:00,83.82
19/04/2025 0:00,77.72
19/04/2025 1:00,72.30
19/04/2025 2:00,76.47
19/04/2025 3:00,73.96
19/04/2025 4:00,76.84
19/04/2025 5:00,80.04
19/04/2025 6:00,85.92
19/04/2025 7:00,82.63
19/04/2025 8:00,76.68
19/04/2025 9:00,69.13
19/04/2025 10:00,28.94
19/04/2025 11:00,4.54
19/04/2025 12:00,0.00
19/04/2025 13:00,-2.88
19/04/2025 14:00,-17.56
19/04/2025 15:00,-1.71
19/04/2025 16:00,0.20
19/04/2025 17:00,50.00
19/04/2025 18:00,85.05
19/04/2025 19:00,103.77
19/04/2025 20:00,114.67
19/04/2025 21:00,116.83
19/04/2025 22:00,100.39
19/04/2025 23:00,92.15
20/04/2025 0:00,96.88
20/04/2025 1:00,88.87
20/04/2025 2:00,102.08
20/04/2025 3:00,93.80
20/04/2025 4:00,98.08
20/04/2025 5:00,123.28
20/04/2025 6:00,122.85
20/04/2025 7:00,105.57
20/04/2025 8:00,127.50
20/04/2025 9:00,23.93
20/04/2025 10:00,-0.02
20/04/2025 11:00,-0.02
20/04/2025 12:00,-13.00
20/04/2025 13:00,3.97
20/04/2025 14:00,-7.58
20/04/2025 15:00,-4.20
20/04/2025 16:00,0.00
20/04/2025 17:00,80.99
20/04/2025 18:00,104.92
20/04/2025 19:00,124.00
20/04/2025 20:00,129.40
20/04/2025 21:00,144.43
20/04/2025 22:00,121.85
20/04/2025 23:00,109.71
21/04/2025 0:00,110.00
21/04/2025 1:00,94.65
21/04/2025 2:00,97.88
21/04/2025 3:00,98.61
21/04/2025 4:00,95.99
21/04/2025 5:00,98.27
21/04/2025 6:00,100.00
21/04/2025 7:00,94.65
21/04/2025 8:00,91.30
21/04/2025 9:00,93.30
21/04/2025 10:00,75.40
21/04/2025 11:00,52.51
21/04/2025 12:00,20.44
21/04/2025 13:00,8.91
21/04/2025 14:00,10.00
21/04/2025 15:00,10.96
21/04/2025 16:00,55.98
21/04/2025 17:00,99.46
21/04/2025 18:00,103.06
21/04/2025 19:00,122.85
21/04/2025 20:00,140.00
21/04/2025 21:00,132.10
21/04/2025 22:00,122.77
21/04/2025 23:00,108.00
22/04/2025 0:00,95.67
22/04/2025 1:00,88.67
22/04/2025 2:00,87.39
22/04/2025 3:00,85.01
22/04/2025 4:00,83.65
22/04/2025 5:00,94.15
22/04/2025 6:00,115.11
22/04/2025 7:00,146.14
22/04/2025 8:00,147.00
22/04/2025 9:00,118.52
22/04/2025 10:00,98.52
22/04/2025 11:00,90.94
22/04/2025 12:00,81.33
22/04/2025 13:00,69.52
22/04/2025 14:00,66.51
22/04/2025 15:00,77.77
22/04/2025 16:00,82.00
22/04/2025 17:00,94.72
22/04/2025 18:00,108.22
22/04/2025 19:00,168.27
22/04/2025 20:00,185.14
22/04/2025 21:00,150.11
22/04/2025 22:00,120.30
22/04/2025 23:00,106.60
23/04/2025 0:00,97.78
23/04/2025 1:00,89.78
23/04/2025 2:00,87.54
23/04/2025 3:00,85.30
23/04/2025 4:00,88.16
23/04/2025 5:00,93.83
23/04/2025 6:00,122.04
23/04/2025 7:00,150.10
23/04/2025 8:00,128.84
23/04/2025 9:00,108.48
23/04/2025 10:00,93.21
23/04/2025 11:00,97.75
23/04/2025 12:00,82.75
23/04/2025 13:00,87.93
23/04/2025 14:00,84.60
23/04/2025 15:00,92.86
23/04/2025 16:00,92.27
23/04/2025 17:00,101.34
23/04/2025 18:00,122.56
23/04/2025 19:00,142.70
23/04/2025 20:00,143.17
23/04/2025 21:00,123.58
23/04/2025 22:00,107.49
23/04/2025 23:00,92.63
24/04/2025 0:00,91.23
24/04/2025 1:00,86.39
24/04/2025 2:00,84.12
24/04/2025 3:00,84.15
24/04/2025 4:00,80.00
24/04/2025 5:00,85.87
24/04/2025 6:00,103.57
24/04/2025 7:00,114.56
24/04/2025 8:00,117.40
24/04/2025 9:00,111.20
24/04/2025 10:00,97.96
24/04/2025 11:00,93.76
24/04/2025 12:00,81.51
24/04/2025 13:00,78.95
24/04/2025 14:00,76.57
24/04/2025 15:00,75.50
24/04/2025 16:00,78.84
24/04/2025 17:00,86.11
24/04/2025 18:00,96.06
24/04/2025 19:00,108.17
24/04/2025 20:00,118.71
24/04/2025 21:00,114.48
24/04/2025 22:00,106.53
24/04/2025 23:00,93.10
25/04/2025 0:00,86.85
25/04/2025 1:00,78.46
25/04/2025 2:00,79.08
25/04/2025 3:00,77.84
25/04/2025 4:00,80.00
25/04/2025 5:00,89.17
25/04/2025 6:00,101.89
25/04/2025 7:00,113.39
25/04/2025 8:00,112.92
25/04/2025 9:00,114.47
25/04/2025 10:00,108.20
25/04/2025 11:00,92.22
25/04/2025 12:00,64.17
25/04/2025 13:00,45.00
25/04/2025 14:00,34.97
25/04/2025 15:00,47.00
25/04/2025 16:00,58.01
25/04/2025 17:00,81.11
25/04/2025 18:00,97.15
25/04/2025 19:00,114.53
25/04/2025 20:00,128.60
25/04/2025 21:00,109.63
25/04/2025 22:00,100.37
25/04/2025 23:00,92.09
26/04/2025 0:00,94.04
26/04/2025 1:00,86.22
26/04/2025 2:00,83.60
26/04/2025 3:00,83.00
26/04/2025 4:00,82.38
26/04/2025 5:00,84.98
26/04/2025 6:00,91.53
26/04/2025 7:00,94.30
26/04/2025 8:00,102.09
26/04/2025 9:00,34.45
26/04/2025 10:00,2.55
26/04/2025 11:00,-0.01
26/04/2025 12:00,-6.58
26/04/2025 13:00,-12.87
26/04/2025 14:00,-9.75
26/04/2025 15:00,-2.13
26/04/2025 16:00,-0.02
26/04/2025 17:00,30.99
26/04/2025 18:00,80.00
26/04/2025 19:00,100.71
26/04/2025 20:00,123.80
26/04/2025 21:00,116.62
26/04/2025 22:00,93.18
26/04/2025 23:00,89.60
27/04/2025 0:00,97.80
27/04/2025 1:00,100.44
27/04/2025 2:00,91.90
27/04/2025 3:00,95.00
27/04/2025 4:00,81.80
27/04/2025 5:00,95.22
27/04/2025 6:00,92.46
27/04/2025 7:00,76.21
27/04/2025 8:00,37.19
27/04/2025 9:00,0.04
27/04/2025 10:00,-3.00
27/04/2025 11:00,-27.92
27/04/2025 12:00,-162.78
27/04/2025 13:00,-266.00
27/04/2025 14:00,-200.00
27/04/2025 15:00,-49.95
27/04/2025 16:00,-5.17
27/04/2025 17:00,18.35
27/04/2025 18:00,89.40
27/04/2025 19:00,110.75
27/04/2025 20:00,125.05
27/04/2025 21:00,109.84
27/04/2025 22:00,99.00
27/04/2025 23:00,93.66
28/04/2025 0:00,91.49
28/04/2025 1:00,85.10
28/04/2025 2:00,84.33
28/04/2025 3:00,84.68
28/04/2025 4:00,92.30
28/04/2025 5:00,95.92
28/04/2025 6:00,138.50
28/04/2025 7:00,131.09
28/04/2025 8:00,96.79
28/04/2025 9:00,67.37
28/04/2025 10:00,10.01
28/04/2025 11:00,-0.01
28/04/2025 12:00,-3.67
28/04/2025 13:00,-5.90
28/04/2025 14:00,-6.18
28/04/2025 15:00,-1.54
28/04/2025 16:00,1.53
28/04/2025 17:00,67.26
28/04/2025 18:00,90.02
28/04/2025 19:00,113.89
28/04/2025 20:00,157.40
28/04/2025 21:00,127.76
28/04/2025 22:00,104.99
28/04/2025 23:00,95.88
29/04/2025 0:00,89.47
29/04/2025 1:00,85.08
29/04/2025 2:00,80.31
29/04/2025 3:00,77.64
29/04/2025 4:00,76.76
29/04/2025 5:00,83.00
29/04/2025 6:00,104.62
29/04/2025 7:00,111.19
29/04/2025 8:00,103.70
29/04/2025 9:00,82.94
29/04/2025 10:00,9.13
29/04/2025 11:00,0.00
29/04/2025 12:00,-0.76
29/04/2025 13:00,-1.90
29/04/2025 14:00,-1.66
29/04/2025 15:00,-0.01
29/04/2025 16:00,11.00
29/04/2025 17:00,72.07
29/04/2025 18:00,96.90
29/04/2025 19:00,113.59
29/04/2025 20:00,119.62
29/04/2025 21:00,127.03
29/04/2025 22:00,104.79
29/04/2025 23:00,96.50
30/04/2025 0:00,95.00
30/04/2025 1:00,89.96
30/04/2025 2:00,86.17
30/04/2025 3:00,88.19
30/04/2025 4:00,89.07
30/04/2025 5:00,93.78
30/04/2025 6:00,114.69
30/04/2025 7:00,120.50
30/04/2025 8:00,103.97
30/04/2025 9:00,103.30
30/04/2025 10:00,7.08
30/04/2025 11:00,0.00
30/04/2025 12:00,-1.00
30/04/2025 13:00,-6.21
30/04/2025 14:00,-3.00
30/04/2025 15:00,-0.02
30/04/2025 16:00,15.22
30/04/2025 17:00,76.02
30/04/2025 18:00,97.78
30/04/2025 19:00,121.56
30/04/2025 20:00,174.17
30/04/2025 21:00,127.55
30/04/2025 22:00,108.25
30/04/2025 23:00,97.61
01/05/2025 0:00,91.26
01/05/2025 1:00,86.09
01/05/2025 2:00,84.23
01/05/2025 3:00,85.57
01/05/2025 4:00,84.18
01/05/2025 5:00,79.30
01/05/2025 6:00,86.18
01/05/2025 7:00,86.71
01/05/2025 8:00,111.00
01/05/2025 9:00,0.00
01/05/2025 10:00,-3.00
01/05/2025 11:00,-40.10
01/05/2025 12:00,-139.52
01/05/2025 13:00,-159.38
01/05/2025 14:00,-118.09
01/05/2025 15:00,-49.99
01/05/2025 16:00,-5.17
01/05/2025 17:00,45.75
01/05/2025 18:00,100.20
01/05/2025 19:00,127.80
01/05/2025 20:00,162.32
01/05/2025 21:00,126.70
01/05/2025 22:00,110.74
01/05/2025 23:00,96.30
02/05/2025 0:00,104.80
02/05/2025 1:00,114.86
02/05/2025 2:00,104.77
02/05/2025 3:00,84.57
02/05/2025 4:00,75.60
02/05/2025 5:00,68.29
02/05/2025 6:00,94.34
02/05/2025 7:00,103.90
02/05/2025 8:00,108.90
02/05/2025 9:00,109.94
02/05/2025 10:00,0.85
02/05/2025 11:00,-0.01
02/05/2025 12:00,-0.80
02/05/2025 13:00,-3.00
02/05/2025 14:00,-4.00
02/05/2025 15:00,-0.08
02/05/2025 16:00,0.30
02/05/2025 17:00,57.44
02/05/2025 18:00,93.36
02/05/2025 19:00,100.05
02/05/2025 20:00,111.24
02/05/2025 21:00,116.33
02/05/2025 22:00,101.85
02/05/2025 23:00,91.44
03/05/2025 0:00,91.90
03/05/2025 1:00,86.84
03/05/2025 2:00,86.50
03/05/2025 3:00,90.56
03/05/2025 4:00,93.90
03/05/2025 5:00,95.81
03/05/2025 6:00,100.63
03/05/2025 7:00,96.50
03/05/2025 8:00,98.00
03/05/2025 9:00,13.53
03/05/2025 10:00,0.01
03/05/2025 11:00,-0.01
03/05/2025 12:00,-1.16
03/05/2025 13:00,-3.04
03/05/2025 14:00,-2.69
03/05/2025 15:00,-0.03
03/05/2025 16:00,0.00
03/05/2025 17:00,25.40
03/05/2025 18:00,55.71
03/05/2025 19:00,72.82
03/05/2025 20:00,84.70
03/05/2025 21:00,84.69
03/05/2025 22:00,80.37
03/05/2025 23:00,68.83
04/05/2025 0:00,57.67
04/05/2025 1:00,41.91
04/05/2025 2:00,30.33
04/05/2025 3:00,20.57
04/05/2025 4:00,19.24
04/05/2025 5:00,15.58
04/05/2025 6:00,13.62
04/05/2025 7:00,7.83
04/05/2025 8:00,2.93
04/05/2025 9:00,0.00
04/05/2025 10:00,-0.01
04/05/2025 11:00,-0.01
04/05/2025 12:00,-0.02
04/05/2025 13:00,-2.00
04/05/2025 14:00,-5.01
04/05/2025 15:00,-1.59
04/05/2025 16:00,-0.01
04/05/2025 17:00,8.05
04/05/2025 18:00,69.95
04/05/2025 19:00,87.46
04/05/2025 20:00,95.20
04/05/2025 21:00,110.08
04/05/2025 22:00,103.29
04/05/2025 23:00,85.00
05/05/2025 0:00,84.00
05/05/2025 1:00,74.40
05/05/2025 2:00,81.24
05/05/2025 3:00,85.16
05/05/2025 4:00,81.21
05/05/2025 5:00,88.27
05/05/2025 6:00,115.89
05/05/2025 7:00,114.51
05/05/2025 8:00,94.22
05/05/2025 9:00,72.54
05/05/2025 10:00,61.80
05/05/2025 11:00,47.14
05/05/2025 12:00,-9.56
05/05/2025 13:00,0.00
05/05/2025 14:00,-14.72
05/05/2025 15:00,0.40
05/05/2025 16:00,16.16
05/05/2025 17:00,66.93
05/05/2025 18:00,75.30
05/05/2025 19:00,97.06
05/05/2025 20:00,119.27
05/05/2025 21:00,117.42
05/05/2025 22:00,100.00
05/05/2025 23:00,87.18
06/05/2025 0:00,58.51
06/05/2025 1:00,67.57
06/05/2025 2:00,76.82
06/05/2025 3:00,76.90
06/05/2025 4:00,79.68
06/05/2025 5:00,70.00
06/05/2025 6:00,85.00
06/05/2025 7:00,122.88
06/05/2025 8:00,103.71
06/05/2025 9:00,77.78
06/05/2025 10:00,55.53
06/05/2025 11:00,44.88
06/05/2025 12:00,33.52
06/05/2025 13:00,27.95
06/05/2025 14:00,33.44
06/05/2025 15:00,48.26
06/05/2025 16:00,54.77
06/05/2025 17:00,67.51
06/05/2025 18:00,79.90
06/05/2025 19:00,112.81
06/05/2025 20:00,136.61
06/05/2025 21:00,126.22
06/05/2025 22:00,112.58
06/05/2025 23:00,99.97
07/05/2025 0:00,85.59
07/05/2025 1:00,80.08
07/05/2025 2:00,79.51
07/05/2025 3:00,82.83
07/05/2025 4:00,95.00
07/05/2025 5:00,102.53
07/05/2025 6:00,131.68
07/05/2025 7:00,132.23
07/05/2025 8:00,129.20
07/05/2025 9:00,95.43
07/05/2025 10:00,76.36
07/05/2025 11:00,60.00
07/05/2025 12:00,49.98
07/05/2025 13:00,48.72
07/05/2025 14:00,51.70
07/05/2025 15:00,58.65
07/05/2025 16:00,64.00
07/05/2025 17:00,73.74
07/05/2025 18:00,91.79
07/05/2025 19:00,111.02
07/05/2025 20:00,125.00
07/05/2025 21:00,120.80
07/05/2025 22:00,103.94
07/05/2025 23:00,91.12
08/05/2025 0:00,89.17
08/05/2025 1:00,85.25
08/05/2025 2:00,85.04
08/05/2025 3:00,85.52
08/05/2025 4:00,93.75
08/05/2025 5:00,106.37
08/05/2025 6:00,121.13
08/05/2025 7:00,130.00
08/05/2025 8:00,127.59
08/05/2025 9:00,93.46
08/05/2025 10:00,77.66
08/05/2025 11:00,56.02
08/05/2025 12:00,46.00
08/05/2025 13:00,41.63
08/05/2025 14:00,46.49
08/05/2025 15:00,55.31
08/05/2025 16:00,65.81
08/05/2025 17:00,70.55
08/05/2025 18:00,84.70
08/05/2025 19:00,117.00
08/05/2025 20:00,128.00
08/05/2025 21:00,117.40
08/05/2025 22:00,108.49
08/05/2025 23:00,100.14
09/05/2025 0:00,101.66
09/05/2025 1:00,88.28
09/05/2025 2:00,85.85
09/05/2025 3:00,87.04
09/05/2025 4:00,92.90
09/05/2025 5:00,88.33
09/05/2025 6:00,140.87
09/05/2025 7:00,121.00
09/05/2025 8:00,100.61
09/05/2025 9:00,75.29
09/05/2025 10:00,41.33
09/05/2025 11:00,0.22
09/05/2025 12:00,-0.37
09/05/2025 13:00,-0.02
09/05/2025 14:00,-0.01
09/05/2025 15:00,0.06
09/05/2025 16:00,40.47
09/05/2025 17:00,61.75
09/05/2025 18:00,55.54
09/05/2025 19:00,80.00
09/05/2025 20:00,114.29
09/05/2025 21:00,122.50
09/05/2025 22:00,104.80
09/05/2025 23:00,96.40
10/05/2025 0:00,114.26
10/05/2025 1:00,94.00
10/05/2025 2:00,90.09
10/05/2025 3:00,93.31
10/05/2025 4:00,98.90
10/05/2025 5:00,97.95
10/05/2025 6:00,95.47
10/05/2025 7:00,94.63
10/05/2025 8:00,61.61
10/05/2025 9:00,7.70
10/05/2025 10:00,-0.07
10/05/2025 11:00,-22.97
10/05/2025 12:00,-83.73
10/05/2025 13:00,-140.77
10/05/2025 14:00,-110.81
10/05/2025 15:00,-49.49
10/05/2025 16:00,-5.88
10/05/2025 17:00,17.84
10/05/2025 18:00,75.63
10/05/2025 19:00,96.52
10/05/2025 20:00,131.25
10/05/2025 21:00,105.80
10/05/2025 22:00,99.96
10/05/2025 23:00,87.46
11/05/2025 0:00,101.25
11/05/2025 1:00,87.47
11/05/2025 2:00,88.30
11/05/2025 3:00,86.74
11/05/2025 4:00,86.40
11/05/2025 5:00,86.26
11/05/2025 6:00,79.46
11/05/2025 7:00,60.07
11/05/2025 8:00,4.96
11/05/2025 9:00,-0.10
11/05/2025 10:00,-12.01
11/05/2025 11:00,-86.91
11/05/2025 12:00,-450.00
11/05/2025 13:00,-462.33
11/05/2025 14:00,-378.67
11/05/2025 15:00,-110.00
11/05/2025 16:00,-18.47
11/05/2025 17:00,-0.11
11/05/2025 18:00,69.35
11/05/2025 19:00,108.28
11/05/2025 20:00,127.00
11/05/2025 21:00,120.00
11/05/2025 22:00,93.32
11/05/2025 23:00,80.39
12/05/2025 0:00,79.15
12/05/2025 1:00,74.83
12/05/2025 2:00,74.73
12/05/2025 3:00,75.06
12/05/2025 4:00,77.73
12/05/2025 5:00,86.00
12/05/2025 6:00,109.80
12/05/2025 7:00,114.85
12/05/2025 8:00,106.21
12/05/2025 9:00,58.02
12/05/2025 10:00,4.73
12/05/2025 11:00,-0.01
12/05/2025 12:00,-0.10
12/05/2025 13:00,-30.00
12/05/2025 14:00,-4.00
12/05/2025 15:00,-0.02
12/05/2025 16:00,-1.64
12/05/2025 17:00,57.23
12/05/2025 18:00,85.61
12/05/2025 19:00,119.81
12/05/2025 20:00,117.72
12/05/2025 21:00,119.06
12/05/2025 22:00,101.98
12/05/2025 23:00,87.99
13/05/2025 0:00,84.22
13/05/2025 1:00,80.30
13/05/2025 2:00,81.92
13/05/2025 3:00,89.94
13/05/2025 4:00,92.25
13/05/2025 5:00,92.88
13/05/2025 6:00,113.94
13/05/2025 7:00,122.05
13/05/2025 8:00,104.45
13/05/2025 9:00,72.76
13/05/2025 10:00,16.25
13/05/2025 11:00,-0.82
13/05/2025 12:00,2.29
13/05/2025 13:00,-26.44
13/05/2025 14:00,-7.30
13/05/2025 15:00,-3.23
13/05/2025 16:00,0.63
13/05/2025 17:00,64.06
13/05/2025 18:00,90.07
13/05/2025 19:00,125.00
13/05/2025 20:00,149.34
13/05/2025 21:00,138.89
13/05/2025 22:00,112.30
13/05/2025 23:00,95.96
14/05/2025 0:00,92.56
14/05/2025 1:00,83.08
14/05/2025 2:00,80.66
14/05/2025 3:00,80.81
14/05/2025 4:00,91.82
14/05/2025 5:00,102.22
14/05/2025 6:00,106.79
14/05/2025 7:00,120.00
14/05/2025 8:00,104.85
14/05/2025 9:00,66.34
14/05/2025 10:00,0.25
14/05/2025 11:00,-0.02
14/05/2025 12:00,-27.77
14/05/2025 13:00,-56.03
14/05/2025 14:00,-60.43
14/05/2025 15:00,-22.21
14/05/2025 16:00,-1.41
14/05/2025 17:00,29.14
14/05/2025 18:00,78.74
14/05/2025 19:00,100.04
14/05/2025 20:00,124.86
14/05/2025 21:00,110.73
14/05/2025 22:00,109.22
14/05/2025 23:00,91.67
15/05/2025 0:00,97.51
15/05/2025 1:00,87.70
15/05/2025 2:00,77.81
15/05/2025 3:00,76.97
15/05/2025 4:00,81.00
15/05/2025 5:00,92.36
15/05/2025 6:00,102.70
15/05/2025 7:00,112.00
15/05/2025 8:00,124.46
15/05/2025 9:00,114.01
15/05/2025 10:00,13.07
15/05/2025 11:00,2.43
15/05/2025 12:00,3.85
15/05/2025 13:00,15.69
15/05/2025 14:00,15.77
15/05/2025 15:00,-0.02
15/05/2025 16:00,-0.23
15/05/2025 17:00,1.27
15/05/2025 18:00,62.12
15/05/2025 19:00,89.75
15/05/2025 20:00,99.35
15/05/2025 21:00,124.34
15/05/2025 22:00,120.74
15/05/2025 23:00,101.35
16/05/2025 0:00,98.03
16/05/2025 1:00,91.90
16/05/2025 2:00,83.36
16/05/2025 3:00,88.38
16/05/2025 4:00,92.27
16/05/2025 5:00,118.76
16/05/2025 6:00,118.42
16/05/2025 7:00,121.17
16/05/2025 8:00,119.85
16/05/2025 9:00,60.92
16/05/2025 10:00,7.62
16/05/2025 11:00,-0.33
16/05/2025 12:00,-2.67
16/05/2025 13:00,-11.64
16/05/2025 14:00,-24.89
16/05/2025 15:00,-18.46
16/05/2025 16:00,-4.05
16/05/2025 17:00,53.98
16/05/2025 18:00,79.07
16/05/2025 19:00,91.90
16/05/2025 20:00,94.91
16/05/2025 21:00,126.00
16/05/2025 22:00,123.80
16/05/2025 23:00,110.60
17/05/2025 0:00,96.00
17/05/2025 1:00,101.48
17/05/2025 2:00,99.85
17/05/2025 3:00,95.88
17/05/2025 4:00,94.51
17/05/2025 5:00,86.27
17/05/2025 6:00,95.57
17/05/2025 7:00,98.08
17/05/2025 8:00,54.02
17/05/2025 9:00,0.63
17/05/2025 10:00,-0.05
17/05/2025 11:00,-4.11
17/05/2025 12:00,-4.88
17/05/2025 13:00,-10.02
17/05/2025 14:00,-11.26
17/05/2025 15:00,-5.78
17/05/2025 16:00,-1.31
17/05/2025 17:00,4.46
17/05/2025 18:00,61.38
17/05/2025 19:00,100.00
17/05/2025 20:00,108.77
17/05/2025 21:00,151.17
17/05/2025 22:00,137.19
17/05/2025 23:00,95.81
18/05/2025 0:00,109.80
18/05/2025 1:00,105.00
18/05/2025 2:00,102.30
18/05/2025 3:00,101.07
18/05/2025 4:00,102.16
18/05/2025 5:00,101.22
18/05/2025 6:00,96.00
18/05/2025 7:00,91.00
18/05/2025 8:00,109.00
18/05/2025 9:00,23.54
18/05/2025 10:00,0.03
18/05/2025 11:00,-0.20
18/05/2025 12:00,-2.00
18/05/2025 13:00,-7.37
18/05/2025 14:00,-15.00
18/05/2025 15:00,-8.97
18/05/2025 16:00,-0.20
18/05/2025 17:00,8.05
18/05/2025 18:00,82.61
18/05/2025 19:00,88.14
18/05/2025 20:00,110.60
18/05/2025 21:00,128.87
18/05/2025 22:00,114.60
18/05/2025 23:00,98.67
19/05/2025 0:00,115.00
19/05/2025 1:00,98.07
19/05/2025 2:00,93.56
19/05/2025 3:00,89.95
19/05/2025 4:00,84.81
19/05/2025 5:00,96.90
19/05/2025 6:00,128.47
19/05/2025 7:00,123.60
19/05/2025 8:00,123.60
19/05/2025 9:00,88.86
19/05/2025 10:00,59.31
19/05/2025 11:00,26.65
19/05/2025 12:00,12.77
19/05/2025 13:00,5.00
19/05/2025 14:00,8.00
19/05/2025 15:00,24.54
19/05/2025 16:00,59.90
19/05/2025 17:00,81.23
19/05/2025 18:00,97.90
19/05/2025 19:00,118.00
19/05/2025 20:00,135.70
19/05/2025 21:00,127.95
19/05/2025 22:00,107.67
19/05/2025 23:00,94.21
20/05/2025 0:00,104.21
20/05/2025 1:00,100.19
20/05/2025 2:00,93.76
20/05/2025 3:00,90.96
20/05/2025 4:00,82.41
20/05/2025 5:00,95.83
20/05/2025 6:00,132.25
20/05/2025 7:00,124.30
20/05/2025 8:00,128.51
20/05/2025 9:00,102.81
20/05/2025 10:00,52.58
20/05/2025 11:00,15.95
20/05/2025 12:00,1.00
20/05/2025 13:00,0.85
20/05/2025 14:00,0.87
20/05/2025 15:00,7.62
20/05/2025 16:00,50.68
20/05/2025 17:00,77.27
20/05/2025 18:00,90.10
20/05/2025 19:00,115.46
20/05/2025 20:00,150.53
20/05/2025 21:00,124.80
20/05/2025 22:00,103.22
20/05/2025 23:00,89.05
21/05/2025 0:00,110.00
21/05/2025 1:00,102.33
21/05/2025 2:00,97.90
21/05/2025 3:00,94.90
21/05/2025 4:00,93.70
21/05/2025 5:00,95.00
21/05/2025 6:00,128.46
21/05/2025 7:00,113.26
21/05/2025 8:00,133.00
21/05/2025 9:00,128.80
21/05/2025 10:00,112.50
21/05/2025 11:00,81.00
21/05/2025 12:00,60.00
21/05/2025 13:00,48.18
21/05/2025 14:00,40.00
21/05/2025 15:00,45.45
21/05/2025 16:00,60.20
21/05/2025 17:00,87.37
21/05/2025 18:00,86.32
21/05/2025 19:00,132.48
21/05/2025 20:00,142.33
21/05/2025 21:00,149.00
21/05/2025 22:00,137.00
21/05/2025 23:00,114.90
22/05/2025 0:00,92.07
22/05/2025 1:00,82.77
22/05/2025 2:00,85.70
22/05/2025 3:00,78.47
22/05/2025 4:00,70.99
22/05/2025 5:00,79.25
22/05/2025 6:00,93.14
22/05/2025 7:00,109.50
22/05/2025 8:00,87.03
22/05/2025 9:00,75.68
22/05/2025 10:00,45.97
22/05/2025 11:00,49.69
22/05/2025 12:00,10.77
22/05/2025 13:00,0.00
22/05/2025 14:00,-0.01
22/05/2025 15:00,-3.27
22/05/2025 16:00,0.13
22/05/2025 17:00,2.67
22/05/2025 18:00,44.05
22/05/2025 19:00,87.74
22/05/2025 20:00,94.17
22/05/2025 21:00,104.14
22/05/2025 22:00,109.32
22/05/2025 23:00,90.24
23/05/2025 0:00,77.73
23/05/2025 1:00,74.52
23/05/2025 2:00,69.67
23/05/2025 3:00,68.57
23/05/2025 4:00,71.06
23/05/2025 5:00,82.92
23/05/2025 6:00,100.10
23/05/2025 7:00,107.57
23/05/2025 8:00,91.19
23/05/2025 9:00,67.26
23/05/2025 10:00,54.28
23/05/2025 11:00,44.53
23/05/2025 12:00,13.64
23/05/2025 13:00,0.98
23/05/2025 14:00,0.34
23/05/2025 15:00,1.05
23/05/2025 16:00,19.49
23/05/2025 17:00,54.09
23/05/2025 18:00,76.26
23/05/2025 19:00,93.56
23/05/2025 20:00,114.59
23/05/2025 21:00,120.24
23/05/2025 22:00,118.05
23/05/2025 23:00,97.40
24/05/2025 0:00,85.85
24/05/2025 1:00,80.41
24/05/2025 2:00,74.88
24/05/2025 3:00,70.76
24/05/2025 4:00,68.67
24/05/2025 5:00,62.50
24/05/2025 6:00,61.36
24/05/2025 7:00,62.01
24/05/2025 8:00,46.21
24/05/2025 9:00,12.26
24/05/2025 10:00,0.00
24/05/2025 11:00,-0.06
24/05/2025 12:00,-0.08
24/05/2025 13:00,-0.11
24/05/2025 14:00,-0.08
24/05/2025 15:00,0.93
24/05/2025 16:00,5.67
24/05/2025 17:00,44.47
24/05/2025 18:00,72.83
24/05/2025 19:00,92.58
24/05/2025 20:00,95.09
24/05/2025 21:00,94.82
24/05/2025 22:00,85.00
24/05/2025 23:00,67.23
25/05/2025 0:00,22.01
25/05/2025 1:00,19.65
25/05/2025 2:00,14.10
25/05/2025 3:00,8.39
25/05/2025 4:00,3.91
25/05/2025 5:00,2.06
25/05/2025 6:00,0.81
25/05/2025 7:00,0.83
25/05/2025 8:00,0.02
25/05/2025 9:00,-0.32
25/05/2025 10:00,-2.69
25/05/2025 11:00,-7.22
25/05/2025 12:00,-13.40
25/05/2025 13:00,-24.21
25/05/2025 14:00,-26.09
25/05/2025 15:00,-21.12
25/05/2025 16:00,-16.38
25/05/2025 17:00,-0.04
25/05/2025 18:00,7.81
25/05/2025 19:00,70.65
25/05/2025 20:00,83.50
25/05/2025 21:00,92.80
25/05/2025 22:00,88.62
25/05/2025 23:00,78.08
26/05/2025 0:00,75.89
26/05/2025 1:00,67.27
26/05/2025 2:00,57.09
26/05/2025 3:00,55.54
26/05/2025 4:00,59.63
26/05/2025 5:00,66.95
26/05/2025 6:00,93.25
26/05/2025 7:00,123.23
26/05/2025 8:00,103.63
26/05/2025 9:00,72.04
26/05/2025 10:00,8.55
26/05/2025 11:00,-0.16
26/05/2025 12:00,-1.00
26/05/2025 13:00,-1.72
26/05/2025 14:00,-1.15
26/05/2025 15:00,-1.41
26/05/2025 16:00,0.91
26/05/2025 17:00,15.68
26/05/2025 18:00,76.33
26/05/2025 19:00,91.21
26/05/2025 20:00,128.15
26/05/2025 21:00,134.01
26/05/2025 22:00,104.64
26/05/2025 23:00,82.65
27/05/2025 0:00,72.14
27/05/2025 1:00,61.40
27/05/2025 2:00,45.84
27/05/2025 3:00,32.76
27/05/2025 4:00,32.69
27/05/2025 5:00,49.75
27/05/2025 6:00,57.70
27/05/2025 7:00,62.26
27/05/2025 8:00,62.12
27/05/2025 9:00,45.72
27/05/2025 10:00,3.66
27/05/2025 11:00,2.62
27/05/2025 12:00,0.02
27/05/2025 13:00,-0.04
27/05/2025 14:00,-0.07
27/05/2025 15:00,2.19
27/05/2025 16:00,42.99
27/05/2025 17:00,75.82
27/05/2025 18:00,94.73
27/05/2025 19:00,113.98
27/05/2025 20:00,127.52
27/05/2025 21:00,112.45
27/05/2025 22:00,100.91
27/05/2025 23:00,81.75
28/05/2025 0:00,65.37
28/05/2025 1:00,54.89
28/05/2025 2:00,53.56
28/05/2025 3:00,46.68
28/05/2025 4:00,49.68
28/05/2025 5:00,58.38
28/05/2025 6:00,78.50
28/05/2025 7:00,93.67
28/05/2025 8:00,93.42
28/05/2025 9:00,81.65
28/05/2025 10:00,62.14
28/05/2025 11:00,52.26
28/05/2025 12:00,47.93
28/05/2025 13:00,42.37
28/05/2025 14:00,39.02
28/05/2025 15:00,31.86
28/05/2025 16:00,49.51
28/05/2025 17:00,66.09
28/05/2025 18:00,80.80
28/05/2025 19:00,99.66
28/05/2025 20:00,120.95
28/05/2025 21:00,178.50
28/05/2025 22:00,144.81
28/05/2025 23:00,103.59
29/05/2025 0:00,114.80
29/05/2025 1:00,111.24
29/05/2025 2:00,103.43
29/05/2025 3:00,102.79
29/05/2025 4:00,104.00
29/05/2025 5:00,100.00
29/05/2025 6:00,85.05
29/05/2025 7:00,82.44
29/05/2025 8:00,91.00
29/05/2025 9:00,75.86
29/05/2025 10:00,31.36
29/05/2025 11:00,2.55
29/05/2025 12:00,-0.01
29/05/2025 13:00,-1.59
29/05/2025 14:00,-1.71
29/05/2025 15:00,-2.05
29/05/2025 16:00,-1.06
29/05/2025 17:00,17.35
29/05/2025 18:00,52.78
29/05/2025 19:00,68.32
29/05/2025 20:00,76.67
29/05/2025 21:00,75.79
29/05/2025 22:00,77.49
29/05/2025 23:00,58.37
30/05/2025 0:00,46.27
30/05/2025 1:00,28.88
30/05/2025 2:00,33.82
30/05/2025 3:00,33.95
30/05/2025 4:00,37.39
30/05/2025 5:00,52.24
30/05/2025 6:00,66.89
30/05/2025 7:00,68.38
30/05/2025 8:00,53.01
30/05/2025 9:00,29.13
30/05/2025 10:00,1.83
30/05/2025 11:00,-0.04
30/05/2025 12:00,-0.47
30/05/2025 13:00,-2.64
30/05/2025 14:00,-3.11
30/05/2025 15:00,-1.45
30/05/2025 16:00,-0.02
30/05/2025 17:00,7.72
30/05/2025 18:00,66.98
30/05/2025 19:00,107.51
30/05/2025 20:00,132.83
30/05/2025 21:00,145.48
30/05/2025 22:00,130.19
30/05/2025 23:00,108.04
31/05/2025 0:00,107.00
31/05/2025 1:00,96.05
31/05/2025 2:00,92.06
31/05/2025 3:00,89.74
31/05/2025 4:00,90.00
31/05/2025 5:00,88.46
31/05/2025 6:00,89.60
31/05/2025 7:00,88.33
31/05/2025 8:00,51.98
31/05/2025 9:00,1.00
31/05/2025 10:00,-0.02
31/05/2025 11:00,-1.00
31/05/2025 12:00,-3.07
31/05/2025 13:00,-13.17
31/05/2025 14:00,-7.75
31/05/2025 15:00,-3.00
31/05/2025 16:00,-0.05
31/05/2025 17:00,32.63
31/05/2025 18:00,83.51
31/05/2025 19:00,123.12
31/05/2025 20:00,134.23
31/05/2025 21:00,130.32
31/05/2025 22:00,124.35
31/05/2025 23:00,97.26
01/06/2025 0:00,103.76
01/06/2025 1:00,81.28
01/06/2025 2:00,79.63
01/06/2025 3:00,74.48
01/06/2025 4:00,72.74
01/06/2025 5:00,65.83
01/06/2025 6:00,36.16
01/06/2025 7:00,13.00
01/06/2025 8:00,2.40
01/06/2025 9:00,-0.01
01/06/2025 10:00,-0.60
01/06/2025 11:00,-2.11
01/06/2025 12:00,-5.48
01/06/2025 13:00,-12.93
01/06/2025 14:00,-20.41
01/06/2025 15:00,-15.61
01/06/2025 16:00,-6.00
01/06/2025 17:00,-0.86
01/06/2025 18:00,15.09
01/06/2025 19:00,64.96
01/06/2025 20:00,86.08
01/06/2025 21:00,98.63
01/06/2025 22:00,98.73
01/06/2025 23:00,77.46
02/06/2025 0:00,69.47
02/06/2025 1:00,65.27
02/06/2025 2:00,69.10
02/06/2025 3:00,70.62
02/06/2025 4:00,71.23
02/06/2025 5:00,74.52
02/06/2025 6:00,100.05
02/06/2025 7:00,107.90
02/06/2025 8:00,108.68
02/06/2025 9:00,80.15
02/06/2025 10:00,52.62
02/06/2025 11:00,33.21
02/06/2025 12:00,20.00
02/06/2025 13:00,12.78
02/06/2025 14:00,11.00
02/06/2025 15:00,19.75
02/06/2025 16:00,42.05
02/06/2025 17:00,63.78
02/06/2025 18:00,78.99
02/06/2025 19:00,105.13
02/06/2025 20:00,125.65
02/06/2025 21:00,184.00
02/06/2025 22:00,140.00
02/06/2025 23:00,104.58
03/06/2025 0:00,92.36
03/06/2025 1:00,84.77
03/06/2025 2:00,90.36
03/06/2025 3:00,74.32
03/06/2025 4:00,70.61
03/06/2025 5:00,78.50
03/06/2025 6:00,97.57
03/06/2025 7:00,88.66
03/06/2025 8:00,74.66
03/06/2025 9:00,29.43
03/06/2025 10:00,-0.15
03/06/2025 11:00,-1.86
03/06/2025 12:00,-1.69
03/06/2025 13:00,-2.60
03/06/2025 14:00,-10.01
03/06/2025 15:00,-4.68
03/06/2025 16:00,-0.84
03/06/2025 17:00,-7.58
03/06/2025 18:00,62.17
03/06/2025 19:00,87.00
03/06/2025 20:00,113.86
03/06/2025 21:00,99.40
03/06/2025 22:00,102.29
03/06/2025 23:00,92.61
04/06/2025 0:00,70.01
04/06/2025 1:00,61.07
04/06/2025 2:00,59.32
04/06/2025 3:00,59.78
04/06/2025 4:00,62.36
04/06/2025 5:00,72.90
04/06/2025 6:00,100.74
04/06/2025 7:00,112.66
04/06/2025 8:00,118.30
04/06/2025 9:00,137.80
04/06/2025 10:00,72.40
04/06/2025 11:00,45.00
04/06/2025 12:00,20.34
04/06/2025 13:00,9.69
04/06/2025 14:00,14.06
04/06/2025 15:00,28.41
04/06/2025 16:00,39.55
04/06/2025 17:00,69.04
04/06/2025 18:00,86.37
04/06/2025 19:00,86.70
04/06/2025 20:00,104.60
04/06/2025 21:00,107.90
04/06/2025 22:00,110.40
04/06/2025 23:00,99.64
05/06/2025 0:00,99.41
05/06/2025 1:00,82.67
05/06/2025 2:00,77.41
05/06/2025 3:00,76.76
05/06/2025 4:00,77.45
05/06/2025 5:00,77.23
05/06/2025 6:00,87.30
05/06/2025 7:00,110.53
05/06/2025 8:00,116.60
05/06/2025 9:00,111.00
05/06/2025 10:00,68.42
05/06/2025 11:00,45.16
05/06/2025 12:00,23.90
05/06/2025 13:00,10.34
05/06/2025 14:00,6.56
05/06/2025 15:00,18.13
05/06/2025 16:00,45.00
05/06/2025 17:00,67.53
05/06/2025 18:00,91.86
05/06/2025 19:00,104.88
05/06/2025 20:00,118.56
05/06/2025 21:00,118.82
05/06/2025 22:00,116.06
05/06/2025 23:00,85.34
06/06/2025 0:00,64.32
06/06/2025 1:00,50.94
06/06/2025 2:00,48.36
06/06/2025 3:00,45.37
06/06/2025 4:00,43.89
06/06/2025 5:00,45.53
06/06/2025 6:00,62.77
06/06/2025 7:00,65.79
06/06/2025 8:00,54.97
06/06/2025 9:00,4.29
06/06/2025 10:00,-0.01
06/06/2025 11:00,-0.14
06/06/2025 12:00,-0.47
06/06/2025 13:00,-3.06
06/06/2025 14:00,-3.42
06/06/2025 15:00,-2.55
06/06/2025 16:00,-0.24
06/06/2025 17:00,1.81
06/06/2025 18:00,42.90
06/06/2025 19:00,82.11
06/06/2025 20:00,109.54
06/06/2025 21:00,127.98
06/06/2025 22:00,131.10
06/06/2025 23:00,104.44
07/06/2025 0:00,105.65
07/06/2025 1:00,93.24
07/06/2025 2:00,86.58
07/06/2025 3:00,92.56
07/06/2025 4:00,93.29
07/06/2025 5:00,93.02
07/06/2025 6:00,93.35
07/06/2025 7:00,95.47
07/06/2025 8:00,89.14
07/06/2025 9:00,74.03
07/06/2025 10:00,33.63
07/06/2025 11:00,9.44
07/06/2025 12:00,1.19
07/06/2025 13:00,-0.01
07/06/2025 14:00,-0.02
07/06/2025 15:00,-0.02
07/06/2025 16:00,-0.43
07/06/2025 17:00,20.17
07/06/2025 18:00,62.97
07/06/2025 19:00,80.47
07/06/2025 20:00,124.42
07/06/2025 21:00,125.39
07/06/2025 22:00,109.91
07/06/2025 23:00,87.45
08/06/2025 0:00,101.91
08/06/2025 1:00,75.60
08/06/2025 2:00,69.31
08/06/2025 3:00,60.74
08/06/2025 4:00,49.65
08/06/2025 5:00,40.66
08/06/2025 6:00,25.80
08/06/2025 7:00,2.62
08/06/2025 8:00,0.00
08/06/2025 9:00,-0.50
08/06/2025 10:00,-2.00
08/06/2025 11:00,-7.84
08/06/2025 12:00,-19.70
08/06/2025 13:00,-39.29
08/06/2025 14:00,-51.91
08/06/2025 15:00,-51.31
08/06/2025 16:00,-35.97
08/06/2025 17:00,-10.30
08/06/2025 18:00,2.57
08/06/2025 19:00,39.62
08/06/2025 20:00,77.00
08/06/2025 21:00,130.74
08/06/2025 22:00,85.52
08/06/2025 23:00,70.97
09/06/2025 0:00,41.00
09/06/2025 1:00,32.97
09/06/2025 2:00,25.87
09/06/2025 3:00,24.58
09/06/2025 4:00,30.39
09/06/2025 5:00,40.44
09/06/2025 6:00,81.60
09/06/2025 7:00,75.00
09/06/2025 8:00,7.44
09/06/2025 9:00,0.51
09/06/2025 10:00,-0.74
09/06/2025 11:00,-2.87
09/06/2025 12:00,-8.25
09/06/2025 13:00,-17.94
09/06/2025 14:00,-15.54
09/06/2025 15:00,-3.92
09/06/2025 16:00,-0.54
09/06/2025 17:00,4.64
09/06/2025 18:00,64.45
09/06/2025 19:00,107.59
09/06/2025 20:00,130.04
09/06/2025 21:00,142.70
09/06/2025 22:00,127.95
09/06/2025 23:00,93.71
10/06/2025 0:00,81.13
10/06/2025 1:00,74.56
10/06/2025 2:00,65.92
10/06/2025 3:00,56.12
10/06/2025 4:00,50.43
10/06/2025 5:00,50.47
10/06/2025 6:00,62.04
10/06/2025 7:00,79.00
10/06/2025 8:00,78.74
10/06/2025 9:00,64.14
10/06/2025 10:00,20.88
10/06/2025 11:00,5.48
10/06/2025 12:00,-0.02
10/06/2025 13:00,1.05
10/06/2025 14:00,0.41
10/06/2025 15:00,0.99
10/06/2025 16:00,14.22
10/06/2025 17:00,67.06
10/06/2025 18:00,112.50
10/06/2025 19:00,124.10
10/06/2025 20:00,146.00
10/06/2025 21:00,143.00
10/06/2025 22:00,133.72
10/06/2025 23:00,124.47
11/06/2025 0:00,111.76
11/06/2025 1:00,113.00
11/06/2025 2:00,104.39
11/06/2025 3:00,84.24
11/06/2025 4:00,95.87
11/06/2025 5:00,90.00
11/06/2025 6:00,111.31
11/06/2025 7:00,119.62
11/06/2025 8:00,114.20
11/06/2025 9:00,106.18
11/06/2025 10:00,42.45
11/06/2025 11:00,1.17
11/06/2025 12:00,-0.19
11/06/2025 13:00,-0.60
11/06/2025 14:00,-2.88
11/06/2025 15:00,-1.35
11/06/2025 16:00,1.91
11/06/2025 17:00,62.78
11/06/2025 18:00,98.49
11/06/2025 19:00,108.99
11/06/2025 20:00,144.69
11/06/2025 21:00,138.11
11/06/2025 22:00,101.75
11/06/2025 23:00,88.50
12/06/2025 0:00,91.10
12/06/2025 1:00,84.72
12/06/2025 2:00,64.80
12/06/2025 3:00,67.91
12/06/2025 4:00,66.19
12/06/2025 5:00,65.00
12/06/2025 6:00,72.27
12/06/2025 7:00,67.88
12/06/2025 8:00,75.20
12/06/2025 9:00,36.48
12/06/2025 10:00,0.00
12/06/2025 11:00,-1.83
12/06/2025 12:00,-13.86
12/06/2025 13:00,-26.53
12/06/2025 14:00,-23.38
12/06/2025 15:00,-9.89
12/06/2025 16:00,-1.83
12/06/2025 17:00,15.98
12/06/2025 18:00,81.56
12/06/2025 19:00,112.55
12/06/2025 20:00,132.00
12/06/2025 21:00,114.18
12/06/2025 22:00,106.62
12/06/2025 23:00,91.37
13/06/2025 0:00,84.59
13/06/2025 1:00,83.42
13/06/2025 2:00,87.92
13/06/2025 3:00,85.85
13/06/2025 4:00,86.60
13/06/2025 5:00,100.00
13/06/2025 6:00,104.10
13/06/2025 7:00,115.15
13/06/2025 8:00,107.58
13/06/2025 9:00,62.52
13/06/2025 10:00,16.42
13/06/2025 11:00,0.29
13/06/2025 12:00,-0.46
13/06/2025 13:00,-0.25
13/06/2025 14:00,-1.03
13/06/2025 15:00,-1.30
13/06/2025 16:00,0.93
13/06/2025 17:00,63.10
13/06/2025 18:00,110.00
13/06/2025 19:00,139.68
13/06/2025 20:00,135.67
13/06/2025 21:00,114.00
13/06/2025 22:00,97.80
13/06/2025 23:00,81.01
14/06/2025 0:00,88.81
14/06/2025 1:00,85.44
14/06/2025 2:00,86.43
14/06/2025 3:00,100.43
14/06/2025 4:00,92.00
14/06/2025 5:00,103.77
14/06/2025 6:00,98.51
14/06/2025 7:00,63.81
14/06/2025 8:00,15.07
14/06/2025 9:00,0.00
14/06/2025 10:00,-0.58
14/06/2025 11:00,-4.27
14/06/2025 12:00,-10.81
14/06/2025 13:00,-17.12
14/06/2025 14:00,-24.14
14/06/2025 15:00,-6.70
14/06/2025 16:00,-0.37
14/06/2025 17:00,8.86
14/06/2025 18:00,65.57
14/06/2025 19:00,109.79
14/06/2025 20:00,118.00
14/06/2025 21:00,121.10
14/06/2025 22:00,119.54
14/06/2025 23:00,114.10
15/06/2025 0:00,95.76
15/06/2025 1:00,99.40
15/06/2025 2:00,93.18
15/06/2025 3:00,92.54
15/06/2025 4:00,91.99
15/06/2025 5:00,92.15
15/06/2025 6:00,84.66
15/06/2025 7:00,71.55
15/06/2025 8:00,63.79
15/06/2025 9:00,6.24
15/06/2025 10:00,0.00
15/06/2025 11:00,-0.02
15/06/2025 12:00,-1.23
15/06/2025 13:00,-5.62
15/06/2025 14:00,-5.00
15/06/2025 15:00,-2.00
15/06/2025 16:00,-0.01
15/06/2025 17:00,38.02
15/06/2025 18:00,81.46
15/06/2025 19:00,97.64
15/06/2025 20:00,122.60
15/06/2025 21:00,137.25
15/06/2025 22:00,134.00
15/06/2025 23:00,109.90
16/06/2025 0:00,136.66
16/06/2025 1:00,110.00
16/06/2025 2:00,95.16
16/06/2025 3:00,85.90
16/06/2025 4:00,80.43
16/06/2025 5:00,96.84
16/06/2025 6:00,112.43
16/06/2025 7:00,123.49
16/06/2025 8:00,132.99
16/06/2025 9:00,111.31
16/06/2025 10:00,55.27
16/06/2025 11:00,14.61
16/06/2025 12:00,3.51
16/06/2025 13:00,2.32
16/06/2025 14:00,2.16
16/06/2025 15:00,2.49
16/06/2025 16:00,14.61
16/06/2025 17:00,70.00
16/06/2025 18:00,109.84
16/06/2025 19:00,120.00
16/06/2025 20:00,184.08
16/06/2025 21:00,187.24
16/06/2025 22:00,133.58
16/06/2025 23:00,112.01
17/06/2025 0:00,104.84
17/06/2025 1:00,100.00
17/06/2025 2:00,94.95
17/06/2025 3:00,94.07
17/06/2025 4:00,95.24
17/06/2025 5:00,101.93
17/06/2025 6:00,118.76
17/06/2025 7:00,107.01
17/06/2025 8:00,101.00
17/06/2025 9:00,104.41
17/06/2025 10:00,4.41
17/06/2025 11:00,-0.32
17/06/2025 12:00,-0.45
17/06/2025 13:00,-1.79
17/06/2025 14:00,-2.00
17/06/2025 15:00,-1.28
17/06/2025 16:00,10.59
17/06/2025 17:00,82.12
17/06/2025 18:00,104.55
17/06/2025 19:00,120.21
17/06/2025 20:00,196.84
17/06/2025 21:00,190.00
17/06/2025 22:00,139.71
17/06/2025 23:00,116.52
18/06/2025 0:00,112.55
18/06/2025 1:00,106.38
18/06/2025 2:00,101.38
18/06/2025 3:00,95.51
18/06/2025 4:00,96.31
18/06/2025 5:00,102.92
18/06/2025 6:00,111.85
18/06/2025 7:00,115.62
18/06/2025 8:00,121.08
18/06/2025 9:00,105.00
18/06/2025 10:00,21.79
18/06/2025 11:00,1.17
18/06/2025 12:00,-0.11
18/06/2025 13:00,-0.36
18/06/2025 14:00,-0.76
18/06/2025 15:00,0.39
18/06/2025 16:00,3.01
18/06/2025 17:00,72.51
18/06/2025 18:00,104.40
18/06/2025 19:00,116.83
18/06/2025 20:00,139.58
18/06/2025 21:00,154.64
18/06/2025 22:00,139.92
18/06/2025 23:00,126.49
19/06/2025 0:00,112.20
19/06/2025 1:00,116.43
19/06/2025 2:00,104.74
19/06/2025 3:00,115.97
19/06/2025 4:00,100.94
19/06/2025 5:00,104.45
19/06/2025 6:00,102.47
19/06/2025 7:00,114.78
19/06/2025 8:00,115.91
19/06/2025 9:00,12.16
19/06/2025 10:00,-0.40
19/06/2025 11:00,-8.04
19/06/2025 12:00,-11.49
19/06/2025 13:00,-14.06
19/06/2025 14:00,-13.99
19/06/2025 15:00,-4.03
19/06/2025 16:00,-1.05
19/06/2025 17:00,11.02
19/06/2025 18:00,89.19
19/06/2025 19:00,119.18
19/06/2025 20:00,141.08
19/06/2025 21:00,145.62
19/06/2025 22:00,130.62
19/06/2025 23:00,109.88
20/06/2025 0:00,108.83
20/06/2025 1:00,103.83
20/06/2025 2:00,99.40
20/06/2025 3:00,102.47
20/06/2025 4:00,86.40
20/06/2025 5:00,107.91
20/06/2025 6:00,117.91
20/06/2025 7:00,118.58
20/06/2025 8:00,111.99
20/06/2025 9:00,81.65
20/06/2025 10:00,23.25
20/06/2025 11:00,6.74
20/06/2025 12:00,2.57
20/06/2025 13:00,-0.32
20/06/2025 14:00,-0.05
20/06/2025 15:00,0.99
20/06/2025 16:00,30.36
20/06/2025 17:00,88.00
20/06/2025 18:00,111.40
20/06/2025 19:00,131.56
20/06/2025 20:00,162.49
20/06/2025 21:00,167.58
20/06/2025 22:00,137.05
20/06/2025 23:00,121.38
21/06/2025 0:00,118.53
21/06/2025 1:00,110.48
21/06/2025 2:00,108.15
21/06/2025 3:00,106.07
21/06/2025 4:00,109.50
21/06/2025 5:00,104.73
21/06/2025 6:00,100.71
21/06/2025 7:00,90.74
21/06/2025 8:00,75.93
21/06/2025 9:00,23.40
21/06/2025 10:00,1.21
21/06/2025 11:00,-1.22
21/06/2025 12:00,-13.65
21/06/2025 13:00,-28.72
21/06/2025 14:00,-32.06
21/06/2025 15:00,-3.01
21/06/2025 16:00,0.10
21/06/2025 17:00,60.18
21/06/2025 18:00,100.75
21/06/2025 19:00,127.85
21/06/2025 20:00,151.75
21/06/2025 21:00,155.22
21/06/2025 22:00,140.78
21/06/2025 23:00,119.34
22/06/2025 0:00,106.00
22/06/2025 1:00,100.11
22/06/2025 2:00,97.76
22/06/2025 3:00,88.96
22/06/2025 4:00,86.12
22/06/2025 5:00,63.05
22/06/2025 6:00,65.40
22/06/2025 7:00,26.44
22/06/2025 8:00,0.00
22/06/2025 9:00,-0.09
22/06/2025 10:00,-11.11
22/06/2025 11:00,-30.22
22/06/2025 12:00,-42.85
22/06/2025 13:00,-67.12
22/06/2025 14:00,-55.28
22/06/2025 15:00,-28.97
22/06/2025 16:00,-7.57
22/06/2025 17:00,-0.09
22/06/2025 18:00,54.08
22/06/2025 19:00,98.19
22/06/2025 20:00,120.99
22/06/2025 21:00,122.27
22/06/2025 22:00,120.00
22/06/2025 23:00,101.63
23/06/2025 0:00,62.25
23/06/2025 1:00,52.76
23/06/2025 2:00,50.32
23/06/2025 3:00,49.73
23/06/2025 4:00,55.43
23/06/2025 5:00,64.03
23/06/2025 6:00,73.24
23/06/2025 7:00,76.32
23/06/2025 8:00,69.13
23/06/2025 9:00,18.64
23/06/2025 10:00,1.16
23/06/2025 11:00,-2.70
23/06/2025 12:00,-6.68
23/06/2025 13:00,-15.86
23/06/2025 14:00,-26.84
23/06/2025 15:00,-25.72
23/06/2025 16:00,-19.10
23/06/2025 17:00,-5.50
23/06/2025 18:00,10.42
23/06/2025 19:00,42.92
23/06/2025 20:00,93.39
23/06/2025 21:00,100.30
23/06/2025 22:00,109.67
23/06/2025 23:00,95.70
24/06/2025 0:00,80.60
24/06/2025 1:00,69.12
24/06/2025 2:00,65.08
24/06/2025 3:00,59.61
24/06/2025 4:00,62.17
24/06/2025 5:00,71.30
24/06/2025 6:00,100.00
24/06/2025 7:00,89.90
24/06/2025 8:00,86.86
24/06/2025 9:00,36.03
24/06/2025 10:00,-0.28
24/06/2025 11:00,-2.63
24/06/2025 12:00,-4.81
24/06/2025 13:00,-5.75
24/06/2025 14:00,-4.86
24/06/2025 15:00,-2.58
24/06/2025 16:00,2.90
24/06/2025 17:00,11.77
24/06/2025 18:00,67.25
24/06/2025 19:00,101.08
24/06/2025 20:00,124.79
24/06/2025 21:00,124.10
24/06/2025 22:00,135.68
24/06/2025 23:00,100.37
25/06/2025 0:00,83.04
25/06/2025 1:00,73.75
25/06/2025 2:00,74.98
25/06/2025 3:00,75.11
25/06/2025 4:00,77.57
25/06/2025 5:00,87.87
25/06/2025 6:00,110.91
25/06/2025 7:00,121.40
25/06/2025 8:00,116.27
25/06/2025 9:00,93.10
25/06/2025 10:00,58.00
25/06/2025 11:00,36.62
25/06/2025 12:00,17.57
25/06/2025 13:00,5.57
25/06/2025 14:00,6.38
25/06/2025 15:00,11.91
25/06/2025 16:00,23.71
25/06/2025 17:00,85.70
25/06/2025 18:00,106.42
25/06/2025 19:00,134.58
25/06/2025 20:00,184.15
25/06/2025 21:00,215.00
25/06/2025 22:00,162.70
25/06/2025 23:00,111.41
26/06/2025 0:00,119.95
26/06/2025 1:00,105.30
26/06/2025 2:00,100.00
26/06/2025 3:00,92.10
26/06/2025 4:00,92.60
26/06/2025 5:00,96.13
26/06/2025 6:00,97.95
26/06/2025 7:00,118.40
26/06/2025 8:00,106.79
26/06/2025 9:00,95.44
26/06/2025 10:00,98.31
26/06/2025 11:00,76.51
26/06/2025 12:00,69.71
26/06/2025 13:00,56.22
26/06/2025 14:00,48.12
26/06/2025 15:00,46.09
26/06/2025 16:00,47.28
26/06/2025 17:00,68.90
26/06/2025 18:00,87.92
26/06/2025 19:00,99.97
26/06/2025 20:00,109.43
26/06/2025 21:00,106.92
26/06/2025 22:00,110.57
26/06/2025 23:00,98.57
27/06/2025 0:00,86.17
27/06/2025 1:00,85.58
27/06/2025 2:00,87.22
27/06/2025 3:00,86.36
27/06/2025 4:00,83.19
27/06/2025 5:00,89.48
27/06/2025 6:00,105.04
27/06/2025 7:00,113.20
27/06/2025 8:00,107.70
27/06/2025 9:00,93.89
27/06/2025 10:00,80.20
27/06/2025 11:00,67.45
27/06/2025 12:00,54.57
27/06/2025 13:00,34.15
27/06/2025 14:00,20.91
27/06/2025 15:00,14.45
27/06/2025 16:00,32.15
27/06/2025 17:00,71.58
27/06/2025 18:00,91.74
27/06/2025 19:00,108.15
27/06/2025 20:00,119.84
27/06/2025 21:00,134.90
27/06/2025 22:00,124.90
27/06/2025 23:00,107.75
28/06/2025 0:00,94.91
28/06/2025 1:00,87.14
28/06/2025 2:00,78.32
28/06/2025 3:00,67.31
28/06/2025 4:00,66.06
28/06/2025 5:00,68.49
28/06/2025 6:00,64.53
28/06/2025 7:00,56.31
28/06/2025 8:00,27.80
28/06/2025 9:00,2.34
28/06/2025 10:00,0.01
28/06/2025 11:00,-0.03
28/06/2025 12:00,-0.49
28/06/2025 13:00,-2.30
28/06/2025 14:00,-5.00
28/06/2025 15:00,-2.08
28/06/2025 16:00,0.26
28/06/2025 17:00,4.90
28/06/2025 18:00,62.67
28/06/2025 19:00,95.31
28/06/2025 20:00,109.28
28/06/2025 21:00,112.48
28/06/2025 22:00,118.42
28/06/2025 23:00,103.50
29/06/2025 0:00,95.07
29/06/2025 1:00,89.42
29/06/2025 2:00,89.66
29/06/2025 3:00,86.82
29/06/2025 4:00,85.48
29/06/2025 5:00,85.30
29/06/2025 6:00,86.46
29/06/2025 7:00,74.91
29/06/2025 8:00,47.50
29/06/2025 9:00,4.05
29/06/2025 10:00,0.00
29/06/2025 11:00,-0.29
29/06/2025 12:00,-10.29
29/06/2025 13:00,-30.23
29/06/2025 14:00,-35.19
29/06/2025 15:00,-11.42
29/06/2025 16:00,-1.08
29/06/2025 17:00,11.58
29/06/2025 18:00,78.47
29/06/2025 19:00,102.14
29/06/2025 20:00,111.98
29/06/2025 21:00,118.07
29/06/2025 22:00,113.73
29/06/2025 23:00,101.00
30/06/2025 0:00,98.73
30/06/2025 1:00,89.03
30/06/2025 2:00,85.03
30/06/2025 3:00,84.13
30/06/2025 4:00,84.32
30/06/2025 5:00,88.60
30/06/2025 6:00,108.83
30/06/2025 7:00,111.69
30/06/2025 8:00,108.35
30/06/2025 9:00,92.12
30/06/2025 10:00,78.20
30/06/2025 11:00,64.27
30/06/2025 12:00,55.00
30/06/2025 13:00,21.34
30/06/2025 14:00,28.46
30/06/2025 15:00,62.32
30/06/2025 16:00,81.39
30/06/2025 17:00,92.20
30/06/2025 18:00,110.17
30/06/2025 19:00,178.94
30/06/2025 20:00,289.45
30/06/2025 21:00,236.00
30/06/2025 22:00,157.00
30/06/2025 23:00,122.65
01/07/2025 0:00,111.28
01/07/2025 1:00,95.37
01/07/2025 2:00,89.10
01/07/2025 3:00,88.07
01/07/2025 4:00,90.01
01/07/2025 5:00,96.59
01/07/2025 6:00,114.97
01/07/2025 7:00,120.09
01/07/2025 8:00,114.48
01/07/2025 9:00,92.20
01/07/2025 10:00,91.62
01/07/2025 11:00,77.91
01/07/2025 12:00,75.10
01/07/2025 13:00,63.97
01/07/2025 14:00,72.17
01/07/2025 15:00,78.15
01/07/2025 16:00,90.80
01/07/2025 17:00,102.35
01/07/2025 18:00,152.44
01/07/2025 19:00,318.18
01/07/2025 20:00,517.57
01/07/2025 21:00,500.00
01/07/2025 22:00,315.72
01/07/2025 23:00,172.94
02/07/2025 0:00,119.29
02/07/2025 1:00,102.71
02/07/2025 2:00,92.54
02/07/2025 3:00,92.08
02/07/2025 4:00,100.00
02/07/2025 5:00,109.37
02/07/2025 6:00,131.07
02/07/2025 7:00,113.64
02/07/2025 8:00,104.52
02/07/2025 9:00,92.59
02/07/2025 10:00,81.33
02/07/2025 11:00,74.56
02/07/2025 12:00,75.78
02/07/2025 13:00,48.55
02/07/2025 14:00,56.50
02/07/2025 15:00,71.53
02/07/2025 16:00,79.96
02/07/2025 17:00,93.50
02/07/2025 18:00,151.52
02/07/2025 19:00,250.36
02/07/2025 20:00,350.00
02/07/2025 21:00,249.05
02/07/2025 22:00,147.50
02/07/2025 23:00,108.56
03/07/2025 0:00,84.27
03/07/2025 1:00,81.11
03/07/2025 2:00,79.00
03/07/2025 3:00,78.93
03/07/2025 4:00,80.88
03/07/2025 5:00,86.45
03/07/2025 6:00,106.77
03/07/2025 7:00,116.58
03/07/2025 8:00,104.90
03/07/2025 9:00,90.45
03/07/2025 10:00,75.06
03/07/2025 11:00,57.35
03/07/2025 12:00,42.16
03/07/2025 13:00,34.40
03/07/2025 14:00,15.00
03/07/2025 15:00,37.86
03/07/2025 16:00,62.00
03/07/2025 17:00,81.00
03/07/2025 18:00,95.69
03/07/2025 19:00,108.39
03/07/2025 20:00,152.58
03/07/2025 21:00,179.22
03/07/2025 22:00,159.03
03/07/2025 23:00,141.23
04/07/2025 0:00,103.35
04/07/2025 1:00,92.55
04/07/2025 2:00,92.10
04/07/2025 3:00,85.47
04/07/2025 4:00,82.62
04/07/2025 5:00,90.00
04/07/2025 6:00,92.79
04/07/2025 7:00,106.35
04/07/2025 8:00,100.00
04/07/2025 9:00,91.15
04/07/2025 10:00,70.01
04/07/2025 11:00,20.64
04/07/2025 12:00,17.94
04/07/2025 13:00,10.31
04/07/2025 14:00,9.08
04/07/2025 15:00,19.67
04/07/2025 16:00,21.88
04/07/2025 17:00,60.90
04/07/2025 18:00,89.15
04/07/2025 19:00,100.00
04/07/2025 20:00,118.57
04/07/2025 21:00,126.18
04/07/2025 22:00,116.13
04/07/2025 23:00,98.62
05/07/2025 0:00,67.81
05/07/2025 1:00,61.29
05/07/2025 2:00,63.00
05/07/2025 3:00,57.66
05/07/2025 4:00,57.97
05/07/2025 5:00,52.12
05/07/2025 6:00,52.23
05/07/2025 7:00,41.16
05/07/2025 8:00,17.86
05/07/2025 9:00,3.34
05/07/2025 10:00,0.00
05/07/2025 11:00,-0.03
05/07/2025 12:00,-0.22
05/07/2025 13:00,-2.20
05/07/2025 14:00,-1.57
05/07/2025 15:00,-0.69
05/07/2025 16:00,-1.73
05/07/2025 17:00,0.93
05/07/2025 18:00,41.25
05/07/2025 19:00,78.53
05/07/2025 20:00,86.09
05/07/2025 21:00,92.95
05/07/2025 22:00,107.33
05/07/2025 23:00,100.00
06/07/2025 0:00,89.99
06/07/2025 1:00,79.81
06/07/2025 2:00,69.44
06/07/2025 3:00,60.00
06/07/2025 4:00,62.70
06/07/2025 5:00,79.78
06/07/2025 6:00,83.15
06/07/2025 7:00,82.37
06/07/2025 8:00,74.31
06/07/2025 9:00,72.32
06/07/2025 10:00,25.00
06/07/2025 11:00,15.65
06/07/2025 12:00,13.68
06/07/2025 13:00,18.70
06/07/2025 14:00,22.06
06/07/2025 15:00,56.42
06/07/2025 16:00,77.44
06/07/2025 17:00,91.02
06/07/2025 18:00,94.42
06/07/2025 19:00,120.71
06/07/2025 20:00,132.03
06/07/2025 21:00,136.24
06/07/2025 22:00,122.21
06/07/2025 23:00,110.70
07/07/2025 0:00,121.49
07/07/2025 1:00,110.05
07/07/2025 2:00,104.23
07/07/2025 3:00,86.04
07/07/2025 4:00,82.43
07/07/2025 5:00,64.74
07/07/2025 6:00,95.00
07/07/2025 7:00,96.37
07/07/2025 8:00,140.08
07/07/2025 9:00,98.80
07/07/2025 10:00,80.00
07/07/2025 11:00,58.40
07/07/2025 12:00,57.42
07/07/2025 13:00,32.39
07/07/2025 14:00,10.51
07/07/2025 15:00,-11.97
07/07/2025 16:00,-9.85
07/07/2025 17:00,29.45
07/07/2025 18:00,68.72
07/07/2025 19:00,97.32
07/07/2025 20:00,104.29
07/07/2025 21:00,115.18
07/07/2025 22:00,132.06
07/07/2025 23:00,104.86
08/07/2025 0:00,105.97
08/07/2025 1:00,92.90
08/07/2025 2:00,61.00
08/07/2025 3:00,72.78
08/07/2025 4:00,74.67
08/07/2025 5:00,77.16
08/07/2025 6:00,107.99
08/07/2025 7:00,114.10
08/07/2025 8:00,123.60
08/07/2025 9:00,100.00
08/07/2025 10:00,73.55
08/07/2025 11:00,60.68
08/07/2025 12:00,52.59
08/07/2025 13:00,41.70
08/07/2025 14:00,38.39
08/07/2025 15:00,40.69
08/07/2025 16:00,57.22
08/07/2025 17:00,74.53
08/07/2025 18:00,84.10
08/07/2025 19:00,105.64
08/07/2025 20:00,124.98
08/07/2025 21:00,125.76
08/07/2025 22:00,117.44
08/07/2025 23:00,101.64
09/07/2025 0:00,98.41
09/07/2025 1:00,89.17
09/07/2025 2:00,86.37
09/07/2025 3:00,87.71
09/07/2025 4:00,88.42
09/07/2025 5:00,98.20
09/07/2025 6:00,117.11
09/07/2025 7:00,119.02
09/07/2025 8:00,120.90
09/07/2025 9:00,99.01
09/07/2025 10:00,90.97
09/07/2025 11:00,81.14
09/07/2025 12:00,67.96
09/07/2025 13:00,30.38
09/07/2025 14:00,28.22
09/07/2025 15:00,36.91
09/07/2025 16:00,73.35
09/07/2025 17:00,88.70
09/07/2025 18:00,101.99
09/07/2025 19:00,117.12
09/07/2025 20:00,139.48
09/07/2025 21:00,146.61
09/07/2025 22:00,122.00
09/07/2025 23:00,106.06
10/07/2025 0:00,100.91
10/07/2025 1:00,95.73
10/07/2025 2:00,89.10
10/07/2025 3:00,85.28
10/07/2025 4:00,86.02
10/07/2025 5:00,96.03
10/07/2025 6:00,107.61
10/07/2025 7:00,107.54
10/07/2025 8:00,106.43
10/07/2025 9:00,99.59
10/07/2025 10:00,87.10
10/07/2025 11:00,67.02
10/07/2025 12:00,45.15
10/07/2025 13:00,38.97
10/07/2025 14:00,38.55
10/07/2025 15:00,54.91
10/07/2025 16:00,74.94
10/07/2025 17:00,87.77
10/07/2025 18:00,93.05
10/07/2025 19:00,115.00
10/07/2025 20:00,135.69
10/07/2025 21:00,133.95
10/07/2025 22:00,121.22
10/07/2025 23:00,107.69
11/07/2025 0:00,107.33
11/07/2025 1:00,100.10
11/07/2025 2:00,95.00
11/07/2025 3:00,90.69
11/07/2025 4:00,90.00
11/07/2025 5:00,87.06
11/07/2025 6:00,107.41
11/07/2025 7:00,109.90
11/07/2025 8:00,111.50
11/07/2025 9:00,96.81
11/07/2025 10:00,94.16
11/07/2025 11:00,80.11
11/07/2025 12:00,91.74
11/07/2025 13:00,55.34
11/07/2025 14:00,32.04
11/07/2025 15:00,37.67
11/07/2025 16:00,63.42
11/07/2025 17:00,88.71
11/07/2025 18:00,90.18
11/07/2025 19:00,106.12
11/07/2025 20:00,124.52
11/07/2025 21:00,126.49
11/07/2025 22:00,115.97
11/07/2025 23:00,106.05
12/07/2025 0:00,114.53
12/07/2025 1:00,107.49
12/07/2025 2:00,107.13
12/07/2025 3:00,96.87
12/07/2025 4:00,93.02
12/07/2025 5:00,93.51
12/07/2025 6:00,88.25
12/07/2025 7:00,91.20
12/07/2025 8:00,104.64
12/07/2025 9:00,59.84
12/07/2025 10:00,18.19
12/07/2025 11:00,3.00
12/07/2025 12:00,0.22
12/07/2025 13:00,0.00
12/07/2025 14:00,0.00
12/07/2025 15:00,0.22
12/07/2025 16:00,13.37
12/07/2025 17:00,53.42
12/07/2025 18:00,76.81
12/07/2025 19:00,91.37
12/07/2025 20:00,114.72
12/07/2025 21:00,125.02
12/07/2025 22:00,125.00
12/07/2025 23:00,117.46
13/07/2025 0:00,116.57
13/07/2025 1:00,112.60
13/07/2025 2:00,113.67
13/07/2025 3:00,104.83
13/07/2025 4:00,103.91
13/07/2025 5:00,100.85
13/07/2025 6:00,91.24
13/07/2025 7:00,97.00
13/07/2025 8:00,92.13
13/07/2025 9:00,60.17
13/07/2025 10:00,4.28
13/07/2025 11:00,0.05
13/07/2025 12:00,0.00
13/07/2025 13:00,0.00
13/07/2025 14:00,0.00
13/07/2025 15:00,0.00
13/07/2025 16:00,2.58
13/07/2025 17:00,83.83
13/07/2025 18:00,75.00
13/07/2025 19:00,101.54
13/07/2025 20:00,115.00
13/07/2025 21:00,126.55
13/07/2025 22:00,126.94
13/07/2025 23:00,114.88
14/07/2025 0:00,114.02
14/07/2025 1:00,93.89
14/07/2025 2:00,83.03
14/07/2025 3:00,81.44
14/07/2025 4:00,80.45
14/07/2025 5:00,80.06
14/07/2025 6:00,95.95
14/07/2025 7:00,110.00
14/07/2025 8:00,112.09
14/07/2025 9:00,99.69
14/07/2025 10:00,98.29
14/07/2025 11:00,83.38
14/07/2025 12:00,65.68
14/07/2025 13:00,58.46
14/07/2025 14:00,51.31
14/07/2025 15:00,33.25
14/07/2025 16:00,44.93
14/07/2025 17:00,63.98
14/07/2025 18:00,75.02
14/07/2025 19:00,90.42
14/07/2025 20:00,104.52
14/07/2025 21:00,113.31
14/07/2025 22:00,121.50
14/07/2025 23:00,112.70
15/07/2025 0:00,89.45
15/07/2025 1:00,78.05
15/07/2025 2:00,77.14
15/07/2025 3:00,72.99
15/07/2025 4:00,69.74
15/07/2025 5:00,77.57
15/07/2025 6:00,85.44
15/07/2025 7:00,97.26
15/07/2025 8:00,100.00
15/07/2025 9:00,80.55
15/07/2025 10:00,50.47
15/07/2025 11:00,50.51
15/07/2025 12:00,9.35
15/07/2025 13:00,-0.01
15/07/2025 14:00,6.32
15/07/2025 15:00,22.60
15/07/2025 16:00,38.53
15/07/2025 17:00,59.23
15/07/2025 18:00,71.19
15/07/2025 19:00,85.49
15/07/2025 20:00,100.31
15/07/2025 21:00,118.74
15/07/2025 22:00,109.06
15/07/2025 23:00,89.37
16/07/2025 0:00,85.05
16/07/2025 1:00,73.18
16/07/2025 2:00,69.25
16/07/2025 3:00,63.88
16/07/2025 4:00,62.33
16/07/2025 5:00,66.32
16/07/2025 6:00,75.97
16/07/2025 7:00,85.43
16/07/2025 8:00,91.99
16/07/2025 9:00,84.11
16/07/2025 10:00,64.34
16/07/2025 11:00,54.96
16/07/2025 12:00,66.65
16/07/2025 13:00,55.49
16/07/2025 14:00,48.79
16/07/2025 15:00,46.90
16/07/2025 16:00,58.32
16/07/2025 17:00,71.51
16/07/2025 18:00,98.36
16/07/2025 19:00,110.09
16/07/2025 20:00,121.50
16/07/2025 21:00,132.61
16/07/2025 22:00,121.24
16/07/2025 23:00,110.86
17/07/2025 0:00,104.02
17/07/2025 1:00,98.48
17/07/2025 2:00,90.10
17/07/2025 3:00,85.34
17/07/2025 4:00,86.61
17/07/2025 5:00,89.41
17/07/2025 6:00,99.35
17/07/2025 7:00,105.71
17/07/2025 8:00,105.92
17/07/2025 9:00,93.10
17/07/2025 10:00,85.00
17/07/2025 11:00,77.07
17/07/2025 12:00,70.17
17/07/2025 13:00,55.73
17/07/2025 14:00,50.60
17/07/2025 15:00,66.39
17/07/2025 16:00,75.80
17/07/2025 17:00,83.45
17/07/2025 18:00,97.01
17/07/2025 19:00,111.59
17/07/2025 20:00,122.45
17/07/2025 21:00,132.96
17/07/2025 22:00,125.07
17/07/2025 23:00,114.18
18/07/2025 0:00,107.56
18/07/2025 1:00,95.34
18/07/2025 2:00,95.00
18/07/2025 3:00,88.76
18/07/2025 4:00,87.57
18/07/2025 5:00,95.11
18/07/2025 6:00,101.61
18/07/2025 7:00,110.05
18/07/2025 8:00,109.39
18/07/2025 9:00,98.98
18/07/2025 10:00,85.53
18/07/2025 11:00,82.07
18/07/2025 12:00,80.00
18/07/2025 13:00,73.02
18/07/2025 14:00,71.20
18/07/2025 15:00,72.68
18/07/2025 16:00,80.42
18/07/2025 17:00,84.56
18/07/2025 18:00,96.60
18/07/2025 19:00,120.28
18/07/2025 20:00,146.55
18/07/2025 21:00,144.44
18/07/2025 22:00,126.62
18/07/2025 23:00,113.87
19/07/2025 0:00,108.46
19/07/2025 1:00,99.91
19/07/2025 2:00,92.30
19/07/2025 3:00,86.47
19/07/2025 4:00,94.06
19/07/2025 5:00,92.25
19/07/2025 6:00,90.39
19/07/2025 7:00,80.00
19/07/2025 8:00,82.07
19/07/2025 9:00,55.65
19/07/2025 10:00,10.00
19/07/2025 11:00,0.65
19/07/2025 12:00,0.00
19/07/2025 13:00,-0.01
19/07/2025 14:00,0.00
19/07/2025 15:00,2.21
19/07/2025 16:00,31.54
19/07/2025 17:00,85.81
19/07/2025 18:00,73.52
19/07/2025 19:00,97.90
19/07/2025 20:00,119.83
19/07/2025 21:00,111.85
19/07/2025 22:00,106.35
19/07/2025 23:00,99.39
20/07/2025 0:00,80.35
20/07/2025 1:00,86.58
20/07/2025 2:00,96.87
20/07/2025 3:00,89.00
20/07/2025 4:00,97.57
20/07/2025 5:00,94.30
20/07/2025 6:00,92.86
20/07/2025 7:00,86.70
20/07/2025 8:00,86.19
20/07/2025 9:00,83.70
20/07/2025 10:00,20.44
20/07/2025 11:00,4.66
20/07/2025 12:00,0.00
20/07/2025 13:00,-0.01
20/07/2025 14:00,0.00
20/07/2025 15:00,20.56
20/07/2025 16:00,72.23
20/07/2025 17:00,82.93
20/07/2025 18:00,91.74
20/07/2025 19:00,110.00
20/07/2025 20:00,122.34
20/07/2025 21:00,124.09
20/07/2025 22:00,120.01
20/07/2025 23:00,106.70
21/07/2025 0:00,91.37
21/07/2025 1:00,84.81
21/07/2025 2:00,79.60
21/07/2025 3:00,77.10
21/07/2025 4:00,67.43
21/07/2025 5:00,67.29
21/07/2025 6:00,62.07
21/07/2025 7:00,65.65
21/07/2025 8:00,60.29
21/07/2025 9:00,41.49
21/07/2025 10:00,19.78
21/07/2025 11:00,21.78
21/07/2025 12:00,62.10
21/07/2025 13:00,69.01
21/07/2025 14:00,47.29
21/07/2025 15:00,47.56
21/07/2025 16:00,44.90
21/07/2025 17:00,54.78
21/07/2025 18:00,69.00
21/07/2025 19:00,119.69
21/07/2025 20:00,129.21
21/07/2025 21:00,122.00
21/07/2025 22:00,99.80
21/07/2025 23:00,84.65
22/07/2025 0:00,94.47
22/07/2025 1:00,82.34
22/07/2025 2:00,80.00
22/07/2025 3:00,74.22
22/07/2025 4:00,71.99
22/07/2025 5:00,75.00
22/07/2025 6:00,91.87
22/07/2025 7:00,86.91
22/07/2025 8:00,105.20
22/07/2025 9:00,87.56
22/07/2025 10:00,76.71
22/07/2025 11:00,60.03
22/07/2025 12:00,37.62
22/07/2025 13:00,11.49
22/07/2025 14:00,1.01
22/07/2025 15:00,4.69
22/07/2025 16:00,35.06
22/07/2025 17:00,63.35
22/07/2025 18:00,77.52
22/07/2025 19:00,98.70
22/07/2025 20:00,113.37
22/07/2025 21:00,113.64
22/07/2025 22:00,108.77
22/07/2025 23:00,103.27
23/07/2025 0:00,88.65
23/07/2025 1:00,81.11
23/07/2025 2:00,79.43
23/07/2025 3:00,77.17
23/07/2025 4:00,78.36
23/07/2025 5:00,80.00
23/07/2025 6:00,91.78
23/07/2025 7:00,100.05
23/07/2025 8:00,96.50
23/07/2025 9:00,83.88
23/07/2025 10:00,79.74
23/07/2025 11:00,73.07
23/07/2025 12:00,70.36
23/07/2025 13:00,51.89
23/07/2025 14:00,46.78
23/07/2025 15:00,50.57
23/07/2025 16:00,69.56
23/07/2025 17:00,80.07
23/07/2025 18:00,88.78
23/07/2025 19:00,104.60
23/07/2025 20:00,111.60
23/07/2025 21:00,117.86
23/07/2025 22:00,110.10
23/07/2025 23:00,101.48
24/07/2025 0:00,96.69
24/07/2025 1:00,89.90
24/07/2025 2:00,84.69
24/07/2025 3:00,79.10
24/07/2025 4:00,86.72
24/07/2025 5:00,90.47
24/07/2025 6:00,97.34
24/07/2025 7:00,96.95
24/07/2025 8:00,102.58
24/07/2025 9:00,95.00
24/07/2025 10:00,85.00
24/07/2025 11:00,80.13
24/07/2025 12:00,79.66
24/07/2025 13:00,70.16
24/07/2025 14:00,70.17
24/07/2025 15:00,74.22
24/07/2025 16:00,78.26
24/07/2025 17:00,87.77
24/07/2025 18:00,88.97
24/07/2025 19:00,103.65
24/07/2025 20:00,116.93
24/07/2025 21:00,112.83
24/07/2025 22:00,113.20
24/07/2025 23:00,105.30
25/07/2025 0:00,98.74
25/07/2025 1:00,102.17
25/07/2025 2:00,92.96
25/07/2025 3:00,85.23
25/07/2025 4:00,86.90
25/07/2025 5:00,90.53
25/07/2025 6:00,91.60
25/07/2025 7:00,95.56
25/07/2025 8:00,109.67
25/07/2025 9:00,95.66
25/07/2025 10:00,87.20
25/07/2025 11:00,82.91
25/07/2025 12:00,80.43
25/07/2025 13:00,69.40
25/07/2025 14:00,63.43
25/07/2025 15:00,70.98
25/07/2025 16:00,73.70
25/07/2025 17:00,78.59
25/07/2025 18:00,85.99
25/07/2025 19:00,96.11
25/07/2025 20:00,114.20
25/07/2025 21:00,111.13
25/07/2025 22:00,113.32
25/07/2025 23:00,100.00
26/07/2025 0:00,108.38
26/07/2025 1:00,98.37
26/07/2025 2:00,90.66
26/07/2025 3:00,87.77
26/07/2025 4:00,85.27
26/07/2025 5:00,85.11
26/07/2025 6:00,88.26
26/07/2025 7:00,86.87
26/07/2025 8:00,82.66
26/07/2025 9:00,73.87
26/07/2025 10:00,65.63
26/07/2025 11:00,61.33
26/07/2025 12:00,55.53
26/07/2025 13:00,42.04
26/07/2025 14:00,40.86
26/07/2025 15:00,54.45
26/07/2025 16:00,59.43
26/07/2025 17:00,69.58
26/07/2025 18:00,82.12
26/07/2025 19:00,97.21
26/07/2025 20:00,101.59
26/07/2025 21:00,116.72
26/07/2025 22:00,118.36
26/07/2025 23:00,106.20
27/07/2025 0:00,106.04
27/07/2025 1:00,92.44
27/07/2025 2:00,95.01
27/07/2025 3:00,77.73
27/07/2025 4:00,74.50
27/07/2025 5:00,75.00
27/07/2025 6:00,77.51
27/07/2025 7:00,77.03
27/07/2025 8:00,83.76
27/07/2025 9:00,81.45
27/07/2025 10:00,69.05
27/07/2025 11:00,66.35
27/07/2025 12:00,44.32
27/07/2025 13:00,15.04
27/07/2025 14:00,8.85
27/07/2025 15:00,16.08
27/07/2025 16:00,42.60
27/07/2025 17:00,63.38
27/07/2025 18:00,58.00
27/07/2025 19:00,97.29
27/07/2025 20:00,109.48
27/07/2025 21:00,98.70
27/07/2025 22:00,101.34
27/07/2025 23:00,95.22
28/07/2025 0:00,89.10
28/07/2025 1:00,79.24
28/07/2025 2:00,77.00
28/07/2025 3:00,74.07
28/07/2025 4:00,73.47
28/07/2025 5:00,62.88
28/07/2025 6:00,75.00
28/07/2025 7:00,115.00
28/07/2025 8:00,95.93
28/07/2025 9:00,83.27
28/07/2025 10:00,75.08
28/07/2025 11:00,71.09
28/07/2025 12:00,64.38
28/07/2025 13:00,60.58
28/07/2025 14:00,51.16
28/07/2025 15:00,54.95
28/07/2025 16:00,58.39
28/07/2025 17:00,68.80
28/07/2025 18:00,82.00
28/07/2025 19:00,97.42
28/07/2025 20:00,115.61
28/07/2025 21:00,116.53
28/07/2025 22:00,106.12
28/07/2025 23:00,88.39
29/07/2025 0:00,83.19
29/07/2025 1:00,77.95
29/07/2025 2:00,76.92
29/07/2025 3:00,75.36
29/07/2025 4:00,75.72
29/07/2025 5:00,85.17
29/07/2025 6:00,96.88
29/07/2025 7:00,105.82
29/07/2025 8:00,99.02
29/07/2025 9:00,74.13
29/07/2025 10:00,58.67
29/07/2025 11:00,48.98
29/07/2025 12:00,25.77
29/07/2025 13:00,4.60
29/07/2025 14:00,2.03
29/07/2025 15:00,7.09
29/07/2025 16:00,41.37
29/07/2025 17:00,74.83
29/07/2025 18:00,88.85
29/07/2025 19:00,108.04
29/07/2025 20:00,129.21
29/07/2025 21:00,127.43
29/07/2025 22:00,112.34
29/07/2025 23:00,103.00
30/07/2025 0:00,89.99
30/07/2025 1:00,86.01
30/07/2025 2:00,83.56
30/07/2025 3:00,71.99
30/07/2025 4:00,71.70
30/07/2025 5:00,80.55
30/07/2025 6:00,93.50
30/07/2025 7:00,92.93
30/07/2025 8:00,95.45
30/07/2025 9:00,80.10
30/07/2025 10:00,62.20
30/07/2025 11:00,40.35
30/07/2025 12:00,24.79
30/07/2025 13:00,17.69
30/07/2025 14:00,10.70
30/07/2025 15:00,26.97
30/07/2025 16:00,38.93
30/07/2025 17:00,64.03
30/07/2025 18:00,80.03
30/07/2025 19:00,102.71
30/07/2025 20:00,112.97
30/07/2025 21:00,110.45
30/07/2025 22:00,104.20
30/07/2025 23:00,93.02
31/07/2025 0:00,89.60
31/07/2025 1:00,83.19
31/07/2025 2:00,79.35
31/07/2025 3:00,78.10
31/07/2025 4:00,77.20
31/07/2025 5:00,81.46
31/07/2025 6:00,99.46
31/07/2025 7:00,100.51
31/07/2025 8:00,94.11
31/07/2025 9:00,90.89
31/07/2025 10:00,68.94
31/07/2025 11:00,63.84
31/07/2025 12:00,56.80
31/07/2025 13:00,41.30
31/07/2025 14:00,32.39
31/07/2025 15:00,47.89
31/07/2025 16:00,66.75
31/07/2025 17:00,82.34
31/07/2025 18:00,94.93
31/07/2025 19:00,114.00
31/07/2025 20:00,130.10
31/07/2025 21:00,125.71
31/07/2025 22:00,114.39
31/07/2025 23:00,103.00
01/08/2025 0:00,104.85
01/08/2025 1:00,97.06
01/08/2025 2:00,89.08
01/08/2025 3:00,84.66
01/08/2025 4:00,76.59
01/08/2025 5:00,84.86
01/08/2025 6:00,92.96
01/08/2025 7:00,104.42
01/08/2025 8:00,106.64
01/08/2025 9:00,92.80
01/08/2025 10:00,95.40
01/08/2025 11:00,81.53
01/08/2025 12:00,64.84
01/08/2025 13:00,51.79
01/08/2025 14:00,41.29
01/08/2025 15:00,39.59
01/08/2025 16:00,55.84
01/08/2025 17:00,56.13
01/08/2025 18:00,81.50
01/08/2025 19:00,95.31
01/08/2025 20:00,104.72
01/08/2025 21:00,112.35
01/08/2025 22:00,107.58
01/08/2025 23:00,100.11
02/08/2025 0:00,100.77
02/08/2025 1:00,87.46
02/08/2025 2:00,81.55
02/08/2025 3:00,72.28
02/08/2025 4:00,69.35
02/08/2025 5:00,69.81
02/08/2025 6:00,71.27
02/08/2025 7:00,68.06
02/08/2025 8:00,59.00
02/08/2025 9:00,49.82
02/08/2025 10:00,27.22
02/08/2025 11:00,5.68
02/08/2025 12:00,2.95
02/08/2025 13:00,0.00
02/08/2025 14:00,0.00
02/08/2025 15:00,0.00
02/08/2025 16:00,3.89
02/08/2025 17:00,46.95
02/08/2025 18:00,76.41
02/08/2025 19:00,105.97
02/08/2025 20:00,113.35
02/08/2025 21:00,109.27
02/08/2025 22:00,104.83
02/08/2025 23:00,96.42
03/08/2025 0:00,85.51
03/08/2025 1:00,77.07
03/08/2025 2:00,71.82
03/08/2025 3:00,64.08
03/08/2025 4:00,60.95
03/08/2025 5:00,56.49
03/08/2025 6:00,45.10
03/08/2025 7:00,27.20
03/08/2025 8:00,6.16
03/08/2025 9:00,0.00
03/08/2025 10:00,-1.01
03/08/2025 11:00,-2.10
03/08/2025 12:00,-3.00
03/08/2025 13:00,-9.90
03/08/2025 14:00,-10.08
03/08/2025 15:00,-4.98
03/08/2025 16:00,-1.50
03/08/2025 17:00,2.71
03/08/2025 18:00,38.46
03/08/2025 19:00,86.34
03/08/2025 20:00,99.52
03/08/2025 21:00,96.05
03/08/2025 22:00,97.35
03/08/2025 23:00,85.09
04/08/2025 0:00,81.02
04/08/2025 1:00,70.07
04/08/2025 2:00,69.97
04/08/2025 3:00,78.27
04/08/2025 4:00,74.76
04/08/2025 5:00,84.18
04/08/2025 6:00,96.55
04/08/2025 7:00,106.51
04/08/2025 8:00,105.06
04/08/2025 9:00,97.05
04/08/2025 10:00,66.00
04/08/2025 11:00,33.46
04/08/2025 12:00,10.49
04/08/2025 13:00,4.05
04/08/2025 14:00,0.65
04/08/2025 15:00,-0.65
04/08/2025 16:00,5.57
04/08/2025 17:00,16.69
04/08/2025 18:00,45.39
04/08/2025 19:00,73.12
04/08/2025 20:00,75.05
04/08/2025 21:00,73.77
04/08/2025 22:00,67.05
04/08/2025 23:00,48.91
05/08/2025 0:00,14.14
05/08/2025 1:00,11.40
05/08/2025 2:00,11.77
05/08/2025 3:00,17.80
05/08/2025 4:00,40.39
05/08/2025 5:00,33.19
05/08/2025 6:00,40.27
05/08/2025 7:00,41.45
05/08/2025 8:00,34.74
05/08/2025 9:00,1.67
05/08/2025 10:00,-2.55
05/08/2025 11:00,-6.58
05/08/2025 12:00,-14.20
05/08/2025 13:00,-35.30
05/08/2025 14:00,-25.76
05/08/2025 15:00,-14.70
05/08/2025 16:00,-14.15
05/08/2025 17:00,-1.71
05/08/2025 18:00,1.31
05/08/2025 19:00,58.26
05/08/2025 20:00,81.11
05/08/2025 21:00,93.21
05/08/2025 22:00,90.36
05/08/2025 23:00,78.52
06/08/2025 0:00,76.75
06/08/2025 1:00,48.74
06/08/2025 2:00,46.13
06/08/2025 3:00,44.18
06/08/2025 4:00,50.00
06/08/2025 5:00,65.88
06/08/2025 6:00,105.76
06/08/2025 7:00,103.91
06/08/2025 8:00,90.00
06/08/2025 9:00,30.57
06/08/2025 10:00,-0.01
06/08/2025 11:00,-1.00
06/08/2025 12:00,-1.00
06/08/2025 13:00,-2.20
06/08/2025 14:00,-1.02
06/08/2025 15:00,0.15
06/08/2025 16:00,1.94
06/08/2025 17:00,52.05
06/08/2025 18:00,92.67
06/08/2025 19:00,109.51
06/08/2025 20:00,139.01
06/08/2025 21:00,154.51
06/08/2025 22:00,110.00
06/08/2025 23:00,98.58
07/08/2025 0:00,95.91
07/08/2025 1:00,83.75
07/08/2025 2:00,71.80
07/08/2025 3:00,68.57
07/08/2025 4:00,65.24
07/08/2025 5:00,64.26
07/08/2025 6:00,71.49
07/08/2025 7:00,87.04
07/08/2025 8:00,85.44
07/08/2025 9:00,73.90
07/08/2025 10:00,22.23
07/08/2025 11:00,0.00
07/08/2025 12:00,-0.03
07/08/2025 13:00,-0.18
07/08/2025 14:00,-0.19
07/08/2025 15:00,-0.01
07/08/2025 16:00,2.00
07/08/2025 17:00,56.49
07/08/2025 18:00,80.57
07/08/2025 19:00,103.10
07/08/2025 20:00,116.05
07/08/2025 21:00,118.30
07/08/2025 22:00,110.00
07/08/2025 23:00,101.28
08/08/2025 0:00,82.51
08/08/2025 1:00,75.60
08/08/2025 2:00,70.03
08/08/2025 3:00,65.44
08/08/2025 4:00,69.90
08/08/2025 5:00,79.44
08/08/2025 6:00,90.75
08/08/2025 7:00,97.15
08/08/2025 8:00,100.46
08/08/2025 9:00,88.28
08/08/2025 10:00,65.17
08/08/2025 11:00,8.39
08/08/2025 12:00,0.00
08/08/2025 13:00,-0.01
08/08/2025 14:00,-0.02
08/08/2025 15:00,-0.01
08/08/2025 16:00,10.49
08/08/2025 17:00,60.51
08/08/2025 18:00,84.52
08/08/2025 19:00,108.85
08/08/2025 20:00,126.68
08/08/2025 21:00,124.62
08/08/2025 22:00,110.00
08/08/2025 23:00,101.74
09/08/2025 0:00,93.55
09/08/2025 1:00,84.24
09/08/2025 2:00,75.85
09/08/2025 3:00,68.12
09/08/2025 4:00,67.37
09/08/2025 5:00,68.82
09/08/2025 6:00,79.90
09/08/2025 7:00,69.94
09/08/2025 8:00,57.31
09/08/2025 9:00,15.34
09/08/2025 10:00,-0.02
09/08/2025 11:00,-1.00
09/08/2025 12:00,-7.05
09/08/2025 13:00,-23.96
09/08/2025 14:00,-24.49
09/08/2025 15:00,-4.34
09/08/2025 16:00,-0.05
09/08/2025 17:00,3.30
09/08/2025 18:00,54.99
09/08/2025 19:00,85.84
09/08/2025 20:00,104.88
09/08/2025 21:00,100.06
09/08/2025 22:00,97.00
09/08/2025 23:00,93.93
10/08/2025 0:00,85.40
10/08/2025 1:00,84.63
10/08/2025 2:00,85.29
10/08/2025 3:00,80.47
10/08/2025 4:00,83.71
10/08/2025 5:00,87.00
10/08/2025 6:00,85.48
10/08/2025 7:00,76.60
10/08/2025 8:00,27.11
10/08/2025 9:00,-0.01
10/08/2025 10:00,-2.64
10/08/2025 11:00,-15.60
10/08/2025 12:00,-69.63
10/08/2025 13:00,-63.25
10/08/2025 14:00,-50.97
10/08/2025 15:00,-21.43
10/08/2025 16:00,-1.19
10/08/2025 17:00,1.94
10/08/2025 18:00,74.98
10/08/2025 19:00,92.64
10/08/2025 20:00,119.97
10/08/2025 21:00,115.80
10/08/2025 22:00,100.99
10/08/2025 23:00,93.20
11/08/2025 0:00,71.02
11/08/2025 1:00,70.00
11/08/2025 2:00,70.00
11/08/2025 3:00,70.20
11/08/2025 4:00,67.99
11/08/2025 5:00,73.70
11/08/2025 6:00,98.60
11/08/2025 7:00,101.64
11/08/2025 8:00,91.69
11/08/2025 9:00,85.66
11/08/2025 10:00,50.10
11/08/2025 11:00,2.54
11/08/2025 12:00,0.00
11/08/2025 13:00,0.00
11/08/2025 14:00,0.00
11/08/2025 15:00,9.00
11/08/2025 16:00,49.17
11/08/2025 17:00,72.13
11/08/2025 18:00,97.36
11/08/2025 19:00,132.81
11/08/2025 20:00,157.49
11/08/2025 21:00,138.90
11/08/2025 22:00,108.87
11/08/2025 23:00,96.00
12/08/2025 0:00,93.00
12/08/2025 1:00,89.67
12/08/2025 2:00,85.41
12/08/2025 3:00,81.44
12/08/2025 4:00,76.32
12/08/2025 5:00,77.46
12/08/2025 6:00,87.88
12/08/2025 7:00,104.63
12/08/2025 8:00,98.65
12/08/2025 9:00,92.76
12/08/2025 10:00,80.39
12/08/2025 11:00,40.94
12/08/2025 12:00,8.38
12/08/2025 13:00,3.00
12/08/2025 14:00,5.15
12/08/2025 15:00,35.05
12/08/2025 16:00,67.49
12/08/2025 17:00,94.31
12/08/2025 18:00,97.91
12/08/2025 19:00,149.00
12/08/2025 20:00,156.00
12/08/2025 21:00,140.55
12/08/2025 22:00,123.00
12/08/2025 23:00,102.30
13/08/2025 0:00,100.00
13/08/2025 1:00,90.00
13/08/2025 2:00,86.89
13/08/2025 3:00,84.71
13/08/2025 4:00,87.07
13/08/2025 5:00,92.98
13/08/2025 6:00,106.30
13/08/2025 7:00,105.00
13/08/2025 8:00,105.91
13/08/2025 9:00,93.21
13/08/2025 10:00,89.26
13/08/2025 11:00,69.00
13/08/2025 12:00,63.48
13/08/2025 13:00,44.73
13/08/2025 14:00,43.34
13/08/2025 15:00,70.90
13/08/2025 16:00,84.30
13/08/2025 17:00,96.64
13/08/2025 18:00,115.49
13/08/2025 19:00,167.73
13/08/2025 20:00,208.92
13/08/2025 21:00,154.56
13/08/2025 22:00,123.21
13/08/2025 23:00,106.27
14/08/2025 0:00,98.10
14/08/2025 1:00,92.00
14/08/2025 2:00,88.45
14/08/2025 3:00,84.35
14/08/2025 4:00,84.95
14/08/2025 5:00,86.68
14/08/2025 6:00,93.91
14/08/2025 7:00,106.77
14/08/2025 8:00,99.40
14/08/2025 9:00,91.04
14/08/2025 10:00,81.04
14/08/2025 11:00,67.42
14/08/2025 12:00,53.95
14/08/2025 13:00,40.96
14/08/2025 14:00,54.90
14/08/2025 15:00,69.43
14/08/2025 16:00,78.99
14/08/2025 17:00,89.54
14/08/2025 18:00,106.93
14/08/2025 19:00,166.00
14/08/2025 20:00,221.80
14/08/2025 21:00,156.58
14/08/2025 22:00,120.73
14/08/2025 23:00,105.95
15/08/2025 0:00,94.13
15/08/2025 1:00,89.93
15/08/2025 2:00,89.83
15/08/2025 3:00,84.70
15/08/2025 4:00,90.00
15/08/2025 5:00,84.70
15/08/2025 6:00,90.86
15/08/2025 7:00,91.79
15/08/2025 8:00,98.14
15/08/2025 9:00,85.50
15/08/2025 10:00,41.94
15/08/2025 11:00,3.00
15/08/2025 12:00,0.08
15/08/2025 13:00,0.00
15/08/2025 14:00,0.00
15/08/2025 15:00,1.72
15/08/2025 16:00,24.89
15/08/2025 17:00,50.40
15/08/2025 18:00,78.37
15/08/2025 19:00,115.31
15/08/2025 20:00,124.94
15/08/2025 21:00,112.13
15/08/2025 22:00,106.13
15/08/2025 23:00,96.12
16/08/2025 0:00,97.58
16/08/2025 1:00,92.13
16/08/2025 2:00,85.05
16/08/2025 3:00,72.32
16/08/2025 4:00,66.69
16/08/2025 5:00,72.40
16/08/2025 6:00,76.74
16/08/2025 7:00,72.63
16/08/2025 8:00,82.77
16/08/2025 9:00,81.76
16/08/2025 10:00,26.90
16/08/2025 11:00,3.80
16/08/2025 12:00,0.17
16/08/2025 13:00,-0.01
16/08/2025 14:00,-0.01
16/08/2025 15:00,-0.01
16/08/2025 16:00,1.87
16/08/2025 17:00,18.43
16/08/2025 18:00,69.16
16/08/2025 19:00,91.51
16/08/2025 20:00,104.53
16/08/2025 21:00,101.41
16/08/2025 22:00,95.05
16/08/2025 23:00,88.71
17/08/2025 0:00,92.74
17/08/2025 1:00,86.90
17/08/2025 2:00,80.00
17/08/2025 3:00,74.11
17/08/2025 4:00,79.46
17/08/2025 5:00,77.76
17/08/2025 6:00,72.69
17/08/2025 7:00,72.80
17/08/2025 8:00,78.72
17/08/2025 9:00,37.45
17/08/2025 10:00,9.80
17/08/2025 11:00,1.64
17/08/2025 12:00,1.23
17/08/2025 13:00,0.44
17/08/2025 14:00,0.58
17/08/2025 15:00,0.65
17/08/2025 16:00,8.59
17/08/2025 17:00,71.33
17/08/2025 18:00,77.22
17/08/2025 19:00,105.08
17/08/2025 20:00,110.06
17/08/2025 21:00,109.59
17/08/2025 22:00,104.18
17/08/2025 23:00,100.78
18/08/2025 0:00,91.99
18/08/2025 1:00,80.24
18/08/2025 2:00,83.07
18/08/2025 3:00,81.63
18/08/2025 4:00,88.44
18/08/2025 5:00,81.36
18/08/2025 6:00,102.00
18/08/2025 7:00,128.13
18/08/2025 8:00,119.00
18/08/2025 9:00,93.39
18/08/2025 10:00,86.26
18/08/2025 11:00,45.93
18/08/2025 12:00,20.04
18/08/2025 13:00,14.23
18/08/2025 14:00,18.34
18/08/2025 15:00,54.56
18/08/2025 16:00,70.98
18/08/2025 17:00,86.78
18/08/2025 18:00,101.86
18/08/2025 19:00,131.88
18/08/2025 20:00,153.12
18/08/2025 21:00,124.79
18/08/2025 22:00,104.90
18/08/2025 23:00,86.82
19/08/2025 0:00,97.02
19/08/2025 1:00,85.78
19/08/2025 2:00,79.93
19/08/2025 3:00,76.33
19/08/2025 4:00,77.78
19/08/2025 5:00,89.08
19/08/2025 6:00,98.64
19/08/2025 7:00,108.86
19/08/2025 8:00,98.05
19/08/2025 9:00,88.57
19/08/2025 10:00,69.64
19/08/2025 11:00,43.23
19/08/2025 12:00,25.12
19/08/2025 13:00,13.42
19/08/2025 14:00,15.02
19/08/2025 15:00,40.54
19/08/2025 16:00,58.18
19/08/2025 17:00,74.86
19/08/2025 18:00,74.23
19/08/2025 19:00,106.73
19/08/2025 20:00,110.59
19/08/2025 21:00,103.63
19/08/2025 22:00,100.78
19/08/2025 23:00,89.93
20/08/2025 0:00,90.59
20/08/2025 1:00,83.94
20/08/2025 2:00,77.31
20/08/2025 3:00,76.22
20/08/2025 4:00,79.83
20/08/2025 5:00,87.33
20/08/2025 6:00,90.99
20/08/2025 7:00,103.00
20/08/2025 8:00,104.98
20/08/2025 9:00,88.75
20/08/2025 10:00,82.80
20/08/2025 11:00,67.65
20/08/2025 12:00,49.05
20/08/2025 13:00,35.00
20/08/2025 14:00,36.14
20/08/2025 15:00,47.30
20/08/2025 16:00,51.42
20/08/2025 17:00,65.63
20/08/2025 18:00,99.00
20/08/2025 19:00,119.13
20/08/2025 20:00,122.90
20/08/2025 21:00,110.89
20/08/2025 22:00,101.57
20/08/2025 23:00,90.41
21/08/2025 0:00,71.88
21/08/2025 1:00,65.00
21/08/2025 2:00,75.32
21/08/2025 3:00,75.80
21/08/2025 4:00,78.82
21/08/2025 5:00,89.80
21/08/2025 6:00,93.08
21/08/2025 7:00,111.80
21/08/2025 8:00,91.96
21/08/2025 9:00,83.42
21/08/2025 10:00,68.40
21/08/2025 11:00,58.40
21/08/2025 12:00,50.86
21/08/2025 13:00,31.71
21/08/2025 14:00,28.29
21/08/2025 15:00,37.68
21/08/2025 16:00,52.99
21/08/2025 17:00,45.16
21/08/2025 18:00,62.45
21/08/2025 19:00,100.44
21/08/2025 20:00,115.15
21/08/2025 21:00,113.10
21/08/2025 22:00,108.40
21/08/2025 23:00,98.70
22/08/2025 0:00,90.68
22/08/2025 1:00,83.85
22/08/2025 2:00,80.42
22/08/2025 3:00,79.70
22/08/2025 4:00,80.48
22/08/2025 5:00,77.19
22/08/2025 6:00,104.20
22/08/2025 7:00,105.96
22/08/2025 8:00,104.07
22/08/2025 9:00,101.04
22/08/2025 10:00,102.82
22/08/2025 11:00,92.46
22/08/2025 12:00,59.67
22/08/2025 13:00,43.30
22/08/2025 14:00,27.73
22/08/2025 15:00,27.00
22/08/2025 16:00,61.00
22/08/2025 17:00,89.00
22/08/2025 18:00,96.85
22/08/2025 19:00,107.72
22/08/2025 20:00,113.67
22/08/2025 21:00,108.04
22/08/2025 22:00,103.20
22/08/2025 23:00,94.37
23/08/2025 0:00,95.33
23/08/2025 1:00,89.32
23/08/2025 2:00,88.59
23/08/2025 3:00,86.06
23/08/2025 4:00,86.72
23/08/2025 5:00,86.39
23/08/2025 6:00,86.93
23/08/2025 7:00,86.82
23/08/2025 8:00,90.00
23/08/2025 9:00,75.93
23/08/2025 10:00,21.38
23/08/2025 11:00,3.73
23/08/2025 12:00,2.18
23/08/2025 13:00,1.15
23/08/2025 14:00,0.93
23/08/2025 15:00,3.52
23/08/2025 16:00,12.14
23/08/2025 17:00,68.91
23/08/2025 18:00,97.19
23/08/2025 19:00,112.45
23/08/2025 20:00,122.53
23/08/2025 21:00,120.70
23/08/2025 22:00,111.16
23/08/2025 23:00,105.29
24/08/2025 0:00,100.50
24/08/2025 1:00,95.14
24/08/2025 2:00,94.93
24/08/2025 3:00,92.74
24/08/2025 4:00,91.93
24/08/2025 5:00,91.40
24/08/2025 6:00,90.00
24/08/2025 7:00,85.23
24/08/2025 8:00,87.73
24/08/2025 9:00,4.77
24/08/2025 10:00,-0.01
24/08/2025 11:00,-0.07
24/08/2025 12:00,-1.98
24/08/2025 13:00,-7.45
24/08/2025 14:00,-7.40
24/08/2025 15:00,-0.10
24/08/2025 16:00,0.00
24/08/2025 17:00,48.80
24/08/2025 18:00,94.30
24/08/2025 19:00,111.56
24/08/2025 20:00,117.57
24/08/2025 21:00,114.32
24/08/2025 22:00,107.50
24/08/2025 23:00,100.52
25/08/2025 0:00,95.28
25/08/2025 1:00,87.03
25/08/2025 2:00,84.79
25/08/2025 3:00,80.77
25/08/2025 4:00,76.08
25/08/2025 5:00,88.53
25/08/2025 6:00,110.72
25/08/2025 7:00,125.00
25/08/2025 8:00,110.68
25/08/2025 9:00,91.97
25/08/2025 10:00,73.20
25/08/2025 11:00,35.02
25/08/2025 12:00,10.00
25/08/2025 13:00,5.93
25/08/2025 14:00,6.78
25/08/2025 15:00,25.20
25/08/2025 16:00,56.51
25/08/2025 17:00,83.55
25/08/2025 18:00,102.01
25/08/2025 19:00,144.85
25/08/2025 20:00,189.87
25/08/2025 21:00,136.07
25/08/2025 22:00,115.04
25/08/2025 23:00,105.15
26/08/2025 0:00,98.52
26/08/2025 1:00,95.67
26/08/2025 2:00,87.79
26/08/2025 3:00,84.16
26/08/2025 4:00,83.61
26/08/2025 5:00,78.51
26/08/2025 6:00,93.45
26/08/2025 7:00,101.94
26/08/2025 8:00,100.40
26/08/2025 9:00,90.00
26/08/2025 10:00,77.45
26/08/2025 11:00,61.11
26/08/2025 12:00,41.59
26/08/2025 13:00,26.28
26/08/2025 14:00,38.05
26/08/2025 15:00,69.19
26/08/2025 16:00,80.00
26/08/2025 17:00,93.33
26/08/2025 18:00,94.30
26/08/2025 19:00,122.00
26/08/2025 20:00,138.00
26/08/2025 21:00,123.37
26/08/2025 22:00,109.48
26/08/2025 23:00,97.79
27/08/2025 0:00,97.67
27/08/2025 1:00,90.00
27/08/2025 2:00,86.54
27/08/2025 3:00,86.91
27/08/2025 4:00,89.45
27/08/2025 5:00,97.13
27/08/2025 6:00,109.87
27/08/2025 7:00,118.00
27/08/2025 8:00,113.64
27/08/2025 9:00,101.63
27/08/2025 10:00,85.42
27/08/2025 11:00,78.85
27/08/2025 12:00,64.00
27/08/2025 13:00,50.25
27/08/2025 14:00,50.85
27/08/2025 15:00,73.36
27/08/2025 16:00,79.10
27/08/2025 17:00,97.53
27/08/2025 18:00,104.60
27/08/2025 19:00,135.98
27/08/2025 20:00,162.30
27/08/2025 21:00,127.51
27/08/2025 22:00,113.63
27/08/2025 23:00,103.57
28/08/2025 0:00,97.15
28/08/2025 1:00,91.38
28/08/2025 2:00,87.33
28/08/2025 3:00,82.88
28/08/2025 4:00,83.86
28/08/2025 5:00,85.23
28/08/2025 6:00,98.22
28/08/2025 7:00,124.11
28/08/2025 8:00,118.60
28/08/2025 9:00,95.00
28/08/2025 10:00,94.89
28/08/2025 11:00,86.16
28/08/2025 12:00,79.94
28/08/2025 13:00,75.12
28/08/2025 14:00,74.63
28/08/2025 15:00,73.64
28/08/2025 16:00,69.14
28/08/2025 17:00,50.08
28/08/2025 18:00,77.24
28/08/2025 19:00,93.62
28/08/2025 20:00,104.31
28/08/2025 21:00,102.11
28/08/2025 22:00,99.47
28/08/2025 23:00,86.09
29/08/2025 0:00,84.31
29/08/2025 1:00,73.24
29/08/2025 2:00,73.34
29/08/2025 3:00,63.88
29/08/2025 4:00,62.50
29/08/2025 5:00,69.11
29/08/2025 6:00,62.93
29/08/2025 7:00,79.08
29/08/2025 8:00,80.14
29/08/2025 9:00,66.28
29/08/2025 10:00,60.84
29/08/2025 11:00,54.80
29/08/2025 12:00,48.08
29/08/2025 13:00,37.88
29/08/2025 14:00,42.00
29/08/2025 15:00,56.13
29/08/2025 16:00,61.69
29/08/2025 17:00,76.59
29/08/2025 18:00,60.24
29/08/2025 19:00,96.35
29/08/2025 20:00,95.50
29/08/2025 21:00,82.44
29/08/2025 22:00,95.00
29/08/2025 23:00,86.27
30/08/2025 0:00,84.50
30/08/2025 1:00,76.27
30/08/2025 2:00,75.65
30/08/2025 3:00,81.51
30/08/2025 4:00,69.38
30/08/2025 5:00,68.62
30/08/2025 6:00,76.19
30/08/2025 7:00,72.00
30/08/2025 8:00,78.50
30/08/2025 9:00,64.08
30/08/2025 10:00,29.15
30/08/2025 11:00,5.23
30/08/2025 12:00,0.00
30/08/2025 13:00,-0.01
30/08/2025 14:00,-0.01
30/08/2025 15:00,-0.36
30/08/2025 16:00,7.00
30/08/2025 17:00,59.12
30/08/2025 18:00,78.34
30/08/2025 19:00,84.61
30/08/2025 20:00,93.69
30/08/2025 21:00,75.00
30/08/2025 22:00,68.32
30/08/2025 23:00,60.03
31/08/2025 0:00,44.91
31/08/2025 1:00,39.27
31/08/2025 2:00,35.55
31/08/2025 3:00,31.34
31/08/2025 4:00,29.04
31/08/2025 5:00,47.14
31/08/2025 6:00,48.05
31/08/2025 7:00,48.14
31/08/2025 8:00,22.25
31/08/2025 9:00,4.78
31/08/2025 10:00,0.03
31/08/2025 11:00,0.01
31/08/2025 12:00,-0.07
31/08/2025 13:00,-0.93
31/08/2025 14:00,-0.60
31/08/2025 15:00,0.00
31/08/2025 16:00,18.78
31/08/2025 17:00,56.39
31/08/2025 18:00,65.59
31/08/2025 19:00,82.08
31/08/2025 20:00,88.16
31/08/2025 21:00,89.81
31/08/2025 22:00,83.82
31/08/2025 23:00,73.18
01/09/2025 0:00,70.06
01/09/2025 1:00,65.71
01/09/2025 2:00,66.14
01/09/2025 3:00,61.70
01/09/2025 4:00,61.85
01/09/2025 5:00,71.14
01/09/2025 6:00,67.63
01/09/2025 7:00,96.06
01/09/2025 8:00,97.33
01/09/2025 9:00,78.97
01/09/2025 10:00,48.79
01/09/2025 11:00,35.50
01/09/2025 12:00,32.00
01/09/2025 13:00,12.84
01/09/2025 14:00,21.62
01/09/2025 15:00,42.51
01/09/2025 16:00,38.36
01/09/2025 17:00,75.00
01/09/2025 18:00,67.26
01/09/2025 19:00,111.30
01/09/2025 20:00,130.19
01/09/2025 21:00,100.00
01/09/2025 22:00,98.42
01/09/2025 23:00,86.32
02/09/2025 0:00,69.00
02/09/2025 1:00,55.83
02/09/2025 2:00,67.99
02/09/2025 3:00,62.01
02/09/2025 4:00,64.84
02/09/2025 5:00,66.80
02/09/2025 6:00,73.19
02/09/2025 7:00,103.20
02/09/2025 8:00,113.92
02/09/2025 9:00,90.00
02/09/2025 10:00,47.61
02/09/2025 11:00,64.71
02/09/2025 12:00,60.21
02/09/2025 13:00,32.01
02/09/2025 14:00,31.29
02/09/2025 15:00,34.42
02/09/2025 16:00,42.27
02/09/2025 17:00,53.15
02/09/2025 18:00,83.58
02/09/2025 19:00,157.60
02/09/2025 20:00,136.69
02/09/2025 21:00,77.38
02/09/2025 22:00,74.99
02/09/2025 23:00,60.00
03/09/2025 0:00,77.72
03/09/2025 1:00,43.65
03/09/2025 2:00,39.69
03/09/2025 3:00,36.51
03/09/2025 4:00,33.38
03/09/2025 5:00,39.08
03/09/2025 6:00,48.98
03/09/2025 7:00,58.80
03/09/2025 8:00,69.37
03/09/2025 9:00,46.08
03/09/2025 10:00,12.62
03/09/2025 11:00,-0.01
03/09/2025 12:00,-0.18
03/09/2025 13:00,-0.20
03/09/2025 14:00,-0.31
03/09/2025 15:00,-1.03
03/09/2025 16:00,-0.01
03/09/2025 17:00,25.04
03/09/2025 18:00,62.10
03/09/2025 19:00,80.00
03/09/2025 20:00,77.86
03/09/2025 21:00,75.84
03/09/2025 22:00,75.80
03/09/2025 23:00,54.55
04/09/2025 0:00,19.84
04/09/2025 1:00,14.81
04/09/2025 2:00,14.30
04/09/2025 3:00,15.38
04/09/2025 4:00,26.79
04/09/2025 5:00,39.38
04/09/2025 6:00,71.78
04/09/2025 7:00,85.01
04/09/2025 8:00,84.54
04/09/2025 9:00,65.10
04/09/2025 10:00,27.36
04/09/2025 11:00,5.79
04/09/2025 12:00,3.20
04/09/2025 13:00,2.38
04/09/2025 14:00,14.87
04/09/2025 15:00,29.25
04/09/2025 16:00,37.93
04/09/2025 17:00,50.05
04/09/2025 18:00,123.39
04/09/2025 19:00,148.71
04/09/2025 20:00,150.11
04/09/2025 21:00,99.39
04/09/2025 22:00,97.71
04/09/2025 23:00,81.11
05/09/2025 0:00,88.35
05/09/2025 1:00,69.58
05/09/2025 2:00,71.74
05/09/2025 3:00,63.89
05/09/2025 4:00,68.17
05/09/2025 5:00,70.18
05/09/2025 6:00,100.96
05/09/2025 7:00,113.92
05/09/2025 8:00,109.11
05/09/2025 9:00,95.54
05/09/2025 10:00,75.67
05/09/2025 11:00,67.10
05/09/2025 12:00,63.81
05/09/2025 13:00,59.76
05/09/2025 14:00,55.44
05/09/2025 15:00,63.71
05/09/2025 16:00,69.80
05/09/2025 17:00,76.14
05/09/2025 18:00,80.11
05/09/2025 19:00,124.04
05/09/2025 20:00,128.85
05/09/2025 21:00,112.43
05/09/2025 22:00,101.74
05/09/2025 23:00,94.91
06/09/2025 0:00,93.73
06/09/2025 1:00,88.53
06/09/2025 2:00,83.07
06/09/2025 3:00,76.12
06/09/2025 4:00,75.29
06/09/2025 5:00,77.48
06/09/2025 6:00,67.12
06/09/2025 7:00,80.00
06/09/2025 8:00,84.99
06/09/2025 9:00,61.39
06/09/2025 10:00,8.71
06/09/2025 11:00,0.00
06/09/2025 12:00,-0.02
06/09/2025 13:00,-0.86
06/09/2025 14:00,-0.99
06/09/2025 15:00,-0.01
06/09/2025 16:00,29.72
06/09/2025 17:00,63.66
06/09/2025 18:00,61.35
06/09/2025 19:00,80.00
06/09/2025 20:00,81.78
06/09/2025 21:00,56.13
06/09/2025 22:00,60.05
06/09/2025 23:00,48.95
07/09/2025 0:00,33.52
07/09/2025 1:00,31.91
07/09/2025 2:00,30.50
07/09/2025 3:00,31.40
07/09/2025 4:00,31.15
07/09/2025 5:00,31.17
07/09/2025 6:00,30.60
07/09/2025 7:00,24.33
07/09/2025 8:00,0.00
07/09/2025 9:00,-0.09
07/09/2025 10:00,-4.00
07/09/2025 11:00,-20.09
07/09/2025 12:00,-40.02
07/09/2025 13:00,-53.40
07/09/2025 14:00,-44.47
07/09/2025 15:00,-20.50
07/09/2025 16:00,-2.44
07/09/2025 17:00,3.92
07/09/2025 18:00,67.52
07/09/2025 19:00,95.17
07/09/2025 20:00,96.55
07/09/2025 21:00,87.95
07/09/2025 22:00,86.72
07/09/2025 23:00,86.72
08/09/2025 0:00,76.41
08/09/2025 1:00,79.71
08/09/2025 2:00,80.65
08/09/2025 3:00,75.00
08/09/2025 4:00,72.43
08/09/2025 5:00,84.84
08/09/2025 6:00,95.23
08/09/2025 7:00,118.47
08/09/2025 8:00,119.30
08/09/2025 9:00,100.31
08/09/2025 10:00,85.83
08/09/2025 11:00,73.04
08/09/2025 12:00,62.19
08/09/2025 13:00,55.53
08/09/2025 14:00,62.01
08/09/2025 15:00,66.54
08/09/2025 16:00,85.35
08/09/2025 17:00,90.36
08/09/2025 18:00,137.00
08/09/2025 19:00,232.21
08/09/2025 20:00,200.16
08/09/2025 21:00,138.20
08/09/2025 22:00,108.04
08/09/2025 23:00,94.74
09/09/2025 0:00,79.00
09/09/2025 1:00,78.10
09/09/2025 2:00,77.13
09/09/2025 3:00,73.53
09/09/2025 4:00,70.70
09/09/2025 5:00,76.81
09/09/2025 6:00,102.52
09/09/2025 7:00,185.00
09/09/2025 8:00,167.83
09/09/2025 9:00,115.62
09/09/2025 10:00,94.11
09/09/2025 11:00,83.10
09/09/2025 12:00,72.71
09/09/2025 13:00,70.02
09/09/2025 14:00,69.45
09/09/2025 15:00,72.98
09/09/2025 16:00,83.02
09/09/2025 17:00,78.90
09/09/2025 18:00,112.06
09/09/2025 19:00,245.05
09/09/2025 20:00,181.74
09/09/2025 21:00,114.36
09/09/2025 22:00,103.73
09/09/2025 23:00,91.00
10/09/2025 0:00,73.00
10/09/2025 1:00,61.31
10/09/2025 2:00,64.32
10/09/2025 3:00,62.49
10/09/2025 4:00,67.00
10/09/2025 5:00,64.48
10/09/2025 6:00,94.52
10/09/2025 7:00,149.26
10/09/2025 8:00,132.43
10/09/2025 9:00,91.61
10/09/2025 10:00,84.80
10/09/2025 11:00,79.61
10/09/2025 12:00,69.23
10/09/2025 13:00,66.75
10/09/2025 14:00,68.91
10/09/2025 15:00,69.31
10/09/2025 16:00,80.29
10/09/2025 17:00,66.91
10/09/2025 18:00,105.20
10/09/2025 19:00,161.05
10/09/2025 20:00,116.73
10/09/2025 21:00,84.20
10/09/2025 22:00,64.10
10/09/2025 23:00,42.41
11/09/2025 0:00,41.99
11/09/2025 1:00,39.32
11/09/2025 2:00,35.72
11/09/2025 3:00,26.74
11/09/2025 4:00,26.88
11/09/2025 5:00,35.33
11/09/2025 6:00,50.52
11/09/2025 7:00,64.13
11/09/2025 8:00,80.55
11/09/2025 9:00,80.96
11/09/2025 10:00,55.40
11/09/2025 11:00,5.03
11/09/2025 12:00,-0.01
11/09/2025 13:00,-0.01
11/09/2025 14:00,-0.74
11/09/2025 15:00,-1.46
11/09/2025 16:00,-0.01
11/09/2025 17:00,37.56
11/09/2025 18:00,53.78
11/09/2025 19:00,74.66
11/09/2025 20:00,80.00
11/09/2025 21:00,53.65
11/09/2025 22:00,53.27
11/09/2025 23:00,31.86
12/09/2025 0:00,10.94
12/09/2025 1:00,11.75
12/09/2025 2:00,6.83
12/09/2025 3:00,4.53
12/09/2025 4:00,10.01
12/09/2025 5:00,21.06
12/09/2025 6:00,44.37
12/09/2025 7:00,56.56
12/09/2025 8:00,74.07
12/09/2025 9:00,43.48
12/09/2025 10:00,1.50
12/09/2025 11:00,0.00
12/09/2025 12:00,-2.62
12/09/2025 13:00,-5.57
12/09/2025 14:00,-4.36
12/09/2025 15:00,-2.26
12/09/2025 16:00,2.16
12/09/2025 17:00,33.91
12/09/2025 18:00,69.84
12/09/2025 19:00,100.00
12/09/2025 20:00,102.55
12/09/2025 21:00,74.71
12/09/2025 22:00,72.15
12/09/2025 23:00,63.21
13/09/2025 0:00,41.08
13/09/2025 1:00,35.49
13/09/2025 2:00,36.12
13/09/2025 3:00,34.33
13/09/2025 4:00,32.87
13/09/2025 5:00,34.84
13/09/2025 6:00,36.67
13/09/2025 7:00,35.61
13/09/2025 8:00,37.61
13/09/2025 9:00,43.94
13/09/2025 10:00,11.55
13/09/2025 11:00,2.37
13/09/2025 12:00,0.00
13/09/2025 13:00,-0.01
13/09/2025 14:00,-0.01
13/09/2025 15:00,-0.01
13/09/2025 16:00,0.08
13/09/2025 17:00,58.96
13/09/2025 18:00,54.58
13/09/2025 19:00,61.39
13/09/2025 20:00,77.10
13/09/2025 21:00,65.97
13/09/2025 22:00,77.36
13/09/2025 23:00,73.84
14/09/2025 0:00,61.61
14/09/2025 1:00,43.87
14/09/2025 2:00,51.80
14/09/2025 3:00,55.09
14/09/2025 4:00,57.37
14/09/2025 5:00,49.41
14/09/2025 6:00,61.37
14/09/2025 7:00,65.95
14/09/2025 8:00,67.40
14/09/2025 9:00,49.02
14/09/2025 10:00,33.61
14/09/2025 11:00,17.49
14/09/2025 12:00,6.51
14/09/2025 13:00,0.00
14/09/2025 14:00,-0.01
14/09/2025 15:00,0.00
14/09/2025 16:00,16.08
14/09/2025 17:00,49.99
14/09/2025 18:00,74.34
14/09/2025 19:00,73.02
14/09/2025 20:00,51.28
14/09/2025 21:00,45.75
14/09/2025 22:00,40.29
14/09/2025 23:00,13.26
15/09/2025 0:00,6.16
15/09/2025 1:00,-0.24
15/09/2025 2:00,-1.42
15/09/2025 3:00,-1.79
15/09/2025 4:00,-1.94
15/09/2025 5:00,-1.99
15/09/2025 6:00,7.00
15/09/2025 7:00,22.22
15/09/2025 8:00,26.77
15/09/2025 9:00,0.90
15/09/2025 10:00,-0.29
15/09/2025 11:00,-2.21
15/09/2025 12:00,-5.48
15/09/2025 13:00,-9.65
15/09/2025 14:00,-12.38
15/09/2025 15:00,-6.90
15/09/2025 16:00,-3.19
15/09/2025 17:00,-1.28
15/09/2025 18:00,8.16
15/09/2025 19:00,38.82
15/09/2025 20:00,32.37
15/09/2025 21:00,5.16
15/09/2025 22:00,2.91
15/09/2025 23:00,0.14
16/09/2025 0:00,-0.06
16/09/2025 1:00,-0.86
16/09/2025 2:00,-0.95
16/09/2025 3:00,-1.17
16/09/2025 4:00,-3.42
16/09/2025 5:00,-0.25
16/09/2025 6:00,2.32
16/09/2025 7:00,16.21
16/09/2025 8:00,21.58
16/09/2025 9:00,6.94
16/09/2025 10:00,-2.00
16/09/2025 11:00,-3.40
16/09/2025 12:00,-5.40
16/09/2025 13:00,-4.90
16/09/2025 14:00,-3.05
16/09/2025 15:00,-3.57
16/09/2025 16:00,-2.96
16/09/2025 17:00,10.77
16/09/2025 18:00,71.99
16/09/2025 19:00,110.93
16/09/2025 20:00,116.88
16/09/2025 21:00,96.26
16/09/2025 22:00,85.93
16/09/2025 23:00,76.52
17/09/2025 0:00,73.49
17/09/2025 1:00,65.53
17/09/2025 2:00,51.68
17/09/2025 3:00,58.00
17/09/2025 4:00,78.12
17/09/2025 5:00,84.77
17/09/2025 6:00,88.89
17/09/2025 7:00,119.00
17/09/2025 8:00,113.13
17/09/2025 9:00,105.72
17/09/2025 10:00,81.07
17/09/2025 11:00,67.40
17/09/2025 12:00,42.20
17/09/2025 13:00,19.23
17/09/2025 14:00,13.78
17/09/2025 15:00,41.55
17/09/2025 16:00,64.87
17/09/2025 17:00,75.44
17/09/2025 18:00,98.26
17/09/2025 19:00,117.89
17/09/2025 20:00,120.42
17/09/2025 21:00,93.87
17/09/2025 22:00,86.80
17/09/2025 23:00,66.58
18/09/2025 0:00,47.20
18/09/2025 1:00,43.22
18/09/2025 2:00,35.86
18/09/2025 3:00,32.60
18/09/2025 4:00,40.66
18/09/2025 5:00,62.68
18/09/2025 6:00,64.14
18/09/2025 7:00,108.75
18/09/2025 8:00,107.01
18/09/2025 9:00,85.08
18/09/2025 10:00,62.95
18/09/2025 11:00,5.88
18/09/2025 12:00,0.20
18/09/2025 13:00,0.00
18/09/2025 14:00,0.00
18/09/2025 15:00,0.52
18/09/2025 16:00,15.31
18/09/2025 17:00,61.61
18/09/2025 18:00,103.44
18/09/2025 19:00,125.92
18/09/2025 20:00,127.60
18/09/2025 21:00,110.00
18/09/2025 22:00,99.10
18/09/2025 23:00,88.20
19/09/2025 0:00,74.09
19/09/2025 1:00,76.90
19/09/2025 2:00,85.29
19/09/2025 3:00,78.31
19/09/2025 4:00,79.99
19/09/2025 5:00,88.69
19/09/2025 6:00,104.42
19/09/2025 7:00,143.42
19/09/2025 8:00,118.29
19/09/2025 9:00,114.02
19/09/2025 10:00,44.94
19/09/2025 11:00,13.02
19/09/2025 12:00,0.99
19/09/2025 13:00,0.00
19/09/2025 14:00,0.00
19/09/2025 15:00,11.97
19/09/2025 16:00,64.39
19/09/2025 17:00,95.10
19/09/2025 18:00,167.40
19/09/2025 19:00,250.81
19/09/2025 20:00,141.63
19/09/2025 21:00,100.99
19/09/2025 22:00,85.87
19/09/2025 23:00,79.06
20/09/2025 0:00,65.00
20/09/2025 1:00,64.83
20/09/2025 2:00,62.99
20/09/2025 3:00,62.63
20/09/2025 4:00,62.75
20/09/2025 5:00,66.84
20/09/2025 6:00,75.33
20/09/2025 7:00,72.63
20/09/2025 8:00,63.20
20/09/2025 9:00,24.91
20/09/2025 10:00,3.18
20/09/2025 11:00,3.41
20/09/2025 12:00,-0.29
20/09/2025 13:00,9.00
20/09/2025 14:00,6.04
20/09/2025 15:00,0.97
20/09/2025 16:00,29.51
20/09/2025 17:00,72.99
20/09/2025 18:00,79.19
20/09/2025 19:00,94.60
20/09/2025 20:00,79.99
20/09/2025 21:00,70.10
20/09/2025 22:00,66.73
20/09/2025 23:00,40.18
21/09/2025 0:00,8.80
21/09/2025 1:00,4.02
21/09/2025 2:00,3.56
21/09/2025 3:00,1.78
21/09/2025 4:00,2.17
21/09/2025 5:00,3.64
21/09/2025 6:00,4.41
21/09/2025 7:00,5.23
21/09/2025 8:00,7.03
21/09/2025 9:00,8.29
21/09/2025 10:00,12.89
21/09/2025 11:00,6.81
21/09/2025 12:00,9.07
21/09/2025 13:00,13.34
21/09/2025 14:00,3.55
21/09/2025 15:00,0.89
21/09/2025 16:00,9.48
21/09/2025 17:00,70.40
21/09/2025 18:00,83.03
21/09/2025 19:00,92.98
21/09/2025 20:00,102.45
21/09/2025 21:00,83.40
21/09/2025 22:00,85.11
21/09/2025 23:00,65.90
22/09/2025 0:00,52.72
22/09/2025 1:00,49.36
22/09/2025 2:00,50.89
22/09/2025 3:00,45.90
22/09/2025 4:00,42.92
22/09/2025 5:00,46.31
22/09/2025 6:00,66.57
22/09/2025 7:00,117.42
22/09/2025 8:00,116.07
22/09/2025 9:00,67.32
22/09/2025 10:00,43.69
22/09/2025 11:00,36.15
22/09/2025 12:00,28.96
22/09/2025 13:00,23.21
22/09/2025 14:00,53.32
22/09/2025 15:00,36.52
22/09/2025 16:00,38.55
22/09/2025 17:00,47.92
22/09/2025 18:00,75.00
22/09/2025 19:00,162.70
22/09/2025 20:00,117.19
22/09/2025 21:00,84.99
22/09/2025 22:00,105.46
22/09/2025 23:00,92.00
23/09/2025 0:00,82.99
23/09/2025 1:00,77.88
23/09/2025 2:00,79.12
23/09/2025 3:00,82.14
23/09/2025 4:00,79.12
23/09/2025 5:00,72.99
23/09/2025 6:00,119.67
23/09/2025 7:00,172.36
23/09/2025 8:00,170.33
23/09/2025 9:00,125.76
23/09/2025 10:00,105.29
23/09/2025 11:00,73.34
23/09/2025 12:00,61.82
23/09/2025 13:00,56.62
23/09/2025 14:00,56.83
23/09/2025 15:00,64.42
23/09/2025 16:00,92.38
23/09/2025 17:00,83.21
23/09/2025 18:00,119.21
23/09/2025 19:00,149.00
23/09/2025 20:00,110.00
23/09/2025 21:00,89.31
23/09/2025 22:00,70.59
23/09/2025 23:00,70.10
24/09/2025 0:00,73.40
24/09/2025 1:00,68.75
24/09/2025 2:00,68.54
24/09/2025 3:00,74.69
24/09/2025 4:00,66.89
24/09/2025 5:00,53.22
24/09/2025 6:00,51.84
24/09/2025 7:00,86.25
24/09/2025 8:00,117.07
24/09/2025 9:00,80.75
24/09/2025 10:00,65.00
24/09/2025 11:00,57.98
24/09/2025 12:00,27.10
24/09/2025 13:00,9.38
24/09/2025 14:00,13.43
24/09/2025 15:00,13.91
24/09/2025 16:00,55.14
24/09/2025 17:00,72.35
24/09/2025 18:00,96.21
24/09/2025 19:00,105.40
24/09/2025 20:00,119.60
24/09/2025 21:00,92.31
24/09/2025 22:00,85.96
24/09/2025 23:00,70.05
25/09/2025 0:00,67.63
25/09/2025 1:00,66.06
25/09/2025 2:00,73.66
25/09/2025 3:00,79.02
25/09/2025 4:00,71.00
25/09/2025 5:00,64.33
25/09/2025 6:00,97.48
25/09/2025 7:00,112.39
25/09/2025 8:00,122.12
25/09/2025 9:00,96.09
25/09/2025 10:00,65.63
25/09/2025 11:00,40.37
25/09/2025 12:00,38.62
25/09/2025 13:00,20.61
25/09/2025 14:00,22.80
25/09/2025 15:00,41.03
25/09/2025 16:00,62.73
25/09/2025 17:00,83.00
25/09/2025 18:00,98.57
25/09/2025 19:00,116.89
25/09/2025 20:00,124.98
25/09/2025 21:00,107.85
25/09/2025 22:00,101.05
25/09/2025 23:00,81.09
26/09/2025 0:00,78.48
26/09/2025 1:00,74.25
26/09/2025 2:00,73.21
26/09/2025 3:00,73.52
26/09/2025 4:00,74.05
26/09/2025 5:00,79.32
26/09/2025 6:00,98.80
26/09/2025 7:00,114.94
26/09/2025 8:00,123.56
26/09/2025 9:00,112.67
26/09/2025 10:00,90.48
26/09/2025 11:00,86.02
26/09/2025 12:00,80.40
26/09/2025 13:00,75.18
26/09/2025 14:00,75.32
26/09/2025 15:00,74.76
26/09/2025 16:00,90.58
26/09/2025 17:00,99.89
26/09/2025 18:00,109.01
26/09/2025 19:00,129.76
26/09/2025 20:00,119.61
26/09/2025 21:00,106.21
26/09/2025 22:00,96.90
26/09/2025 23:00,89.90
27/09/2025 0:00,84.67
27/09/2025 1:00,79.35
27/09/2025 2:00,76.11
27/09/2025 3:00,75.39
27/09/2025 4:00,73.55
27/09/2025 5:00,77.11
27/09/2025 6:00,80.17
27/09/2025 7:00,86.38
27/09/2025 8:00,96.24
27/09/2025 9:00,92.97
27/09/2025 10:00,76.71
27/09/2025 11:00,59.86
27/09/2025 12:00,48.12
27/09/2025 13:00,29.76
27/09/2025 14:00,37.98
27/09/2025 15:00,60.00
27/09/2025 16:00,70.78
27/09/2025 17:00,71.39
27/09/2025 18:00,110.57
27/09/2025 19:00,131.17
27/09/2025 20:00,109.82
27/09/2025 21:00,93.73
27/09/2025 22:00,94.02
27/09/2025 23:00,88.87
28/09/2025 0:00,87.61
28/09/2025 1:00,85.14
28/09/2025 2:00,79.01
28/09/2025 3:00,91.58
28/09/2025 4:00,66.41
28/09/2025 5:00,75.22
28/09/2025 6:00,90.97
28/09/2025 7:00,82.25
28/09/2025 8:00,78.70
28/09/2025 9:00,76.46
28/09/2025 10:00,69.24
28/09/2025 11:00,35.21
28/09/2025 12:00,17.11
28/09/2025 13:00,8.53
28/09/2025 14:00,13.00
28/09/2025 15:00,48.93
28/09/2025 16:00,68.75
28/09/2025 17:00,70.36
28/09/2025 18:00,109.61
28/09/2025 19:00,126.94
28/09/2025 20:00,115.91
28/09/2025 21:00,102.65
28/09/2025 22:00,86.07
28/09/2025 23:00,85.96
29/09/2025 0:00,80.52
29/09/2025 1:00,77.72
29/09/2025 2:00,76.50
29/09/2025 3:00,76.19
29/09/2025 4:00,80.11
29/09/2025 5:00,88.01
29/09/2025 6:00,81.98
29/09/2025 7:00,134.86
29/09/2025 8:00,137.82
29/09/2025 9:00,111.19
29/09/2025 10:00,83.27
29/09/2025 11:00,74.82
29/09/2025 12:00,68.70
29/09/2025 13:00,66.08
29/09/2025 14:00,69.50
29/09/2025 15:00,73.98
29/09/2025 16:00,59.16
29/09/2025 17:00,86.90
29/09/2025 18:00,171.15
29/09/2025 19:00,245.38
29/09/2025 20:00,153.44
29/09/2025 21:00,103.10
29/09/2025 22:00,93.52
29/09/2025 23:00,90.35
30/09/2025 0:00,86.08
30/09/2025 1:00,76.58
30/09/2025 2:00,77.52
30/09/2025 3:00,80.86
30/09/2025 4:00,72.48
30/09/2025 5:00,61.11
30/09/2025 6:00,88.39
30/09/2025 7:00,151.64
30/09/2025 8:00,153.33
30/09/2025 9:00,119.21
30/09/2025 10:00,102.30
30/09/2025 11:00,81.41
30/09/2025 12:00,73.18
30/09/2025 13:00,70.95
30/09/2025 14:00,68.57
30/09/2025 15:00,79.59
30/09/2025 16:00,85.78
30/09/2025 17:00,75.25
30/09/2025 18:00,162.12
30/09/2025 19:00,206.59
30/09/2025 20:00,121.31
30/09/2025 21:00,95.35
30/09/2025 22:00,87.23
30/09/2025 23:00,88.70
01/10/2025 0:00,88.73
01/10/2025 1:00,84.06
01/10/2025 2:00,75.46
01/10/2025 3:00,73.10
01/10/2025 4:00,76.42
01/10/2025 5:00,77.72
01/10/2025 6:00,86.16
01/10/2025 7:00,132.41
01/10/2025 8:00,133.97
01/10/2025 9:00,101.13
01/10/2025 10:00,81.67
01/10/2025 11:00,65.67
01/10/2025 12:00,58.60
01/10/2025 13:00,59.27
01/10/2025 14:00,61.54
01/10/2025 15:00,67.26
01/10/2025 16:00,80.11
01/10/2025 17:00,93.79
01/10/2025 18:00,204.49
01/10/2025 19:00,290.58
01/10/2025 20:00,137.99
01/10/2025 21:00,90.14
01/10/2025 22:00,96.15
01/10/2025 23:00,87.59
02/10/2025 0:00,85.23
02/10/2025 1:00,82.79
02/10/2025 2:00,77.90
02/10/2025 3:00,73.03
02/10/2025 4:00,77.70
02/10/2025 5:00,88.32
02/10/2025 6:00,94.45
02/10/2025 7:00,125.22
02/10/2025 8:00,129.50
02/10/2025 9:00,98.08
02/10/2025 10:00,86.91
02/10/2025 11:00,71.18
02/10/2025 12:00,57.19
02/10/2025 13:00,51.06
02/10/2025 14:00,58.44
02/10/2025 15:00,65.93
02/10/2025 16:00,77.82
02/10/2025 17:00,86.35
02/10/2025 18:00,125.03
02/10/2025 19:00,135.46
02/10/2025 20:00,96.58
02/10/2025 21:00,72.66
02/10/2025 22:00,66.20
02/10/2025 23:00,53.45
03/10/2025 0:00,51.56
03/10/2025 1:00,49.20
03/10/2025 2:00,45.24
03/10/2025 3:00,61.03
03/10/2025 4:00,61.86
03/10/2025 5:00,45.95
03/10/2025 6:00,65.15
03/10/2025 7:00,90.21
03/10/2025 8:00,103.47
03/10/2025 9:00,97.20
03/10/2025 10:00,78.43
03/10/2025 11:00,61.18
03/10/2025 12:00,49.03
03/10/2025 13:00,52.26
03/10/2025 14:00,46.11
03/10/2025 15:00,49.10
03/10/2025 16:00,60.24
03/10/2025 17:00,70.21
03/10/2025 18:00,77.47
03/10/2025 19:00,78.00
03/10/2025 20:00,59.14
03/10/2025 21:00,41.16
03/10/2025 22:00,23.25
03/10/2025 23:00,12.11
04/10/2025 0:00,2.51
04/10/2025 1:00,-1.28
04/10/2025 2:00,-3.38
04/10/2025 3:00,-4.59
04/10/2025 4:00,-4.79
04/10/2025 5:00,-4.95
04/10/2025 6:00,-3.43
04/10/2025 7:00,-0.24
04/10/2025 8:00,0.02
04/10/2025 9:00,4.60
04/10/2025 10:00,2.71
04/10/2025 11:00,0.02
04/10/2025 12:00,-0.04
04/10/2025 13:00,-0.27
04/10/2025 14:00,-3.28
04/10/2025 15:00,-3.11
04/10/2025 16:00,-0.60
04/10/2025 17:00,-0.09
04/10/2025 18:00,2.94
04/10/2025 19:00,11.19
04/10/2025 20:00,4.60
04/10/2025 21:00,2.28
04/10/2025 22:00,1.63
04/10/2025 23:00,1.41
05/10/2025 0:00,0.40
05/10/2025 1:00,-1.00
05/10/2025 2:00,-3.54
05/10/2025 3:00,-3.61
05/10/2025 4:00,-4.36
05/10/2025 5:00,-3.94
05/10/2025 6:00,-3.86
05/10/2025 7:00,-0.22
05/10/2025 8:00,0.46
05/10/2025 9:00,-0.56
05/10/2025 10:00,-2.80
05/10/2025 11:00,-1.57
05/10/2025 12:00,-2.56
05/10/2025 13:00,-2.89
05/10/2025 14:00,-2.70
05/10/2025 15:00,-1.95
05/10/2025 16:00,-1.37
05/10/2025 17:00,4.10
05/10/2025 18:00,20.51
05/10/2025 19:00,46.56
05/10/2025 20:00,42.69
05/10/2025 21:00,35.13
05/10/2025 22:00,39.82
05/10/2025 23:00,26.72
06/10/2025 0:00,22.86
06/10/2025 1:00,13.66
06/10/2025 2:00,11.73
06/10/2025 3:00,12.64
06/10/2025 4:00,17.85
06/10/2025 5:00,23.75
06/10/2025 6:00,71.79
06/10/2025 7:00,109.28
06/10/2025 8:00,123.25
06/10/2025 9:00,118.59
06/10/2025 10:00,95.51
06/10/2025 11:00,82.67
06/10/2025 12:00,80.81
06/10/2025 13:00,76.66
06/10/2025 14:00,79.30
06/10/2025 15:00,79.20
06/10/2025 16:00,89.03
06/10/2025 17:00,107.88
06/10/2025 18:00,132.08
06/10/2025 19:00,162.16
06/10/2025 20:00,134.26
06/10/2025 21:00,117.64
06/10/2025 22:00,114.41
06/10/2025 23:00,103.08
07/10/2025 0:00,97.23
07/10/2025 1:00,92.72
07/10/2025 2:00,86.02
07/10/2025 3:00,86.64
07/10/2025 4:00,88.07
07/10/2025 5:00,93.36
07/10/2025 6:00,112.39
07/10/2025 7:00,164.32
07/10/2025 8:00,208.55
07/10/2025 9:00,158.30
07/10/2025 10:00,123.80
07/10/2025 11:00,108.08
07/10/2025 12:00,94.12
07/10/2025 13:00,87.81
07/10/2025 14:00,85.90
07/10/2025 15:00,93.09
07/10/2025 16:00,103.23
07/10/2025 17:00,123.13
07/10/2025 18:00,162.00
07/10/2025 19:00,182.57
07/10/2025 20:00,145.83
07/10/2025 21:00,123.24
07/10/2025 22:00,107.42
07/10/2025 23:00,97.48
08/10/2025 0:00,93.45
08/10/2025 1:00,88.44
08/10/2025 2:00,87.56
08/10/2025 3:00,85.32
08/10/2025 4:00,85.50
08/10/2025 5:00,92.01
08/10/2025 6:00,106.91
08/10/2025 7:00,138.36
08/10/2025 8:00,162.72
08/10/2025 9:00,130.33
08/10/2025 10:00,114.81
08/10/2025 11:00,98.58
08/10/2025 12:00,86.77
08/10/2025 13:00,85.02
08/10/2025 14:00,85.01
08/10/2025 15:00,91.10
08/10/2025 16:00,103.89
08/10/2025 17:00,125.02
08/10/2025 18:00,148.04
08/10/2025 19:00,178.60
08/10/2025 20:00,140.18
08/10/2025 21:00,108.10
08/10/2025 22:00,104.46
08/10/2025 23:00,95.88
09/10/2025 0:00,95.99
09/10/2025 1:00,89.57
09/10/2025 2:00,89.23
09/10/2025 3:00,86.26
09/10/2025 4:00,86.93
09/10/2025 5:00,92.18
09/10/2025 6:00,115.23
09/10/2025 7:00,120.91
09/10/2025 8:00,133.38
09/10/2025 9:00,126.78
09/10/2025 10:00,104.51
09/10/2025 11:00,93.96
09/10/2025 12:00,87.42
09/10/2025 13:00,77.42
09/10/2025 14:00,76.88
09/10/2025 15:00,81.05
09/10/2025 16:00,82.50
09/10/2025 17:00,99.70
09/10/2025 18:00,117.37
09/10/2025 19:00,124.11
09/10/2025 20:00,113.30
09/10/2025 21:00,99.00
09/10/2025 22:00,97.00
09/10/2025 23:00,91.77
10/10/2025 0:00,89.15
10/10/2025 1:00,85.03
10/10/2025 2:00,80.11
10/10/2025 3:00,77.04
10/10/2025 4:00,76.60
10/10/2025 5:00,84.60
10/10/2025 6:00,101.78
10/10/2025 7:00,116.96
10/10/2025 8:00,122.35
10/10/2025 9:00,107.20
10/10/2025 10:00,91.95
10/10/2025 11:00,79.99
10/10/2025 12:00,76.77
10/10/2025 13:00,70.16
10/10/2025 14:00,75.65
10/10/2025 15:00,80.19
10/10/2025 16:00,87.78
10/10/2025 17:00,108.32
10/10/2025 18:00,114.88
10/10/2025 19:00,121.98
10/10/2025 20:00,115.40
10/10/2025 21:00,101.43
10/10/2025 22:00,96.48
10/10/2025 23:00,93.61
11/10/2025 0:00,96.33
11/10/2025 1:00,89.2
11/10/2025 2:00,86.16
11/10/2025 3:00,80.5
11/10/2025 4:00,78.92
11/10/2025 5:00,82.31
11/10/2025 6:00,90.27
11/10/2025 7:00,96.75
11/10/2025 8:00,100.73
11/10/2025 9:00,100.28
11/10/2025 10:00,86.35
11/10/2025 11:00,74.2
11/10/2025 12:00,58.97
11/10/2025 13:00,72.96
11/10/2025 14:00,81.12
11/10/2025 15:00,81.44
11/10/2025 16:00,74
11/10/2025 17:00,101.54
11/10/2025 18:00,117.86
11/10/2025 19:00,125.56
11/10/2025 20:00,118.03
11/10/2025 21:00,106.58
11/10/2025 22:00,101.92
11/10/2025 23:00,94.63
12/10/2025 0:00,95.13
12/10/2025 1:00,88.94
12/10/2025 2:00,83.64
12/10/2025 3:00,77.18
12/10/2025 4:00,79.28
12/10/2025 5:00,77.89
12/10/2025 6:00,84.49
12/10/2025 7:00,86.84
12/10/2025 8:00,87.68
12/10/2025 9:00,82.51
12/10/2025 10:00,71.6
12/10/2025 11:00,61.63
12/10/2025 12:00,74.52
12/10/2025 13:00,61.48
12/10/2025 14:00,56.55
12/10/2025 15:00,62.07
12/10/2025 16:00,69.14
12/10/2025 17:00,85.77
12/10/2025 18:00,102.85
12/10/2025 19:00,113.34
12/10/2025 20:00,113.1
12/10/2025 21:00,108.4
12/10/2025 22:00,101.07
12/10/2025 23:00,89.81
13/10/2025 0:00,87.76
13/10/2025 1:00,82.67
13/10/2025 2:00,82.02
13/10/2025 3:00,72.03
13/10/2025 4:00,73.67
13/10/2025 5:00,82.71
13/10/2025 6:00,104.65
13/10/2025 7:00,127.69
13/10/2025 8:00,152.66
13/10/2025 9:00,138.48
13/10/2025 10:00,119.07
13/10/2025 11:00,104.12
13/10/2025 12:00,91.67
13/10/2025 13:00,82.65
13/10/2025 14:00,80.89
13/10/2025 15:00,87.93
13/10/2025 16:00,98.71
13/10/2025 17:00,118.49
13/10/2025 18:00,183.68
13/10/2025 19:00,194.64
13/10/2025 20:00,134.94
13/10/2025 21:00,110.19
13/10/2025 22:00,113.33
13/10/2025 23:00,104.57
14/10/2025 0:00,105.6
14/10/2025 1:00,99.24
14/10/2025 2:00,95.26
14/10/2025 3:00,91.21
14/10/2025 4:00,90.81
14/10/2025 5:00,93.47
14/10/2025 6:00,103.15
14/10/2025 7:00,130.34
14/10/2025 8:00,159.66
14/10/2025 9:00,134.92
14/10/2025 10:00,118.59
14/10/2025 11:00,110.93
14/10/2025 12:00,99.19
14/10/2025 13:00,93.1
14/10/2025 14:00,93.6
14/10/2025 15:00,105.64
14/10/2025 16:00,96.18
14/10/2025 17:00,129.28
14/10/2025 18:00,200.69
14/10/2025 19:00,235.99
14/10/2025 20:00,155
14/10/2025 21:00,123.92
14/10/2025 22:00,122.84
14/10/2025 23:00,112.03
15/10/2025 0:00,105.76
15/10/2025 1:00,100.37
15/10/2025 2:00,97.22
15/10/2025 3:00,94
15/10/2025 4:00,92.48
15/10/2025 5:00,99.24
15/10/2025 6:00,96.58
15/10/2025 7:00,136.04
15/10/2025 8:00,191.21
15/10/2025 9:00,154.18
15/10/2025 10:00,130
15/10/2025 11:00,114.44
15/10/2025 12:00,107.17
15/10/2025 13:00,98.53
15/10/2025 14:00,95.74
15/10/2025 15:00,104.5
15/10/2025 16:00,118.34
15/10/2025 17:00,119.01
15/10/2025 18:00,153.03
15/10/2025 19:00,178.23
15/10/2025 20:00,135.61
15/10/2025 21:00,105.09
15/10/2025 22:00,97
15/10/2025 23:00,89.07
16/10/2025 0:00,84.74
16/10/2025 1:00,80.45
16/10/2025 2:00,83.93
16/10/2025 3:00,80.74
16/10/2025 4:00,81.38
16/10/2025 5:00,81.84
16/10/2025 6:00,90.19
16/10/2025 7:00,109.69
16/10/2025 8:00,132.57
16/10/2025 9:00,115.96
16/10/2025 10:00,90.99
16/10/2025 11:00,87.2
16/10/2025 12:00,82.47
16/10/2025 13:00,77.97
16/10/2025 14:00,80.04
16/10/2025 15:00,78.74
16/10/2025 16:00,85.75
16/10/2025 17:00,97.48
16/10/2025 18:00,121.4
16/10/2025 19:00,141.56
16/10/2025 20:00,120.15
16/10/2025 21:00,99.36
16/10/2025 22:00,96.28
16/10/2025 23:00,92.47
17/10/2025 0:00,87.85
17/10/2025 1:00,84.09
17/10/2025 2:00,86.11
17/10/2025 3:00,86.23
17/10/2025 4:00,85.91
17/10/2025 5:00,90.99
17/10/2025 6:00,98.63
17/10/2025 7:00,121.51
17/10/2025 8:00,141.91
17/10/2025 9:00,129.02
17/10/2025 10:00,111.94
17/10/2025 11:00,95
17/10/2025 12:00,85.89
17/10/2025 13:00,80.82
17/10/2025 14:00,78.8
17/10/2025 15:00,79.43
17/10/2025 16:00,86.05
17/10/2025 17:00,106.33
17/10/2025 18:00,124.08
17/10/2025 19:00,132.41
17/10/2025 20:00,116.63
17/10/2025 21:00,104.46
17/10/2025 22:00,102.63
17/10/2025 23:00,92.66
18/10/2025 0:00,94.97
18/10/2025 1:00,90.85
18/10/2025 2:00,90.28
18/10/2025 3:00,86.86
18/10/2025 4:00,84.4
18/10/2025 5:00,85.72
18/10/2025 6:00,88.91
18/10/2025 7:00,102.25
18/10/2025 8:00,113.75
18/10/2025 9:00,101.67
18/10/2025 10:00,86.7
18/10/2025 11:00,68.15
18/10/2025 12:00,63.28
18/10/2025 13:00,54.22
18/10/2025 14:00,56.09
18/10/2025 15:00,64.06
18/10/2025 16:00,76.59
18/10/2025 17:00,104.99
18/10/2025 18:00,110.26
18/10/2025 19:00,120.34
18/10/2025 20:00,106.46
18/10/2025 21:00,92.89
18/10/2025 22:00,95.57
18/10/2025 23:00,94.34
19/10/2025 0:00,89.94
19/10/2025 1:00,82.76
19/10/2025 2:00,74.52
19/10/2025 3:00,67.57
19/10/2025 4:00,67.13
19/10/2025 5:00,65.03
19/10/2025 6:00,67.76
19/10/2025 7:00,68.3
19/10/2025 8:00,70.16
19/10/2025 9:00,62.32
19/10/2025 10:00,51.93
19/10/2025 11:00,46.3
19/10/2025 12:00,32.2
19/10/2025 13:00,17.79
19/10/2025 14:00,29.22
19/10/2025 15:00,51.44
19/10/2025 16:00,66.48
19/10/2025 17:00,84.09
19/10/2025 18:00,86.01
19/10/2025 19:00,78.42
19/10/2025 20:00,75.86
19/10/2025 21:00,67.06
19/10/2025 22:00,65.89
19/10/2025 23:00,52.09
20/10/2025 0:00,54.96
20/10/2025 1:00,47.95
20/10/2025 2:00,46.82
20/10/2025 3:00,44.59
20/10/2025 4:00,45.08
20/10/2025 5:00,55.32
20/10/2025 6:00,72.47
20/10/2025 7:00,80.47
20/10/2025 8:00,105.15
20/10/2025 9:00,97.01
20/10/2025 10:00,73.07
20/10/2025 11:00,57.88
20/10/2025 12:00,51.3
20/10/2025 13:00,51.31
20/10/2025 14:00,56.12
20/10/2025 15:00,70.55
20/10/2025 16:00,71.93
20/10/2025 17:00,57.31
20/10/2025 18:00,82.74
20/10/2025 19:00,91.34
20/10/2025 20:00,69.6
20/10/2025 21:00,45.5
20/10/2025 22:00,52.4
20/10/2025 23:00,46.68
21/10/2025 0:00,27.61
21/10/2025 1:00,22.07
21/10/2025 2:00,17.26
21/10/2025 3:00,12.13
21/10/2025 4:00,15.2
21/10/2025 5:00,22.65
21/10/2025 6:00,47.59
21/10/2025 7:00,68.65
21/10/2025 8:00,90.54
21/10/2025 9:00,85.62
21/10/2025 10:00,75.48
21/10/2025 11:00,66.18
21/10/2025 12:00,49.47
21/10/2025 13:00,33.24
21/10/2025 14:00,34.71
21/10/2025 15:00,54.38
21/10/2025 16:00,65.45
21/10/2025 17:00,87.75
21/10/2025 18:00,109.27
21/10/2025 19:00,117.4
21/10/2025 20:00,100.22
21/10/2025 21:00,80.98
21/10/2025 22:00,80.5
21/10/2025 23:00,73.41
22/10/2025 0:00,76.08
22/10/2025 1:00,74
22/10/2025 2:00,71.59
22/10/2025 3:00,73.06
22/10/2025 4:00,70
22/10/2025 5:00,73.79
22/10/2025 6:00,90.42
22/10/2025 7:00,99.05
22/10/2025 8:00,110.37
22/10/2025 9:00,123.8
22/10/2025 10:00,105.01
22/10/2025 11:00,91.5
22/10/2025 12:00,87.1
22/10/2025 13:00,83.58
22/10/2025 14:00,94.49
22/10/2025 15:00,101.29
22/10/2025 16:00,97.1
22/10/2025 17:00,138.4
22/10/2025 18:00,234.1
22/10/2025 19:00,241.1
22/10/2025 20:00,137.63
22/10/2025 21:00,109.61
22/10/2025 22:00,96.38
22/10/2025 23:00,84.26
23/10/2025 0:00,79.56
23/10/2025 1:00,69.74
23/10/2025 2:00,60.87
23/10/2025 3:00,55.67
23/10/2025 4:00,50.69
23/10/2025 5:00,47.6
23/10/2025 6:00,26.64
23/10/2025 7:00,39.78
23/10/2025 8:00,65.99
23/10/2025 9:00,72.05
23/10/2025 10:00,63.31
23/10/2025 11:00,54.71
23/10/2025 12:00,50.05
23/10/2025 13:00,48.7
23/10/2025 14:00,47.9
23/10/2025 15:00,59.9
23/10/2025 16:00,67.54
23/10/2025 17:00,82.19
23/10/2025 18:00,95.44
23/10/2025 19:00,99.85
23/10/2025 20:00,79.64
23/10/2025 21:00,70.45
23/10/2025 22:00,68.62
23/10/2025 23:00,49.83
24/10/2025 0:00,12.97
24/10/2025 1:00,8.31
24/10/2025 2:00,5.46
24/10/2025 3:00,0.51
24/10/2025 4:00,1.7
24/10/2025 5:00,6.62
24/10/2025 6:00,17.53
24/10/2025 7:00,64.28
24/10/2025 8:00,92.62
24/10/2025 9:00,83.93
24/10/2025 10:00,63.62
24/10/2025 11:00,40.55
24/10/2025 12:00,14.51
24/10/2025 13:00,5.71
24/10/2025 14:00,4.82
24/10/2025 15:00,10.78
24/10/2025 16:00,38.5
24/10/2025 17:00,65.3
24/10/2025 18:00,83.41
24/10/2025 19:00,83.6
24/10/2025 20:00,61.44
24/10/2025 21:00,41.74
24/10/2025 22:00,28
24/10/2025 23:00,9.79
25/10/2025 0:00,4.14
25/10/2025 1:00,1.69
25/10/2025 2:00,1.37
25/10/2025 3:00,0.73
25/10/2025 4:00,0.69
25/10/2025 5:00,0.97
25/10/2025 6:00,1.79
25/10/2025 7:00,5.37
25/10/2025 8:00,8.17
25/10/2025 9:00,10.94
25/10/2025 10:00,9.52
25/10/2025 11:00,7.29
25/10/2025 12:00,6.72
25/10/2025 13:00,6.46
25/10/2025 14:00,7
25/10/2025 15:00,6.79
25/10/2025 16:00,8.72
25/10/2025 17:00,28.24
25/10/2025 18:00,62.84
25/10/2025 19:00,70.49
25/10/2025 20:00,43.74
25/10/2025 21:00,24.31
25/10/2025 22:00,21.96
25/10/2025 23:00,9.8
26/10/2025 0:00,12.88
26/10/2025 1:00,11.98
26/10/2025 2:00,18.51
26/10/2025 2:00,5.77
26/10/2025 3:00,-0.91
26/10/2025 4:00,-0.4
26/10/2025 5:00,-0.32
26/10/2025 6:00,5.36
26/10/2025 7:00,6.5
26/10/2025 8:00,16.57
26/10/2025 9:00,16.85
26/10/2025 10:00,6.13
26/10/2025 11:00,1.24
26/10/2025 12:00,0.92
26/10/2025 13:00,1.14
26/10/2025 14:00,1.43
26/10/2025 15:00,4.94
26/10/2025 16:00,16.88
26/10/2025 17:00,43.9
26/10/2025 18:00,65.89
26/10/2025 19:00,56.01
26/10/2025 20:00,33.76
26/10/2025 21:00,15.45
26/10/2025 22:00,15.71
26/10/2025 23:00,7.57
27/10/2025 0:00,1.99
27/10/2025 1:00,0.99
27/10/2025 2:00,0.29
27/10/2025 3:00,0.24
27/10/2025 4:00,0.29
27/10/2025 5:00,6.96
27/10/2025 6:00,34.89
27/10/2025 7:00,64.42
27/10/2025 8:00,90.16
27/10/2025 9:00,89.76
27/10/2025 10:00,82.57
27/10/2025 11:00,75.1
27/10/2025 12:00,66.46
27/10/2025 13:00,62.23
27/10/2025 14:00,62.78
27/10/2025 15:00,58.22
27/10/2025 16:00,76.94
27/10/2025 17:00,94.38
27/10/2025 18:00,127.99
27/10/2025 19:00,117.35
27/10/2025 20:00,97.38
27/10/2025 21:00,83.39
27/10/2025 22:00,79.9
27/10/2025 23:00,67.97
