timestamp,Rented Bike Count
01/12/2017 0:00,254
01/12/2017 1:00,204
01/12/2017 2:00,173
01/12/2017 3:00,107
01/12/2017 4:00,78
01/12/2017 5:00,100
01/12/2017 6:00,181
01/12/2017 7:00,460
01/12/2017 8:00,930
01/12/2017 9:00,490
01/12/2017 10:00,339
01/12/2017 11:00,360
01/12/2017 12:00,449
01/12/2017 13:00,451
01/12/2017 14:00,447
01/12/2017 15:00,463
01/12/2017 16:00,484
01/12/2017 17:00,555
01/12/2017 18:00,862
01/12/2017 19:00,600
01/12/2017 20:00,426
01/12/2017 21:00,405
01/12/2017 22:00,398
01/12/2017 23:00,323
02/12/2017 0:00,328
02/12/2017 1:00,308
02/12/2017 2:00,262
02/12/2017 3:00,167
02/12/2017 4:00,89
02/12/2017 5:00,79
02/12/2017 6:00,70
02/12/2017 7:00,146
02/12/2017 8:00,219
02/12/2017 9:00,328
02/12/2017 10:00,334
02/12/2017 11:00,388
02/12/2017 12:00,479
02/12/2017 13:00,606
02/12/2017 14:00,611
02/12/2017 15:00,589
02/12/2017 16:00,618
02/12/2017 17:00,572
02/12/2017 18:00,489
02/12/2017 19:00,385
02/12/2017 20:00,359
02/12/2017 21:00,377
02/12/2017 22:00,354
02/12/2017 23:00,366
03/12/2017 0:00,342
03/12/2017 1:00,227
03/12/2017 2:00,228
03/12/2017 3:00,117
03/12/2017 4:00,76
03/12/2017 5:00,32
03/12/2017 6:00,13
03/12/2017 7:00,22
03/12/2017 8:00,85
03/12/2017 9:00,152
03/12/2017 10:00,200
03/12/2017 11:00,273
03/12/2017 12:00,333
03/12/2017 13:00,495
03/12/2017 14:00,563
03/12/2017 15:00,621
03/12/2017 16:00,598
03/12/2017 17:00,545
03/12/2017 18:00,443
03/12/2017 19:00,422
03/12/2017 20:00,397
03/12/2017 21:00,385
03/12/2017 22:00,350
03/12/2017 23:00,303
04/12/2017 0:00,285
04/12/2017 1:00,186
04/12/2017 2:00,112
04/12/2017 3:00,65
04/12/2017 4:00,41
04/12/2017 5:00,82
04/12/2017 6:00,200
04/12/2017 7:00,498
04/12/2017 8:00,937
04/12/2017 9:00,509
04/12/2017 10:00,311
04/12/2017 11:00,379
04/12/2017 12:00,393
04/12/2017 13:00,391
04/12/2017 14:00,338
04/12/2017 15:00,341
04/12/2017 16:00,375
04/12/2017 17:00,515
04/12/2017 18:00,807
04/12/2017 19:00,568
04/12/2017 20:00,398
04/12/2017 21:00,397
04/12/2017 22:00,353
04/12/2017 23:00,248
05/12/2017 0:00,216
05/12/2017 1:00,198
05/12/2017 2:00,124
05/12/2017 3:00,62
05/12/2017 4:00,42
05/12/2017 5:00,82
05/12/2017 6:00,172
05/12/2017 7:00,381
05/12/2017 8:00,812
05/12/2017 9:00,462
05/12/2017 10:00,269
05/12/2017 11:00,334
05/12/2017 12:00,321
05/12/2017 13:00,325
05/12/2017 14:00,334
05/12/2017 15:00,353
05/12/2017 16:00,435
05/12/2017 17:00,529
05/12/2017 18:00,789
05/12/2017 19:00,597
05/12/2017 20:00,418
05/12/2017 21:00,415
05/12/2017 22:00,393
05/12/2017 23:00,244
06/12/2017 0:00,145
06/12/2017 1:00,144
06/12/2017 2:00,117
06/12/2017 3:00,78
06/12/2017 4:00,58
06/12/2017 5:00,87
06/12/2017 6:00,142
06/12/2017 7:00,379
06/12/2017 8:00,802
06/12/2017 9:00,440
06/12/2017 10:00,307
06/12/2017 11:00,381
06/12/2017 12:00,405
06/12/2017 13:00,442
06/12/2017 14:00,416
06/12/2017 15:00,412
06/12/2017 16:00,496
06/12/2017 17:00,239
06/12/2017 18:00,204
06/12/2017 19:00,205
06/12/2017 20:00,190
06/12/2017 21:00,165
06/12/2017 22:00,222
06/12/2017 23:00,193
07/12/2017 0:00,198
07/12/2017 1:00,218
07/12/2017 2:00,149
07/12/2017 3:00,102
07/12/2017 4:00,62
07/12/2017 5:00,83
07/12/2017 6:00,137
07/12/2017 7:00,367
07/12/2017 8:00,754
07/12/2017 9:00,415
07/12/2017 10:00,321
07/12/2017 11:00,333
07/12/2017 12:00,431
07/12/2017 13:00,394
07/12/2017 14:00,390
07/12/2017 15:00,430
07/12/2017 16:00,471
07/12/2017 17:00,552
07/12/2017 18:00,795
07/12/2017 19:00,507
07/12/2017 20:00,390
07/12/2017 21:00,402
07/12/2017 22:00,389
07/12/2017 23:00,259
08/12/2017 0:00,233
08/12/2017 1:00,230
08/12/2017 2:00,131
08/12/2017 3:00,99
08/12/2017 4:00,71
08/12/2017 5:00,84
08/12/2017 6:00,158
08/12/2017 7:00,387
08/12/2017 8:00,780
08/12/2017 9:00,395
08/12/2017 10:00,261
08/12/2017 11:00,310
08/12/2017 12:00,355
08/12/2017 13:00,354
08/12/2017 14:00,350
08/12/2017 15:00,362
08/12/2017 16:00,401
08/12/2017 17:00,500
08/12/2017 18:00,752
08/12/2017 19:00,477
08/12/2017 20:00,384
08/12/2017 21:00,336
08/12/2017 22:00,347
08/12/2017 23:00,275
09/12/2017 0:00,267
09/12/2017 1:00,296
09/12/2017 2:00,237
09/12/2017 3:00,169
09/12/2017 4:00,96
09/12/2017 5:00,56
09/12/2017 6:00,76
09/12/2017 7:00,127
09/12/2017 8:00,222
09/12/2017 9:00,291
09/12/2017 10:00,273
09/12/2017 11:00,351
09/12/2017 12:00,427
09/12/2017 13:00,431
09/12/2017 14:00,486
09/12/2017 15:00,569
09/12/2017 16:00,546
09/12/2017 17:00,481
09/12/2017 18:00,384
09/12/2017 19:00,275
09/12/2017 20:00,298
09/12/2017 21:00,321
09/12/2017 22:00,289
09/12/2017 23:00,265
10/12/2017 0:00,326
10/12/2017 1:00,280
10/12/2017 2:00,243
10/12/2017 3:00,169
10/12/2017 4:00,71
10/12/2017 5:00,13
10/12/2017 6:00,9
10/12/2017 7:00,20
10/12/2017 8:00,35
10/12/2017 9:00,31
10/12/2017 10:00,19
10/12/2017 11:00,58
10/12/2017 12:00,119
10/12/2017 13:00,182
10/12/2017 14:00,235
10/12/2017 15:00,180
10/12/2017 16:00,214
10/12/2017 17:00,226
10/12/2017 18:00,210
10/12/2017 19:00,181
10/12/2017 20:00,165
10/12/2017 21:00,167
10/12/2017 22:00,152
10/12/2017 23:00,148
11/12/2017 0:00,125
11/12/2017 1:00,111
11/12/2017 2:00,67
11/12/2017 3:00,45
11/12/2017 4:00,44
11/12/2017 5:00,86
11/12/2017 6:00,136
11/12/2017 7:00,325
11/12/2017 8:00,653
11/12/2017 9:00,326
11/12/2017 10:00,212
11/12/2017 11:00,226
11/12/2017 12:00,247
11/12/2017 13:00,241
11/12/2017 14:00,253
11/12/2017 15:00,269
11/12/2017 16:00,277
11/12/2017 17:00,361
11/12/2017 18:00,557
11/12/2017 19:00,371
11/12/2017 20:00,254
11/12/2017 21:00,266
11/12/2017 22:00,222
11/12/2017 23:00,174
12/12/2017 0:00,133
12/12/2017 1:00,127
12/12/2017 2:00,95
12/12/2017 3:00,54
12/12/2017 4:00,46
12/12/2017 5:00,65
12/12/2017 6:00,104
12/12/2017 7:00,280
12/12/2017 8:00,580
12/12/2017 9:00,275
12/12/2017 10:00,184
12/12/2017 11:00,201
12/12/2017 12:00,228
12/12/2017 13:00,225
12/12/2017 14:00,258
12/12/2017 15:00,250
12/12/2017 16:00,248
12/12/2017 17:00,305
12/12/2017 18:00,529
12/12/2017 19:00,350
12/12/2017 20:00,260
12/12/2017 21:00,270
12/12/2017 22:00,256
12/12/2017 23:00,173
13/12/2017 0:00,168
13/12/2017 1:00,183
13/12/2017 2:00,120
13/12/2017 3:00,79
13/12/2017 4:00,41
13/12/2017 5:00,68
13/12/2017 6:00,109
13/12/2017 7:00,310
13/12/2017 8:00,591
13/12/2017 9:00,340
13/12/2017 10:00,202
13/12/2017 11:00,251
13/12/2017 12:00,267
13/12/2017 13:00,251
13/12/2017 14:00,240
13/12/2017 15:00,240
13/12/2017 16:00,278
13/12/2017 17:00,392
13/12/2017 18:00,537
13/12/2017 19:00,373
13/12/2017 20:00,263
13/12/2017 21:00,271
13/12/2017 22:00,271
13/12/2017 23:00,174
14/12/2017 0:00,171
14/12/2017 1:00,170
14/12/2017 2:00,107
14/12/2017 3:00,80
14/12/2017 4:00,52
14/12/2017 5:00,62
14/12/2017 6:00,108
14/12/2017 7:00,279
14/12/2017 8:00,621
14/12/2017 9:00,305
14/12/2017 10:00,189
14/12/2017 11:00,247
14/12/2017 12:00,278
14/12/2017 13:00,282
14/12/2017 14:00,294
14/12/2017 15:00,301
14/12/2017 16:00,335
14/12/2017 17:00,382
14/12/2017 18:00,612
14/12/2017 19:00,410
14/12/2017 20:00,277
14/12/2017 21:00,316
14/12/2017 22:00,309
14/12/2017 23:00,211
15/12/2017 0:00,227
15/12/2017 1:00,241
15/12/2017 2:00,162
15/12/2017 3:00,110
15/12/2017 4:00,69
15/12/2017 5:00,68
15/12/2017 6:00,129
15/12/2017 7:00,285
15/12/2017 8:00,658
15/12/2017 9:00,330
15/12/2017 10:00,221
15/12/2017 11:00,279
15/12/2017 12:00,309
15/12/2017 13:00,325
15/12/2017 14:00,329
15/12/2017 15:00,342
15/12/2017 16:00,354
15/12/2017 17:00,464
15/12/2017 18:00,682
15/12/2017 19:00,451
15/12/2017 20:00,320
15/12/2017 21:00,300
15/12/2017 22:00,296
15/12/2017 23:00,247
16/12/2017 0:00,217
16/12/2017 1:00,302
16/12/2017 2:00,228
16/12/2017 3:00,129
16/12/2017 4:00,80
16/12/2017 5:00,45
16/12/2017 6:00,66
16/12/2017 7:00,90
16/12/2017 8:00,190
16/12/2017 9:00,195
16/12/2017 10:00,201
16/12/2017 11:00,239
16/12/2017 12:00,252
16/12/2017 13:00,296
16/12/2017 14:00,292
16/12/2017 15:00,291
16/12/2017 16:00,258
16/12/2017 17:00,277
16/12/2017 18:00,212
16/12/2017 19:00,173
16/12/2017 20:00,143
16/12/2017 21:00,159
16/12/2017 22:00,155
16/12/2017 23:00,142
17/12/2017 0:00,175
17/12/2017 1:00,146
17/12/2017 2:00,132
17/12/2017 3:00,100
17/12/2017 4:00,41
17/12/2017 5:00,31
17/12/2017 6:00,39
17/12/2017 7:00,53
17/12/2017 8:00,94
17/12/2017 9:00,122
17/12/2017 10:00,142
17/12/2017 11:00,189
17/12/2017 12:00,216
17/12/2017 13:00,223
17/12/2017 14:00,268
17/12/2017 15:00,278
17/12/2017 16:00,256
17/12/2017 17:00,266
17/12/2017 18:00,204
17/12/2017 19:00,157
17/12/2017 20:00,166
17/12/2017 21:00,168
17/12/2017 22:00,172
17/12/2017 23:00,138
18/12/2017 0:00,151
18/12/2017 1:00,97
18/12/2017 2:00,38
18/12/2017 3:00,32
18/12/2017 4:00,29
18/12/2017 5:00,27
18/12/2017 6:00,45
18/12/2017 7:00,96
18/12/2017 8:00,146
18/12/2017 9:00,52
18/12/2017 10:00,36
18/12/2017 11:00,44
18/12/2017 12:00,62
18/12/2017 13:00,76
18/12/2017 14:00,116
18/12/2017 15:00,137
18/12/2017 16:00,181
18/12/2017 17:00,175
18/12/2017 18:00,281
18/12/2017 19:00,198
18/12/2017 20:00,165
18/12/2017 21:00,148
18/12/2017 22:00,160
18/12/2017 23:00,128
19/12/2017 0:00,122
19/12/2017 1:00,122
19/12/2017 2:00,93
19/12/2017 3:00,55
19/12/2017 4:00,39
19/12/2017 5:00,55
19/12/2017 6:00,78
19/12/2017 7:00,165
19/12/2017 8:00,390
19/12/2017 9:00,199
19/12/2017 10:00,151
19/12/2017 11:00,174
19/12/2017 12:00,191
19/12/2017 13:00,189
19/12/2017 14:00,178
19/12/2017 15:00,195
19/12/2017 16:00,211
19/12/2017 17:00,256
19/12/2017 18:00,384
19/12/2017 19:00,276
19/12/2017 20:00,225
19/12/2017 21:00,224
19/12/2017 22:00,213
19/12/2017 23:00,149
20/12/2017 0:00,142
20/12/2017 1:00,172
20/12/2017 2:00,108
20/12/2017 3:00,71
20/12/2017 4:00,38
20/12/2017 5:00,56
20/12/2017 6:00,97
20/12/2017 7:00,213
20/12/2017 8:00,466
20/12/2017 9:00,239
20/12/2017 10:00,162
20/12/2017 11:00,204
20/12/2017 12:00,209
20/12/2017 13:00,228
20/12/2017 14:00,243
20/12/2017 15:00,240
20/12/2017 16:00,225
20/12/2017 17:00,237
20/12/2017 18:00,329
20/12/2017 19:00,190
20/12/2017 20:00,165
20/12/2017 21:00,197
20/12/2017 22:00,184
20/12/2017 23:00,153
21/12/2017 0:00,166
21/12/2017 1:00,189
21/12/2017 2:00,132
21/12/2017 3:00,79
21/12/2017 4:00,58
21/12/2017 5:00,49
21/12/2017 6:00,84
21/12/2017 7:00,178
21/12/2017 8:00,423
21/12/2017 9:00,265
21/12/2017 10:00,169
21/12/2017 11:00,243
21/12/2017 12:00,290
21/12/2017 13:00,285
21/12/2017 14:00,255
21/12/2017 15:00,316
21/12/2017 16:00,301
21/12/2017 17:00,366
21/12/2017 18:00,531
21/12/2017 19:00,355
21/12/2017 20:00,288
21/12/2017 21:00,248
21/12/2017 22:00,252
21/12/2017 23:00,212
22/12/2017 0:00,196
22/12/2017 1:00,250
22/12/2017 2:00,161
22/12/2017 3:00,99
22/12/2017 4:00,64
22/12/2017 5:00,76
22/12/2017 6:00,114
22/12/2017 7:00,283
22/12/2017 8:00,544
22/12/2017 9:00,298
22/12/2017 10:00,248
22/12/2017 11:00,278
22/12/2017 12:00,301
22/12/2017 13:00,320
22/12/2017 14:00,326
22/12/2017 15:00,386
22/12/2017 16:00,416
22/12/2017 17:00,477
22/12/2017 18:00,671
22/12/2017 19:00,481
22/12/2017 20:00,323
22/12/2017 21:00,309
22/12/2017 22:00,314
22/12/2017 23:00,249
23/12/2017 0:00,282
23/12/2017 1:00,337
23/12/2017 2:00,312
23/12/2017 3:00,230
23/12/2017 4:00,120
23/12/2017 5:00,59
23/12/2017 6:00,63
23/12/2017 7:00,99
23/12/2017 8:00,188
23/12/2017 9:00,239
23/12/2017 10:00,235
23/12/2017 11:00,282
23/12/2017 12:00,325
23/12/2017 13:00,423
23/12/2017 14:00,405
23/12/2017 15:00,443
23/12/2017 16:00,473
23/12/2017 17:00,453
23/12/2017 18:00,340
23/12/2017 19:00,260
23/12/2017 20:00,258
23/12/2017 21:00,279
23/12/2017 22:00,282
23/12/2017 23:00,237
24/12/2017 0:00,266
24/12/2017 1:00,251
24/12/2017 2:00,196
24/12/2017 3:00,149
24/12/2017 4:00,79
24/12/2017 5:00,44
24/12/2017 6:00,12
24/12/2017 7:00,3
24/12/2017 8:00,4
24/12/2017 9:00,3
24/12/2017 10:00,4
24/12/2017 11:00,9
24/12/2017 12:00,4
24/12/2017 13:00,7
24/12/2017 14:00,28
24/12/2017 15:00,38
24/12/2017 16:00,54
24/12/2017 17:00,104
24/12/2017 18:00,128
24/12/2017 19:00,132
24/12/2017 20:00,116
24/12/2017 21:00,145
24/12/2017 22:00,110
24/12/2017 23:00,128
25/12/2017 0:00,160
25/12/2017 1:00,132
25/12/2017 2:00,115
25/12/2017 3:00,100
25/12/2017 4:00,72
25/12/2017 5:00,32
25/12/2017 6:00,59
25/12/2017 7:00,61
25/12/2017 8:00,94
25/12/2017 9:00,107
25/12/2017 10:00,133
25/12/2017 11:00,179
25/12/2017 12:00,221
25/12/2017 13:00,244
25/12/2017 14:00,274
25/12/2017 15:00,319
25/12/2017 16:00,272
25/12/2017 17:00,260
25/12/2017 18:00,237
25/12/2017 19:00,184
25/12/2017 20:00,181
25/12/2017 21:00,185
25/12/2017 22:00,176
25/12/2017 23:00,169
26/12/2017 0:00,178
26/12/2017 1:00,127
26/12/2017 2:00,85
26/12/2017 3:00,72
26/12/2017 4:00,49
26/12/2017 5:00,65
26/12/2017 6:00,120
26/12/2017 7:00,296
26/12/2017 8:00,578
26/12/2017 9:00,293
26/12/2017 10:00,180
26/12/2017 11:00,250
26/12/2017 12:00,262
26/12/2017 13:00,262
26/12/2017 14:00,271
26/12/2017 15:00,246
26/12/2017 16:00,282
26/12/2017 17:00,350
26/12/2017 18:00,481
26/12/2017 19:00,317
26/12/2017 20:00,252
26/12/2017 21:00,220
26/12/2017 22:00,213
26/12/2017 23:00,156
27/12/2017 0:00,133
27/12/2017 1:00,142
27/12/2017 2:00,93
27/12/2017 3:00,81
27/12/2017 4:00,55
27/12/2017 5:00,66
27/12/2017 6:00,105
27/12/2017 7:00,262
27/12/2017 8:00,502
27/12/2017 9:00,279
27/12/2017 10:00,146
27/12/2017 11:00,213
27/12/2017 12:00,230
27/12/2017 13:00,258
27/12/2017 14:00,231
27/12/2017 15:00,228
27/12/2017 16:00,269
27/12/2017 17:00,314
27/12/2017 18:00,466
27/12/2017 19:00,315
27/12/2017 20:00,262
27/12/2017 21:00,242
27/12/2017 22:00,243
27/12/2017 23:00,216
28/12/2017 0:00,164
28/12/2017 1:00,169
28/12/2017 2:00,163
28/12/2017 3:00,86
28/12/2017 4:00,50
28/12/2017 5:00,61
28/12/2017 6:00,103
28/12/2017 7:00,257
28/12/2017 8:00,554
28/12/2017 9:00,326
28/12/2017 10:00,225
28/12/2017 11:00,288
28/12/2017 12:00,286
28/12/2017 13:00,301
28/12/2017 14:00,311
28/12/2017 15:00,303
28/12/2017 16:00,390
28/12/2017 17:00,407
28/12/2017 18:00,552
28/12/2017 19:00,402
28/12/2017 20:00,319
28/12/2017 21:00,332
28/12/2017 22:00,285
28/12/2017 23:00,260
29/12/2017 0:00,233
29/12/2017 1:00,269
29/12/2017 2:00,210
29/12/2017 3:00,135
29/12/2017 4:00,85
29/12/2017 5:00,67
29/12/2017 6:00,128
29/12/2017 7:00,289
29/12/2017 8:00,636
29/12/2017 9:00,353
29/12/2017 10:00,252
29/12/2017 11:00,317
29/12/2017 12:00,363
29/12/2017 13:00,370
29/12/2017 14:00,419
29/12/2017 15:00,426
29/12/2017 16:00,504
29/12/2017 17:00,534
29/12/2017 18:00,574
29/12/2017 19:00,395
29/12/2017 20:00,292
29/12/2017 21:00,282
29/12/2017 22:00,294
29/12/2017 23:00,236
30/12/2017 0:00,240
30/12/2017 1:00,234
30/12/2017 2:00,192
30/12/2017 3:00,127
30/12/2017 4:00,86
30/12/2017 5:00,52
30/12/2017 6:00,62
30/12/2017 7:00,88
30/12/2017 8:00,162
30/12/2017 9:00,224
30/12/2017 10:00,208
30/12/2017 11:00,237
30/12/2017 12:00,274
30/12/2017 13:00,333
30/12/2017 14:00,356
30/12/2017 15:00,337
30/12/2017 16:00,345
30/12/2017 17:00,183
30/12/2017 18:00,45
30/12/2017 19:00,40
30/12/2017 20:00,66
30/12/2017 21:00,64
30/12/2017 22:00,30
30/12/2017 23:00,42
31/12/2017 0:00,43
31/12/2017 1:00,43
31/12/2017 2:00,65
31/12/2017 3:00,65
31/12/2017 4:00,32
31/12/2017 5:00,22
31/12/2017 6:00,25
31/12/2017 7:00,39
31/12/2017 8:00,84
31/12/2017 9:00,103
31/12/2017 10:00,110
31/12/2017 11:00,142
31/12/2017 12:00,209
31/12/2017 13:00,267
31/12/2017 14:00,262
31/12/2017 15:00,300
31/12/2017 16:00,272
31/12/2017 17:00,240
31/12/2017 18:00,215
31/12/2017 19:00,163
31/12/2017 20:00,161
31/12/2017 21:00,179
31/12/2017 22:00,155
31/12/2017 23:00,227
01/01/2018 0:00,206
01/01/2018 1:00,230
01/01/2018 2:00,178
01/01/2018 3:00,119
01/01/2018 4:00,62
01/01/2018 5:00,61
01/01/2018 6:00,65
01/01/2018 7:00,81
01/01/2018 8:00,89
01/01/2018 9:00,121
01/01/2018 10:00,139
01/01/2018 11:00,169
01/01/2018 12:00,225
01/01/2018 13:00,248
01/01/2018 14:00,298
01/01/2018 15:00,344
01/01/2018 16:00,310
01/01/2018 17:00,271
01/01/2018 18:00,218
01/01/2018 19:00,125
01/01/2018 20:00,206
01/01/2018 21:00,203
01/01/2018 22:00,168
01/01/2018 23:00,154
02/01/2018 0:00,148
02/01/2018 1:00,108
02/01/2018 2:00,69
02/01/2018 3:00,41
02/01/2018 4:00,31
02/01/2018 5:00,58
02/01/2018 6:00,139
02/01/2018 7:00,344
02/01/2018 8:00,655
02/01/2018 9:00,315
02/01/2018 10:00,208
02/01/2018 11:00,269
02/01/2018 12:00,293
02/01/2018 13:00,273
02/01/2018 14:00,302
02/01/2018 15:00,295
02/01/2018 16:00,320
02/01/2018 17:00,373
02/01/2018 18:00,675
02/01/2018 19:00,403
02/01/2018 20:00,364
02/01/2018 21:00,304
02/01/2018 22:00,273
02/01/2018 23:00,186
03/01/2018 0:00,160
03/01/2018 1:00,130
03/01/2018 2:00,110
03/01/2018 3:00,67
03/01/2018 4:00,43
03/01/2018 5:00,67
03/01/2018 6:00,137
03/01/2018 7:00,308
03/01/2018 8:00,670
03/01/2018 9:00,342
03/01/2018 10:00,213
03/01/2018 11:00,267
03/01/2018 12:00,297
03/01/2018 13:00,279
03/01/2018 14:00,270
03/01/2018 15:00,286
03/01/2018 16:00,299
03/01/2018 17:00,382
03/01/2018 18:00,637
03/01/2018 19:00,431
03/01/2018 20:00,294
03/01/2018 21:00,335
03/01/2018 22:00,291
03/01/2018 23:00,197
04/01/2018 0:00,159
04/01/2018 1:00,150
04/01/2018 2:00,123
04/01/2018 3:00,57
04/01/2018 4:00,38
04/01/2018 5:00,66
04/01/2018 6:00,120
04/01/2018 7:00,302
04/01/2018 8:00,646
04/01/2018 9:00,340
04/01/2018 10:00,197
04/01/2018 11:00,264
04/01/2018 12:00,290
04/01/2018 13:00,284
04/01/2018 14:00,262
04/01/2018 15:00,281
04/01/2018 16:00,309
04/01/2018 17:00,397
04/01/2018 18:00,603
04/01/2018 19:00,417
04/01/2018 20:00,311
04/01/2018 21:00,310
04/01/2018 22:00,306
04/01/2018 23:00,221
05/01/2018 0:00,202
05/01/2018 1:00,170
05/01/2018 2:00,118
05/01/2018 3:00,67
05/01/2018 4:00,47
05/01/2018 5:00,75
05/01/2018 6:00,123
05/01/2018 7:00,327
05/01/2018 8:00,665
05/01/2018 9:00,354
05/01/2018 10:00,232
05/01/2018 11:00,308
05/01/2018 12:00,362
05/01/2018 13:00,312
05/01/2018 14:00,343
05/01/2018 15:00,333
05/01/2018 16:00,329
05/01/2018 17:00,446
05/01/2018 18:00,635
05/01/2018 19:00,443
05/01/2018 20:00,322
05/01/2018 21:00,284
05/01/2018 22:00,281
05/01/2018 23:00,189
06/01/2018 0:00,184
06/01/2018 1:00,222
06/01/2018 2:00,176
06/01/2018 3:00,103
06/01/2018 4:00,61
06/01/2018 5:00,48
06/01/2018 6:00,69
06/01/2018 7:00,105
06/01/2018 8:00,186
06/01/2018 9:00,221
06/01/2018 10:00,204
06/01/2018 11:00,245
06/01/2018 12:00,283
06/01/2018 13:00,356
06/01/2018 14:00,370
06/01/2018 15:00,373
06/01/2018 16:00,352
06/01/2018 17:00,354
06/01/2018 18:00,271
06/01/2018 19:00,207
06/01/2018 20:00,189
06/01/2018 21:00,214
06/01/2018 22:00,218
06/01/2018 23:00,169
07/01/2018 0:00,192
07/01/2018 1:00,162
07/01/2018 2:00,128
07/01/2018 3:00,102
07/01/2018 4:00,62
07/01/2018 5:00,40
07/01/2018 6:00,38
07/01/2018 7:00,60
07/01/2018 8:00,122
07/01/2018 9:00,143
07/01/2018 10:00,179
07/01/2018 11:00,214
07/01/2018 12:00,278
07/01/2018 13:00,265
07/01/2018 14:00,331
07/01/2018 15:00,368
07/01/2018 16:00,333
07/01/2018 17:00,349
07/01/2018 18:00,270
07/01/2018 19:00,246
07/01/2018 20:00,233
07/01/2018 21:00,236
07/01/2018 22:00,214
07/01/2018 23:00,149
08/01/2018 0:00,149
08/01/2018 1:00,109
08/01/2018 2:00,77
08/01/2018 3:00,53
08/01/2018 4:00,46
08/01/2018 5:00,67
08/01/2018 6:00,159
08/01/2018 7:00,374
08/01/2018 8:00,701
08/01/2018 9:00,387
08/01/2018 10:00,253
08/01/2018 11:00,278
08/01/2018 12:00,356
08/01/2018 13:00,303
08/01/2018 14:00,349
08/01/2018 15:00,318
08/01/2018 16:00,353
08/01/2018 17:00,385
08/01/2018 18:00,316
08/01/2018 19:00,127
08/01/2018 20:00,144
08/01/2018 21:00,146
08/01/2018 22:00,149
08/01/2018 23:00,112
09/01/2018 0:00,100
09/01/2018 1:00,107
09/01/2018 2:00,75
09/01/2018 3:00,52
09/01/2018 4:00,38
09/01/2018 5:00,52
09/01/2018 6:00,126
09/01/2018 7:00,245
09/01/2018 8:00,554
09/01/2018 9:00,320
09/01/2018 10:00,190
09/01/2018 11:00,247
09/01/2018 12:00,262
09/01/2018 13:00,265
09/01/2018 14:00,265
09/01/2018 15:00,257
09/01/2018 16:00,262
09/01/2018 17:00,332
09/01/2018 18:00,558
09/01/2018 19:00,364
09/01/2018 20:00,302
09/01/2018 21:00,281
09/01/2018 22:00,166
09/01/2018 23:00,80
10/01/2018 0:00,61
10/01/2018 1:00,78
10/01/2018 2:00,63
10/01/2018 3:00,40
10/01/2018 4:00,31
10/01/2018 5:00,39
10/01/2018 6:00,84
10/01/2018 7:00,158
10/01/2018 8:00,387
10/01/2018 9:00,225
10/01/2018 10:00,150
10/01/2018 11:00,168
10/01/2018 12:00,217
10/01/2018 13:00,207
10/01/2018 14:00,177
10/01/2018 15:00,193
10/01/2018 16:00,196
10/01/2018 17:00,266
10/01/2018 18:00,437
10/01/2018 19:00,259
10/01/2018 20:00,207
10/01/2018 21:00,214
10/01/2018 22:00,165
10/01/2018 23:00,139
11/01/2018 0:00,98
11/01/2018 1:00,100
11/01/2018 2:00,89
11/01/2018 3:00,38
11/01/2018 4:00,33
11/01/2018 5:00,42
11/01/2018 6:00,82
11/01/2018 7:00,203
11/01/2018 8:00,443
11/01/2018 9:00,227
11/01/2018 10:00,152
11/01/2018 11:00,146
11/01/2018 12:00,187
11/01/2018 13:00,178
11/01/2018 14:00,187
11/01/2018 15:00,181
11/01/2018 16:00,179
11/01/2018 17:00,219
11/01/2018 18:00,352
11/01/2018 19:00,251
11/01/2018 20:00,177
11/01/2018 21:00,162
11/01/2018 22:00,172
11/01/2018 23:00,119
12/01/2018 0:00,105
12/01/2018 1:00,99
12/01/2018 2:00,83
12/01/2018 3:00,42
12/01/2018 4:00,30
12/01/2018 5:00,35
12/01/2018 6:00,92
12/01/2018 7:00,189
12/01/2018 8:00,419
12/01/2018 9:00,196
12/01/2018 10:00,119
12/01/2018 11:00,140
12/01/2018 12:00,178
12/01/2018 13:00,177
12/01/2018 14:00,173
12/01/2018 15:00,177
12/01/2018 16:00,196
12/01/2018 17:00,259
12/01/2018 18:00,405
12/01/2018 19:00,273
12/01/2018 20:00,210
12/01/2018 21:00,184
12/01/2018 22:00,186
12/01/2018 23:00,144
13/01/2018 0:00,152
13/01/2018 1:00,168
13/01/2018 2:00,145
13/01/2018 3:00,77
13/01/2018 4:00,47
13/01/2018 5:00,40
13/01/2018 6:00,42
13/01/2018 7:00,43
13/01/2018 8:00,67
13/01/2018 9:00,102
13/01/2018 10:00,106
13/01/2018 11:00,133
13/01/2018 12:00,174
13/01/2018 13:00,212
13/01/2018 14:00,215
13/01/2018 15:00,251
13/01/2018 16:00,249
13/01/2018 17:00,277
13/01/2018 18:00,223
13/01/2018 19:00,167
13/01/2018 20:00,158
13/01/2018 21:00,156
13/01/2018 22:00,168
13/01/2018 23:00,131
14/01/2018 0:00,149
14/01/2018 1:00,150
14/01/2018 2:00,111
14/01/2018 3:00,79
14/01/2018 4:00,48
14/01/2018 5:00,29
14/01/2018 6:00,49
14/01/2018 7:00,59
14/01/2018 8:00,81
14/01/2018 9:00,118
14/01/2018 10:00,134
14/01/2018 11:00,174
14/01/2018 12:00,226
14/01/2018 13:00,272
14/01/2018 14:00,304
14/01/2018 15:00,353
14/01/2018 16:00,366
14/01/2018 17:00,302
14/01/2018 18:00,250
14/01/2018 19:00,208
14/01/2018 20:00,210
14/01/2018 21:00,213
14/01/2018 22:00,196
14/01/2018 23:00,144
15/01/2018 0:00,171
15/01/2018 1:00,122
15/01/2018 2:00,74
15/01/2018 3:00,58
15/01/2018 4:00,38
15/01/2018 5:00,55
15/01/2018 6:00,82
15/01/2018 7:00,209
15/01/2018 8:00,444
15/01/2018 9:00,303
15/01/2018 10:00,212
15/01/2018 11:00,254
15/01/2018 12:00,311
15/01/2018 13:00,309
15/01/2018 14:00,306
15/01/2018 15:00,349
15/01/2018 16:00,365
15/01/2018 17:00,455
15/01/2018 18:00,555
15/01/2018 19:00,444
15/01/2018 20:00,321
15/01/2018 21:00,334
15/01/2018 22:00,333
15/01/2018 23:00,230
16/01/2018 0:00,212
16/01/2018 1:00,207
16/01/2018 2:00,141
16/01/2018 3:00,81
16/01/2018 4:00,51
16/01/2018 5:00,58
16/01/2018 6:00,140
16/01/2018 7:00,318
16/01/2018 8:00,650
16/01/2018 9:00,376
16/01/2018 10:00,221
16/01/2018 11:00,256
16/01/2018 12:00,276
16/01/2018 13:00,296
16/01/2018 14:00,276
16/01/2018 15:00,250
16/01/2018 16:00,277
16/01/2018 17:00,381
16/01/2018 18:00,592
16/01/2018 19:00,409
16/01/2018 20:00,332
16/01/2018 21:00,342
16/01/2018 22:00,321
16/01/2018 23:00,242
17/01/2018 0:00,204
17/01/2018 1:00,183
17/01/2018 2:00,140
17/01/2018 3:00,75
17/01/2018 4:00,55
17/01/2018 5:00,72
17/01/2018 6:00,115
17/01/2018 7:00,272
17/01/2018 8:00,537
17/01/2018 9:00,337
17/01/2018 10:00,212
17/01/2018 11:00,270
17/01/2018 12:00,310
17/01/2018 13:00,273
17/01/2018 14:00,258
17/01/2018 15:00,278
17/01/2018 16:00,314
17/01/2018 17:00,380
17/01/2018 18:00,501
17/01/2018 19:00,360
17/01/2018 20:00,286
17/01/2018 21:00,320
17/01/2018 22:00,313
17/01/2018 23:00,227
18/01/2018 0:00,215
18/01/2018 1:00,190
18/01/2018 2:00,137
18/01/2018 3:00,95
18/01/2018 4:00,50
18/01/2018 5:00,68
18/01/2018 6:00,107
18/01/2018 7:00,279
18/01/2018 8:00,537
18/01/2018 9:00,305
18/01/2018 10:00,188
18/01/2018 11:00,261
18/01/2018 12:00,267
18/01/2018 13:00,307
18/01/2018 14:00,301
18/01/2018 15:00,269
18/01/2018 16:00,328
18/01/2018 17:00,416
18/01/2018 18:00,506
18/01/2018 19:00,365
18/01/2018 20:00,303
18/01/2018 21:00,339
18/01/2018 22:00,318
18/01/2018 23:00,232
19/01/2018 0:00,211
19/01/2018 1:00,207
19/01/2018 2:00,140
19/01/2018 3:00,93
19/01/2018 4:00,58
19/01/2018 5:00,61
19/01/2018 6:00,151
19/01/2018 7:00,334
19/01/2018 8:00,648
19/01/2018 9:00,387
19/01/2018 10:00,255
19/01/2018 11:00,283
19/01/2018 12:00,341
19/01/2018 13:00,341
19/01/2018 14:00,349
19/01/2018 15:00,381
19/01/2018 16:00,390
19/01/2018 17:00,468
19/01/2018 18:00,702
19/01/2018 19:00,471
19/01/2018 20:00,342
19/01/2018 21:00,331
19/01/2018 22:00,292
19/01/2018 23:00,236
20/01/2018 0:00,228
20/01/2018 1:00,258
20/01/2018 2:00,216
20/01/2018 3:00,118
20/01/2018 4:00,89
20/01/2018 5:00,56
20/01/2018 6:00,50
20/01/2018 7:00,101
20/01/2018 8:00,191
20/01/2018 9:00,234
20/01/2018 10:00,259
20/01/2018 11:00,285
20/01/2018 12:00,325
20/01/2018 13:00,356
20/01/2018 14:00,334
20/01/2018 15:00,406
20/01/2018 16:00,352
20/01/2018 17:00,377
20/01/2018 18:00,283
20/01/2018 19:00,223
20/01/2018 20:00,219
20/01/2018 21:00,220
20/01/2018 22:00,232
20/01/2018 23:00,164
21/01/2018 0:00,196
21/01/2018 1:00,177
21/01/2018 2:00,107
21/01/2018 3:00,107
21/01/2018 4:00,73
21/01/2018 5:00,32
21/01/2018 6:00,36
21/01/2018 7:00,61
21/01/2018 8:00,115
21/01/2018 9:00,152
21/01/2018 10:00,189
21/01/2018 11:00,216
21/01/2018 12:00,271
21/01/2018 13:00,343
21/01/2018 14:00,340
21/01/2018 15:00,389
21/01/2018 16:00,396
21/01/2018 17:00,383
21/01/2018 18:00,295
21/01/2018 19:00,223
21/01/2018 20:00,258
21/01/2018 21:00,237
21/01/2018 22:00,207
21/01/2018 23:00,170
22/01/2018 0:00,171
22/01/2018 1:00,97
22/01/2018 2:00,73
22/01/2018 3:00,53
22/01/2018 4:00,31
22/01/2018 5:00,60
22/01/2018 6:00,165
22/01/2018 7:00,316
22/01/2018 8:00,683
22/01/2018 9:00,365
22/01/2018 10:00,221
22/01/2018 11:00,277
22/01/2018 12:00,323
22/01/2018 13:00,281
22/01/2018 14:00,249
22/01/2018 15:00,63
22/01/2018 16:00,18
22/01/2018 17:00,43
22/01/2018 18:00,170
22/01/2018 19:00,167
22/01/2018 20:00,181
22/01/2018 21:00,187
22/01/2018 22:00,170
22/01/2018 23:00,139
23/01/2018 0:00,96
23/01/2018 1:00,120
23/01/2018 2:00,75
23/01/2018 3:00,55
23/01/2018 4:00,45
23/01/2018 5:00,44
23/01/2018 6:00,84
23/01/2018 7:00,211
23/01/2018 8:00,423
23/01/2018 9:00,228
23/01/2018 10:00,132
23/01/2018 11:00,184
23/01/2018 12:00,180
23/01/2018 13:00,189
23/01/2018 14:00,169
23/01/2018 15:00,181
23/01/2018 16:00,181
23/01/2018 17:00,239
23/01/2018 18:00,351
23/01/2018 19:00,248
23/01/2018 20:00,178
23/01/2018 21:00,145
23/01/2018 22:00,117
23/01/2018 23:00,106
24/01/2018 0:00,90
24/01/2018 1:00,89
24/01/2018 2:00,50
24/01/2018 3:00,32
24/01/2018 4:00,24
24/01/2018 5:00,34
24/01/2018 6:00,71
24/01/2018 7:00,164
24/01/2018 8:00,364
24/01/2018 9:00,192
24/01/2018 10:00,90
24/01/2018 11:00,124
24/01/2018 12:00,121
24/01/2018 13:00,140
24/01/2018 14:00,125
24/01/2018 15:00,149
24/01/2018 16:00,124
24/01/2018 17:00,203
24/01/2018 18:00,297
24/01/2018 19:00,211
24/01/2018 20:00,125
24/01/2018 21:00,132
24/01/2018 22:00,121
24/01/2018 23:00,82
25/01/2018 0:00,78
25/01/2018 1:00,68
25/01/2018 2:00,60
25/01/2018 3:00,32
25/01/2018 4:00,22
25/01/2018 5:00,34
25/01/2018 6:00,71
25/01/2018 7:00,165
25/01/2018 8:00,349
25/01/2018 9:00,187
25/01/2018 10:00,105
25/01/2018 11:00,122
25/01/2018 12:00,142
25/01/2018 13:00,130
25/01/2018 14:00,160
25/01/2018 15:00,130
25/01/2018 16:00,152
25/01/2018 17:00,170
25/01/2018 18:00,288
25/01/2018 19:00,178
25/01/2018 20:00,141
25/01/2018 21:00,137
25/01/2018 22:00,113
25/01/2018 23:00,79
26/01/2018 0:00,68
26/01/2018 1:00,93
26/01/2018 2:00,54
26/01/2018 3:00,41
26/01/2018 4:00,24
26/01/2018 5:00,36
26/01/2018 6:00,64
26/01/2018 7:00,142
26/01/2018 8:00,322
26/01/2018 9:00,149
26/01/2018 10:00,96
26/01/2018 11:00,93
26/01/2018 12:00,111
26/01/2018 13:00,115
26/01/2018 14:00,116
26/01/2018 15:00,140
26/01/2018 16:00,147
26/01/2018 17:00,196
26/01/2018 18:00,305
26/01/2018 19:00,171
26/01/2018 20:00,121
26/01/2018 21:00,130
26/01/2018 22:00,108
26/01/2018 23:00,89
27/01/2018 0:00,80
27/01/2018 1:00,94
27/01/2018 2:00,75
27/01/2018 3:00,41
27/01/2018 4:00,36
27/01/2018 5:00,25
27/01/2018 6:00,33
27/01/2018 7:00,57
27/01/2018 8:00,84
27/01/2018 9:00,105
27/01/2018 10:00,96
27/01/2018 11:00,125
27/01/2018 12:00,145
27/01/2018 13:00,189
27/01/2018 14:00,193
27/01/2018 15:00,192
27/01/2018 16:00,195
27/01/2018 17:00,207
27/01/2018 18:00,162
27/01/2018 19:00,122
27/01/2018 20:00,117
27/01/2018 21:00,103
27/01/2018 22:00,114
27/01/2018 23:00,103
28/01/2018 0:00,125
28/01/2018 1:00,103
28/01/2018 2:00,72
28/01/2018 3:00,67
28/01/2018 4:00,38
28/01/2018 5:00,21
28/01/2018 6:00,30
28/01/2018 7:00,42
28/01/2018 8:00,72
28/01/2018 9:00,104
28/01/2018 10:00,111
28/01/2018 11:00,145
28/01/2018 12:00,189
28/01/2018 13:00,206
28/01/2018 14:00,225
28/01/2018 15:00,217
28/01/2018 16:00,187
28/01/2018 17:00,178
28/01/2018 18:00,157
28/01/2018 19:00,134
28/01/2018 20:00,113
28/01/2018 21:00,106
28/01/2018 22:00,105
28/01/2018 23:00,81
29/01/2018 0:00,80
29/01/2018 1:00,62
29/01/2018 2:00,49
29/01/2018 3:00,27
29/01/2018 4:00,26
29/01/2018 5:00,50
29/01/2018 6:00,94
29/01/2018 7:00,231
29/01/2018 8:00,450
29/01/2018 9:00,217
29/01/2018 10:00,135
29/01/2018 11:00,166
29/01/2018 12:00,186
29/01/2018 13:00,166
29/01/2018 14:00,168
29/01/2018 15:00,177
29/01/2018 16:00,195
29/01/2018 17:00,239
29/01/2018 18:00,438
29/01/2018 19:00,282
29/01/2018 20:00,197
29/01/2018 21:00,182
29/01/2018 22:00,172
29/01/2018 23:00,99
30/01/2018 0:00,108
30/01/2018 1:00,129
30/01/2018 2:00,84
30/01/2018 3:00,54
30/01/2018 4:00,33
30/01/2018 5:00,47
30/01/2018 6:00,94
30/01/2018 7:00,214
30/01/2018 8:00,491
30/01/2018 9:00,254
30/01/2018 10:00,170
30/01/2018 11:00,220
30/01/2018 12:00,253
30/01/2018 13:00,225
30/01/2018 14:00,238
30/01/2018 15:00,173
30/01/2018 16:00,94
30/01/2018 17:00,53
30/01/2018 18:00,100
30/01/2018 19:00,59
30/01/2018 20:00,72
30/01/2018 21:00,60
30/01/2018 22:00,73
30/01/2018 23:00,62
31/01/2018 0:00,69
31/01/2018 1:00,96
31/01/2018 2:00,60
31/01/2018 3:00,47
31/01/2018 4:00,34
31/01/2018 5:00,34
31/01/2018 6:00,63
31/01/2018 7:00,124
31/01/2018 8:00,273
31/01/2018 9:00,137
31/01/2018 10:00,102
31/01/2018 11:00,144
31/01/2018 12:00,160
31/01/2018 13:00,171
31/01/2018 14:00,156
31/01/2018 15:00,214
31/01/2018 16:00,216
31/01/2018 17:00,279
31/01/2018 18:00,403
31/01/2018 19:00,270
31/01/2018 20:00,229
31/01/2018 21:00,229
31/01/2018 22:00,188
31/01/2018 23:00,132
01/02/2018 0:00,122
01/02/2018 1:00,149
01/02/2018 2:00,103
01/02/2018 3:00,81
01/02/2018 4:00,37
01/02/2018 5:00,51
01/02/2018 6:00,95
01/02/2018 7:00,244
01/02/2018 8:00,459
01/02/2018 9:00,259
01/02/2018 10:00,168
01/02/2018 11:00,194
01/02/2018 12:00,240
01/02/2018 13:00,233
01/02/2018 14:00,256
01/02/2018 15:00,293
01/02/2018 16:00,268
01/02/2018 17:00,341
01/02/2018 18:00,542
01/02/2018 19:00,344
01/02/2018 20:00,263
01/02/2018 21:00,257
01/02/2018 22:00,235
01/02/2018 23:00,143
02/02/2018 0:00,138
02/02/2018 1:00,159
02/02/2018 2:00,102
02/02/2018 3:00,65
02/02/2018 4:00,47
02/02/2018 5:00,48
02/02/2018 6:00,115
02/02/2018 7:00,267
02/02/2018 8:00,558
02/02/2018 9:00,280
02/02/2018 10:00,187
02/02/2018 11:00,234
02/02/2018 12:00,303
02/02/2018 13:00,294
02/02/2018 14:00,293
02/02/2018 15:00,310
02/02/2018 16:00,330
02/02/2018 17:00,382
02/02/2018 18:00,592
02/02/2018 19:00,379
02/02/2018 20:00,241
02/02/2018 21:00,225
02/02/2018 22:00,227
02/02/2018 23:00,178
03/02/2018 0:00,182
03/02/2018 1:00,184
03/02/2018 2:00,123
03/02/2018 3:00,60
03/02/2018 4:00,35
03/02/2018 5:00,31
03/02/2018 6:00,33
03/02/2018 7:00,67
03/02/2018 8:00,116
03/02/2018 9:00,168
03/02/2018 10:00,144
03/02/2018 11:00,195
03/02/2018 12:00,192
03/02/2018 13:00,229
03/02/2018 14:00,196
03/02/2018 15:00,210
03/02/2018 16:00,205
03/02/2018 17:00,211
03/02/2018 18:00,175
03/02/2018 19:00,135
03/02/2018 20:00,109
03/02/2018 21:00,107
03/02/2018 22:00,92
03/02/2018 23:00,91
04/02/2018 0:00,98
04/02/2018 1:00,90
04/02/2018 2:00,60
04/02/2018 3:00,54
04/02/2018 4:00,35
04/02/2018 5:00,21
04/02/2018 6:00,23
04/02/2018 7:00,34
04/02/2018 8:00,70
04/02/2018 9:00,97
04/02/2018 10:00,103
04/02/2018 11:00,115
04/02/2018 12:00,165
04/02/2018 13:00,152
04/02/2018 14:00,177
04/02/2018 15:00,190
04/02/2018 16:00,181
04/02/2018 17:00,184
04/02/2018 18:00,154
04/02/2018 19:00,124
04/02/2018 20:00,98
04/02/2018 21:00,107
04/02/2018 22:00,78
04/02/2018 23:00,77
05/02/2018 0:00,82
05/02/2018 1:00,52
05/02/2018 2:00,39
05/02/2018 3:00,33
05/02/2018 4:00,20
05/02/2018 5:00,37
05/02/2018 6:00,110
05/02/2018 7:00,227
05/02/2018 8:00,433
05/02/2018 9:00,216
05/02/2018 10:00,123
05/02/2018 11:00,156
05/02/2018 12:00,157
05/02/2018 13:00,169
05/02/2018 14:00,170
05/02/2018 15:00,169
05/02/2018 16:00,199
05/02/2018 17:00,225
05/02/2018 18:00,388
05/02/2018 19:00,246
05/02/2018 20:00,206
05/02/2018 21:00,177
05/02/2018 22:00,183
05/02/2018 23:00,115
06/02/2018 0:00,126
06/02/2018 1:00,87
06/02/2018 2:00,59
06/02/2018 3:00,36
06/02/2018 4:00,32
06/02/2018 5:00,40
06/02/2018 6:00,94
06/02/2018 7:00,213
06/02/2018 8:00,438
06/02/2018 9:00,217
06/02/2018 10:00,128
06/02/2018 11:00,175
06/02/2018 12:00,172
06/02/2018 13:00,165
06/02/2018 14:00,147
06/02/2018 15:00,171
06/02/2018 16:00,175
06/02/2018 17:00,227
06/02/2018 18:00,392
06/02/2018 19:00,251
06/02/2018 20:00,193
06/02/2018 21:00,175
06/02/2018 22:00,169
06/02/2018 23:00,106
07/02/2018 0:00,116
07/02/2018 1:00,96
07/02/2018 2:00,83
07/02/2018 3:00,51
07/02/2018 4:00,34
07/02/2018 5:00,45
07/02/2018 6:00,92
07/02/2018 7:00,214
07/02/2018 8:00,469
07/02/2018 9:00,237
07/02/2018 10:00,155
07/02/2018 11:00,176
07/02/2018 12:00,188
07/02/2018 13:00,228
07/02/2018 14:00,199
07/02/2018 15:00,221
07/02/2018 16:00,240
07/02/2018 17:00,320
07/02/2018 18:00,448
07/02/2018 19:00,280
07/02/2018 20:00,218
07/02/2018 21:00,223
07/02/2018 22:00,200
07/02/2018 23:00,164
08/02/2018 0:00,136
08/02/2018 1:00,126
08/02/2018 2:00,103
08/02/2018 3:00,57
08/02/2018 4:00,46
08/02/2018 5:00,39
08/02/2018 6:00,99
08/02/2018 7:00,255
08/02/2018 8:00,507
08/02/2018 9:00,270
08/02/2018 10:00,160
08/02/2018 11:00,217
08/02/2018 12:00,253
08/02/2018 13:00,270
08/02/2018 14:00,253
08/02/2018 15:00,286
08/02/2018 16:00,284
08/02/2018 17:00,337
08/02/2018 18:00,564
08/02/2018 19:00,378
08/02/2018 20:00,277
08/02/2018 21:00,268
08/02/2018 22:00,233
08/02/2018 23:00,195
09/02/2018 0:00,178
09/02/2018 1:00,159
09/02/2018 2:00,107
09/02/2018 3:00,78
09/02/2018 4:00,46
09/02/2018 5:00,36
09/02/2018 6:00,117
09/02/2018 7:00,273
09/02/2018 8:00,589
09/02/2018 9:00,308
09/02/2018 10:00,199
09/02/2018 11:00,238
09/02/2018 12:00,260
09/02/2018 13:00,268
09/02/2018 14:00,283
09/02/2018 15:00,315
09/02/2018 16:00,319
09/02/2018 17:00,422
09/02/2018 18:00,659
09/02/2018 19:00,407
09/02/2018 20:00,308
09/02/2018 21:00,243
09/02/2018 22:00,263
09/02/2018 23:00,193
10/02/2018 0:00,197
10/02/2018 1:00,237
10/02/2018 2:00,169
10/02/2018 3:00,145
10/02/2018 4:00,79
10/02/2018 5:00,41
10/02/2018 6:00,48
10/02/2018 7:00,97
10/02/2018 8:00,188
10/02/2018 9:00,222
10/02/2018 10:00,223
10/02/2018 11:00,235
10/02/2018 12:00,248
10/02/2018 13:00,296
10/02/2018 14:00,286
10/02/2018 15:00,277
10/02/2018 16:00,291
10/02/2018 17:00,277
10/02/2018 18:00,216
10/02/2018 19:00,151
10/02/2018 20:00,132
10/02/2018 21:00,124
10/02/2018 22:00,128
10/02/2018 23:00,118
11/02/2018 0:00,112
11/02/2018 1:00,95
11/02/2018 2:00,93
11/02/2018 3:00,58
11/02/2018 4:00,34
11/02/2018 5:00,19
11/02/2018 6:00,39
11/02/2018 7:00,40
11/02/2018 8:00,81
11/02/2018 9:00,126
11/02/2018 10:00,130
11/02/2018 11:00,155
11/02/2018 12:00,174
11/02/2018 13:00,212
11/02/2018 14:00,191
11/02/2018 15:00,181
11/02/2018 16:00,175
11/02/2018 17:00,198
11/02/2018 18:00,150
11/02/2018 19:00,147
11/02/2018 20:00,127
11/02/2018 21:00,119
11/02/2018 22:00,103
11/02/2018 23:00,91
12/02/2018 0:00,103
12/02/2018 1:00,69
12/02/2018 2:00,45
12/02/2018 3:00,21
12/02/2018 4:00,33
12/02/2018 5:00,30
12/02/2018 6:00,109
12/02/2018 7:00,236
12/02/2018 8:00,517
12/02/2018 9:00,262
12/02/2018 10:00,161
12/02/2018 11:00,190
12/02/2018 12:00,202
12/02/2018 13:00,246
12/02/2018 14:00,182
12/02/2018 15:00,228
12/02/2018 16:00,239
12/02/2018 17:00,288
12/02/2018 18:00,475
12/02/2018 19:00,340
12/02/2018 20:00,244
12/02/2018 21:00,253
12/02/2018 22:00,200
12/02/2018 23:00,140
13/02/2018 0:00,158
13/02/2018 1:00,146
13/02/2018 2:00,106
13/02/2018 3:00,70
13/02/2018 4:00,46
13/02/2018 5:00,51
13/02/2018 6:00,96
13/02/2018 7:00,294
13/02/2018 8:00,568
13/02/2018 9:00,285
13/02/2018 10:00,200
13/02/2018 11:00,252
13/02/2018 12:00,281
13/02/2018 13:00,256
13/02/2018 14:00,300
13/02/2018 15:00,295
13/02/2018 16:00,328
13/02/2018 17:00,410
13/02/2018 18:00,604
13/02/2018 19:00,406
13/02/2018 20:00,323
13/02/2018 21:00,290
13/02/2018 22:00,291
13/02/2018 23:00,211
14/02/2018 0:00,178
14/02/2018 1:00,213
14/02/2018 2:00,129
14/02/2018 3:00,101
14/02/2018 4:00,51
14/02/2018 5:00,56
14/02/2018 6:00,108
14/02/2018 7:00,292
14/02/2018 8:00,606
14/02/2018 9:00,326
14/02/2018 10:00,241
14/02/2018 11:00,288
14/02/2018 12:00,312
14/02/2018 13:00,349
14/02/2018 14:00,398
14/02/2018 15:00,461
14/02/2018 16:00,447
14/02/2018 17:00,484
14/02/2018 18:00,559
14/02/2018 19:00,316
14/02/2018 20:00,262
14/02/2018 21:00,216
14/02/2018 22:00,218
14/02/2018 23:00,160
15/02/2018 0:00,126
15/02/2018 1:00,123
15/02/2018 2:00,112
15/02/2018 3:00,74
15/02/2018 4:00,58
15/02/2018 5:00,32
15/02/2018 6:00,39
15/02/2018 7:00,55
15/02/2018 8:00,112
15/02/2018 9:00,112
15/02/2018 10:00,127
15/02/2018 11:00,170
15/02/2018 12:00,174
15/02/2018 13:00,240
15/02/2018 14:00,270
15/02/2018 15:00,276
15/02/2018 16:00,273
15/02/2018 17:00,236
15/02/2018 18:00,190
15/02/2018 19:00,166
15/02/2018 20:00,148
15/02/2018 21:00,134
15/02/2018 22:00,145
15/02/2018 23:00,92
16/02/2018 0:00,105
16/02/2018 1:00,77
16/02/2018 2:00,47
16/02/2018 3:00,36
16/02/2018 4:00,35
16/02/2018 5:00,28
16/02/2018 6:00,30
16/02/2018 7:00,49
16/02/2018 8:00,68
16/02/2018 9:00,48
16/02/2018 10:00,78
16/02/2018 11:00,93
16/02/2018 12:00,137
16/02/2018 13:00,169
16/02/2018 14:00,196
16/02/2018 15:00,243
16/02/2018 16:00,189
16/02/2018 17:00,210
16/02/2018 18:00,165
16/02/2018 19:00,126
16/02/2018 20:00,150
16/02/2018 21:00,114
16/02/2018 22:00,116
16/02/2018 23:00,84
17/02/2018 0:00,79
17/02/2018 1:00,71
17/02/2018 2:00,56
17/02/2018 3:00,34
17/02/2018 4:00,20
17/02/2018 5:00,14
17/02/2018 6:00,39
17/02/2018 7:00,35
17/02/2018 8:00,80
17/02/2018 9:00,98
17/02/2018 10:00,103
17/02/2018 11:00,155
17/02/2018 12:00,183
17/02/2018 13:00,193
17/02/2018 14:00,258
17/02/2018 15:00,273
17/02/2018 16:00,267
17/02/2018 17:00,250
17/02/2018 18:00,223
17/02/2018 19:00,169
17/02/2018 20:00,145
17/02/2018 21:00,133
17/02/2018 22:00,123
17/02/2018 23:00,117
18/02/2018 0:00,99
18/02/2018 1:00,103
18/02/2018 2:00,86
18/02/2018 3:00,56
18/02/2018 4:00,37
18/02/2018 5:00,22
18/02/2018 6:00,38
18/02/2018 7:00,52
18/02/2018 8:00,92
18/02/2018 9:00,137
18/02/2018 10:00,156
18/02/2018 11:00,183
18/02/2018 12:00,263
18/02/2018 13:00,337
18/02/2018 14:00,372
18/02/2018 15:00,440
18/02/2018 16:00,404
18/02/2018 17:00,354
18/02/2018 18:00,310
18/02/2018 19:00,238
18/02/2018 20:00,213
18/02/2018 21:00,226
18/02/2018 22:00,191
18/02/2018 23:00,153
19/02/2018 0:00,148
19/02/2018 1:00,101
19/02/2018 2:00,59
19/02/2018 3:00,42
19/02/2018 4:00,50
19/02/2018 5:00,59
19/02/2018 6:00,139
19/02/2018 7:00,349
19/02/2018 8:00,646
19/02/2018 9:00,347
19/02/2018 10:00,235
19/02/2018 11:00,314
19/02/2018 12:00,361
19/02/2018 13:00,332
19/02/2018 14:00,373
19/02/2018 15:00,392
19/02/2018 16:00,403
19/02/2018 17:00,522
19/02/2018 18:00,819
19/02/2018 19:00,533
19/02/2018 20:00,417
19/02/2018 21:00,388
19/02/2018 22:00,357
19/02/2018 23:00,218
20/02/2018 0:00,177
20/02/2018 1:00,172
20/02/2018 2:00,115
20/02/2018 3:00,63
20/02/2018 4:00,64
20/02/2018 5:00,79
20/02/2018 6:00,164
20/02/2018 7:00,404
20/02/2018 8:00,727
20/02/2018 9:00,384
20/02/2018 10:00,265
20/02/2018 11:00,322
20/02/2018 12:00,356
20/02/2018 13:00,370
20/02/2018 14:00,335
20/02/2018 15:00,431
20/02/2018 16:00,393
20/02/2018 17:00,514
20/02/2018 18:00,764
20/02/2018 19:00,522
20/02/2018 20:00,358
20/02/2018 21:00,415
20/02/2018 22:00,319
20/02/2018 23:00,242
21/02/2018 0:00,171
21/02/2018 1:00,162
21/02/2018 2:00,105
21/02/2018 3:00,59
21/02/2018 4:00,50
21/02/2018 5:00,63
21/02/2018 6:00,159
21/02/2018 7:00,385
21/02/2018 8:00,718
21/02/2018 9:00,373
21/02/2018 10:00,244
21/02/2018 11:00,276
21/02/2018 12:00,351
21/02/2018 13:00,299
21/02/2018 14:00,365
21/02/2018 15:00,366
21/02/2018 16:00,409
21/02/2018 17:00,469
21/02/2018 18:00,784
21/02/2018 19:00,460
21/02/2018 20:00,356
21/02/2018 21:00,345
21/02/2018 22:00,299
21/02/2018 23:00,223
22/02/2018 0:00,195
22/02/2018 1:00,190
22/02/2018 2:00,116
22/02/2018 3:00,71
22/02/2018 4:00,66
22/02/2018 5:00,75
22/02/2018 6:00,151
22/02/2018 7:00,373
22/02/2018 8:00,783
22/02/2018 9:00,383
22/02/2018 10:00,259
22/02/2018 11:00,308
22/02/2018 12:00,352
22/02/2018 13:00,316
22/02/2018 14:00,331
22/02/2018 15:00,356
22/02/2018 16:00,404
22/02/2018 17:00,465
22/02/2018 18:00,730
22/02/2018 19:00,499
22/02/2018 20:00,348
22/02/2018 21:00,393
22/02/2018 22:00,346
22/02/2018 23:00,202
23/02/2018 0:00,42
23/02/2018 1:00,55
23/02/2018 2:00,62
23/02/2018 3:00,32
23/02/2018 4:00,36
23/02/2018 5:00,39
23/02/2018 6:00,63
23/02/2018 7:00,174
23/02/2018 8:00,391
23/02/2018 9:00,214
23/02/2018 10:00,184
23/02/2018 11:00,230
23/02/2018 12:00,283
23/02/2018 13:00,304
23/02/2018 14:00,312
23/02/2018 15:00,312
23/02/2018 16:00,354
23/02/2018 17:00,470
23/02/2018 18:00,669
23/02/2018 19:00,421
23/02/2018 20:00,295
23/02/2018 21:00,321
23/02/2018 22:00,291
23/02/2018 23:00,243
24/02/2018 0:00,226
24/02/2018 1:00,263
24/02/2018 2:00,197
24/02/2018 3:00,133
24/02/2018 4:00,63
24/02/2018 5:00,58
24/02/2018 6:00,72
24/02/2018 7:00,108
24/02/2018 8:00,203
24/02/2018 9:00,253
24/02/2018 10:00,259
24/02/2018 11:00,298
24/02/2018 12:00,363
24/02/2018 13:00,412
24/02/2018 14:00,454
24/02/2018 15:00,467
24/02/2018 16:00,509
24/02/2018 17:00,462
24/02/2018 18:00,379
24/02/2018 19:00,306
24/02/2018 20:00,233
24/02/2018 21:00,232
24/02/2018 22:00,219
24/02/2018 23:00,187
25/02/2018 0:00,182
25/02/2018 1:00,189
25/02/2018 2:00,124
25/02/2018 3:00,103
25/02/2018 4:00,52
25/02/2018 5:00,37
25/02/2018 6:00,54
25/02/2018 7:00,77
25/02/2018 8:00,158
25/02/2018 9:00,173
25/02/2018 10:00,195
25/02/2018 11:00,244
25/02/2018 12:00,396
25/02/2018 13:00,482
25/02/2018 14:00,572
25/02/2018 15:00,612
25/02/2018 16:00,688
25/02/2018 17:00,589
25/02/2018 18:00,402
25/02/2018 19:00,297
25/02/2018 20:00,232
25/02/2018 21:00,239
25/02/2018 22:00,230
25/02/2018 23:00,173
26/02/2018 0:00,135
26/02/2018 1:00,122
26/02/2018 2:00,80
26/02/2018 3:00,46
26/02/2018 4:00,46
26/02/2018 5:00,65
26/02/2018 6:00,161
26/02/2018 7:00,402
26/02/2018 8:00,786
26/02/2018 9:00,416
26/02/2018 10:00,289
26/02/2018 11:00,356
26/02/2018 12:00,428
26/02/2018 13:00,444
26/02/2018 14:00,455
26/02/2018 15:00,521
26/02/2018 16:00,555
26/02/2018 17:00,646
26/02/2018 18:00,929
26/02/2018 19:00,619
26/02/2018 20:00,483
26/02/2018 21:00,512
26/02/2018 22:00,443
26/02/2018 23:00,308
27/02/2018 0:00,236
27/02/2018 1:00,213
27/02/2018 2:00,145
27/02/2018 3:00,102
27/02/2018 4:00,62
27/02/2018 5:00,72
27/02/2018 6:00,183
27/02/2018 7:00,443
27/02/2018 8:00,767
27/02/2018 9:00,455
27/02/2018 10:00,261
27/02/2018 11:00,342
27/02/2018 12:00,353
27/02/2018 13:00,335
27/02/2018 14:00,357
27/02/2018 15:00,402
27/02/2018 16:00,411
27/02/2018 17:00,529
27/02/2018 18:00,897
27/02/2018 19:00,616
27/02/2018 20:00,461
27/02/2018 21:00,449
27/02/2018 22:00,461
27/02/2018 23:00,310
28/02/2018 0:00,266
28/02/2018 1:00,229
28/02/2018 2:00,174
28/02/2018 3:00,116
28/02/2018 4:00,72
28/02/2018 5:00,62
28/02/2018 6:00,165
28/02/2018 7:00,426
28/02/2018 8:00,816
28/02/2018 9:00,419
28/02/2018 10:00,285
28/02/2018 11:00,332
28/02/2018 12:00,305
28/02/2018 13:00,28
28/02/2018 14:00,17
28/02/2018 15:00,7
28/02/2018 16:00,9
28/02/2018 17:00,8
28/02/2018 18:00,11
28/02/2018 19:00,19
28/02/2018 20:00,8
28/02/2018 21:00,10
28/02/2018 22:00,13
28/02/2018 23:00,23
01/03/2018 0:00,71
01/03/2018 1:00,147
01/03/2018 2:00,180
01/03/2018 3:00,92
01/03/2018 4:00,28
01/03/2018 5:00,11
01/03/2018 6:00,33
01/03/2018 7:00,61
01/03/2018 8:00,148
01/03/2018 9:00,160
01/03/2018 10:00,191
01/03/2018 11:00,239
01/03/2018 12:00,311
01/03/2018 13:00,358
01/03/2018 14:00,375
01/03/2018 15:00,458
01/03/2018 16:00,460
01/03/2018 17:00,423
01/03/2018 18:00,317
01/03/2018 19:00,231
01/03/2018 20:00,246
01/03/2018 21:00,212
01/03/2018 22:00,190
01/03/2018 23:00,190
02/03/2018 0:00,156
02/03/2018 1:00,108
02/03/2018 2:00,71
02/03/2018 3:00,49
02/03/2018 4:00,47
02/03/2018 5:00,65
02/03/2018 6:00,135
02/03/2018 7:00,401
02/03/2018 8:00,617
02/03/2018 9:00,343
02/03/2018 10:00,274
02/03/2018 11:00,343
02/03/2018 12:00,388
02/03/2018 13:00,375
02/03/2018 14:00,450
02/03/2018 15:00,463
02/03/2018 16:00,574
02/03/2018 17:00,631
02/03/2018 18:00,854
02/03/2018 19:00,568
02/03/2018 20:00,427
02/03/2018 21:00,396
02/03/2018 22:00,414
02/03/2018 23:00,284
03/03/2018 0:00,218
03/03/2018 1:00,229
03/03/2018 2:00,176
03/03/2018 3:00,149
03/03/2018 4:00,93
03/03/2018 5:00,55
03/03/2018 6:00,71
03/03/2018 7:00,159
03/03/2018 8:00,306
03/03/2018 9:00,329
03/03/2018 10:00,354
03/03/2018 11:00,431
03/03/2018 12:00,605
03/03/2018 13:00,771
03/03/2018 14:00,1025
03/03/2018 15:00,1238
03/03/2018 16:00,1285
03/03/2018 17:00,1197
03/03/2018 18:00,920
03/03/2018 19:00,630
03/03/2018 20:00,631
03/03/2018 21:00,588
03/03/2018 22:00,516
03/03/2018 23:00,215
04/03/2018 0:00,161
04/03/2018 1:00,118
04/03/2018 2:00,95
04/03/2018 3:00,90
04/03/2018 4:00,34
04/03/2018 5:00,15
04/03/2018 6:00,20
04/03/2018 7:00,23
04/03/2018 8:00,70
04/03/2018 9:00,157
04/03/2018 10:00,239
04/03/2018 11:00,273
04/03/2018 12:00,358
04/03/2018 13:00,429
04/03/2018 14:00,475
04/03/2018 15:00,468
04/03/2018 16:00,396
04/03/2018 17:00,492
04/03/2018 18:00,436
04/03/2018 19:00,289
04/03/2018 20:00,26
04/03/2018 21:00,7
04/03/2018 22:00,8
04/03/2018 23:00,9
05/03/2018 0:00,22
05/03/2018 1:00,23
05/03/2018 2:00,9
05/03/2018 3:00,2
05/03/2018 4:00,4
05/03/2018 5:00,22
05/03/2018 6:00,20
05/03/2018 7:00,85
05/03/2018 8:00,184
05/03/2018 9:00,211
05/03/2018 10:00,232
05/03/2018 11:00,322
05/03/2018 12:00,438
05/03/2018 13:00,465
05/03/2018 14:00,550
05/03/2018 15:00,637
05/03/2018 16:00,718
05/03/2018 17:00,865
05/03/2018 18:00,1155
05/03/2018 19:00,782
05/03/2018 20:00,578
05/03/2018 21:00,533
05/03/2018 22:00,466
05/03/2018 23:00,274
06/03/2018 0:00,224
06/03/2018 1:00,188
06/03/2018 2:00,122
06/03/2018 3:00,82
06/03/2018 4:00,79
06/03/2018 5:00,80
06/03/2018 6:00,214
06/03/2018 7:00,583
06/03/2018 8:00,997
06/03/2018 9:00,556
06/03/2018 10:00,380
06/03/2018 11:00,475
06/03/2018 12:00,504
06/03/2018 13:00,528
06/03/2018 14:00,567
06/03/2018 15:00,616
06/03/2018 16:00,680
06/03/2018 17:00,883
06/03/2018 18:00,1246
06/03/2018 19:00,833
06/03/2018 20:00,666
06/03/2018 21:00,625
06/03/2018 22:00,514
06/03/2018 23:00,361
07/03/2018 0:00,289
07/03/2018 1:00,194
07/03/2018 2:00,134
07/03/2018 3:00,92
07/03/2018 4:00,49
07/03/2018 5:00,97
07/03/2018 6:00,232
07/03/2018 7:00,598
07/03/2018 8:00,1032
07/03/2018 9:00,566
07/03/2018 10:00,410
07/03/2018 11:00,441
07/03/2018 12:00,550
07/03/2018 13:00,509
07/03/2018 14:00,505
07/03/2018 15:00,620
07/03/2018 16:00,646
07/03/2018 17:00,849
07/03/2018 18:00,1365
07/03/2018 19:00,799
07/03/2018 20:00,587
07/03/2018 21:00,411
07/03/2018 22:00,147
07/03/2018 23:00,48
08/03/2018 0:00,49
08/03/2018 1:00,23
08/03/2018 2:00,19
08/03/2018 3:00,12
08/03/2018 4:00,8
08/03/2018 5:00,17
08/03/2018 6:00,32
08/03/2018 7:00,64
08/03/2018 8:00,88
08/03/2018 9:00,100
08/03/2018 10:00,165
08/03/2018 11:00,290
08/03/2018 12:00,375
08/03/2018 13:00,405
08/03/2018 14:00,452
08/03/2018 15:00,555
08/03/2018 16:00,594
08/03/2018 17:00,757
08/03/2018 18:00,1091
08/03/2018 19:00,683
08/03/2018 20:00,586
08/03/2018 21:00,533
08/03/2018 22:00,498
08/03/2018 23:00,315
09/03/2018 0:00,272
09/03/2018 1:00,228
09/03/2018 2:00,155
09/03/2018 3:00,105
09/03/2018 4:00,66
09/03/2018 5:00,88
09/03/2018 6:00,195
09/03/2018 7:00,574
09/03/2018 8:00,1041
09/03/2018 9:00,570
09/03/2018 10:00,361
09/03/2018 11:00,444
09/03/2018 12:00,510
09/03/2018 13:00,509
09/03/2018 14:00,542
09/03/2018 15:00,611
09/03/2018 16:00,686
09/03/2018 17:00,834
09/03/2018 18:00,1231
09/03/2018 19:00,718
09/03/2018 20:00,535
09/03/2018 21:00,537
09/03/2018 22:00,521
09/03/2018 23:00,309
10/03/2018 0:00,328
10/03/2018 1:00,305
10/03/2018 2:00,241
10/03/2018 3:00,139
10/03/2018 4:00,91
10/03/2018 5:00,79
10/03/2018 6:00,74
10/03/2018 7:00,208
10/03/2018 8:00,340
10/03/2018 9:00,381
10/03/2018 10:00,416
10/03/2018 11:00,497
10/03/2018 12:00,650
10/03/2018 13:00,757
10/03/2018 14:00,906
10/03/2018 15:00,931
10/03/2018 16:00,972
10/03/2018 17:00,829
10/03/2018 18:00,664
10/03/2018 19:00,573
10/03/2018 20:00,447
10/03/2018 21:00,470
10/03/2018 22:00,421
10/03/2018 23:00,345
11/03/2018 0:00,376
11/03/2018 1:00,222
11/03/2018 2:00,171
11/03/2018 3:00,115
11/03/2018 4:00,80
11/03/2018 5:00,45
11/03/2018 6:00,63
11/03/2018 7:00,119
11/03/2018 8:00,212
11/03/2018 9:00,289
11/03/2018 10:00,394
11/03/2018 11:00,425
11/03/2018 12:00,666
11/03/2018 13:00,843
11/03/2018 14:00,1154
11/03/2018 15:00,1294
11/03/2018 16:00,1205
11/03/2018 17:00,1028
11/03/2018 18:00,776
11/03/2018 19:00,596
11/03/2018 20:00,530
11/03/2018 21:00,533
11/03/2018 22:00,419
11/03/2018 23:00,288
12/03/2018 0:00,222
12/03/2018 1:00,163
12/03/2018 2:00,95
12/03/2018 3:00,60
12/03/2018 4:00,47
12/03/2018 5:00,106
12/03/2018 6:00,261
12/03/2018 7:00,662
12/03/2018 8:00,1066
12/03/2018 9:00,604
12/03/2018 10:00,406
12/03/2018 11:00,463
12/03/2018 12:00,581
12/03/2018 13:00,588
12/03/2018 14:00,603
12/03/2018 15:00,694
12/03/2018 16:00,752
12/03/2018 17:00,931
12/03/2018 18:00,1425
12/03/2018 19:00,946
12/03/2018 20:00,801
12/03/2018 21:00,771
12/03/2018 22:00,695
12/03/2018 23:00,397
13/03/2018 0:00,309
13/03/2018 1:00,231
13/03/2018 2:00,161
13/03/2018 3:00,103
13/03/2018 4:00,88
13/03/2018 5:00,97
13/03/2018 6:00,252
13/03/2018 7:00,668
13/03/2018 8:00,1215
13/03/2018 9:00,616
13/03/2018 10:00,428
13/03/2018 11:00,571
13/03/2018 12:00,626
13/03/2018 13:00,678
13/03/2018 14:00,705
13/03/2018 15:00,815
13/03/2018 16:00,890
13/03/2018 17:00,1085
13/03/2018 18:00,1749
13/03/2018 19:00,1224
13/03/2018 20:00,986
13/03/2018 21:00,982
13/03/2018 22:00,912
13/03/2018 23:00,572
14/03/2018 0:00,412
14/03/2018 1:00,309
14/03/2018 2:00,226
14/03/2018 3:00,142
14/03/2018 4:00,82
14/03/2018 5:00,123
14/03/2018 6:00,290
14/03/2018 7:00,786
14/03/2018 8:00,1371
14/03/2018 9:00,761
14/03/2018 10:00,552
14/03/2018 11:00,643
14/03/2018 12:00,813
14/03/2018 13:00,789
14/03/2018 14:00,878
14/03/2018 15:00,1025
14/03/2018 16:00,1049
14/03/2018 17:00,1325
14/03/2018 18:00,2100
14/03/2018 19:00,1478
14/03/2018 20:00,1275
14/03/2018 21:00,1181
14/03/2018 22:00,983
14/03/2018 23:00,587
15/03/2018 0:00,466
15/03/2018 1:00,355
15/03/2018 2:00,203
15/03/2018 3:00,51
15/03/2018 4:00,9
15/03/2018 5:00,8
15/03/2018 6:00,10
15/03/2018 7:00,15
15/03/2018 8:00,39
15/03/2018 9:00,32
15/03/2018 10:00,27
15/03/2018 11:00,65
15/03/2018 12:00,204
15/03/2018 13:00,269
15/03/2018 14:00,289
15/03/2018 15:00,329
15/03/2018 16:00,214
15/03/2018 17:00,411
15/03/2018 18:00,676
15/03/2018 19:00,606
15/03/2018 20:00,533
15/03/2018 21:00,567
15/03/2018 22:00,506
15/03/2018 23:00,343
16/03/2018 0:00,287
16/03/2018 1:00,278
16/03/2018 2:00,178
16/03/2018 3:00,102
16/03/2018 4:00,85
16/03/2018 5:00,85
16/03/2018 6:00,222
16/03/2018 7:00,652
16/03/2018 8:00,1176
16/03/2018 9:00,683
16/03/2018 10:00,507
16/03/2018 11:00,557
16/03/2018 12:00,705
16/03/2018 13:00,715
16/03/2018 14:00,772
16/03/2018 15:00,923
16/03/2018 16:00,976
16/03/2018 17:00,1160
16/03/2018 18:00,1641
16/03/2018 19:00,974
16/03/2018 20:00,774
16/03/2018 21:00,710
16/03/2018 22:00,660
16/03/2018 23:00,455
17/03/2018 0:00,414
17/03/2018 1:00,366
17/03/2018 2:00,268
17/03/2018 3:00,157
17/03/2018 4:00,103
17/03/2018 5:00,60
17/03/2018 6:00,109
17/03/2018 7:00,193
17/03/2018 8:00,384
17/03/2018 9:00,520
17/03/2018 10:00,561
17/03/2018 11:00,742
17/03/2018 12:00,933
17/03/2018 13:00,1111
17/03/2018 14:00,1294
17/03/2018 15:00,1514
17/03/2018 16:00,1440
17/03/2018 17:00,1272
17/03/2018 18:00,934
17/03/2018 19:00,718
17/03/2018 20:00,688
17/03/2018 21:00,624
17/03/2018 22:00,562
17/03/2018 23:00,422
18/03/2018 0:00,407
18/03/2018 1:00,309
18/03/2018 2:00,226
18/03/2018 3:00,174
18/03/2018 4:00,106
18/03/2018 5:00,67
18/03/2018 6:00,73
18/03/2018 7:00,152
18/03/2018 8:00,293
18/03/2018 9:00,398
18/03/2018 10:00,460
18/03/2018 11:00,587
18/03/2018 12:00,751
18/03/2018 13:00,881
18/03/2018 14:00,993
18/03/2018 15:00,1128
18/03/2018 16:00,1059
18/03/2018 17:00,603
18/03/2018 18:00,365
18/03/2018 19:00,237
18/03/2018 20:00,146
18/03/2018 21:00,71
18/03/2018 22:00,70
18/03/2018 23:00,53
19/03/2018 0:00,67
19/03/2018 1:00,38
19/03/2018 2:00,28
19/03/2018 3:00,12
19/03/2018 4:00,9
19/03/2018 5:00,27
19/03/2018 6:00,91
19/03/2018 7:00,370
19/03/2018 8:00,592
19/03/2018 9:00,387
19/03/2018 10:00,292
19/03/2018 11:00,393
19/03/2018 12:00,403
19/03/2018 13:00,387
19/03/2018 14:00,326
19/03/2018 15:00,263
19/03/2018 16:00,271
19/03/2018 17:00,605
19/03/2018 18:00,1200
19/03/2018 19:00,818
19/03/2018 20:00,711
19/03/2018 21:00,731
19/03/2018 22:00,565
19/03/2018 23:00,382
20/03/2018 0:00,297
20/03/2018 1:00,243
20/03/2018 2:00,165
20/03/2018 3:00,95
20/03/2018 4:00,69
20/03/2018 5:00,92
20/03/2018 6:00,235
20/03/2018 7:00,677
20/03/2018 8:00,1212
20/03/2018 9:00,661
20/03/2018 10:00,418
20/03/2018 11:00,488
20/03/2018 12:00,522
20/03/2018 13:00,516
20/03/2018 14:00,478
20/03/2018 15:00,492
20/03/2018 16:00,518
20/03/2018 17:00,719
20/03/2018 18:00,1111
20/03/2018 19:00,716
20/03/2018 20:00,543
20/03/2018 21:00,494
20/03/2018 22:00,460
20/03/2018 23:00,294
21/03/2018 0:00,240
21/03/2018 1:00,223
21/03/2018 2:00,147
21/03/2018 3:00,82
21/03/2018 4:00,70
21/03/2018 5:00,80
21/03/2018 6:00,209
21/03/2018 7:00,605
21/03/2018 8:00,1097
21/03/2018 9:00,614
21/03/2018 10:00,374
21/03/2018 11:00,339
21/03/2018 12:00,333
21/03/2018 13:00,196
21/03/2018 14:00,117
21/03/2018 15:00,184
21/03/2018 16:00,241
21/03/2018 17:00,319
21/03/2018 18:00,615
21/03/2018 19:00,402
21/03/2018 20:00,120
21/03/2018 21:00,231
21/03/2018 22:00,320
21/03/2018 23:00,226
22/03/2018 0:00,243
22/03/2018 1:00,247
22/03/2018 2:00,173
22/03/2018 3:00,107
22/03/2018 4:00,75
22/03/2018 5:00,81
22/03/2018 6:00,212
22/03/2018 7:00,600
22/03/2018 8:00,1174
22/03/2018 9:00,653
22/03/2018 10:00,446
22/03/2018 11:00,565
22/03/2018 12:00,668
22/03/2018 13:00,648
22/03/2018 14:00,674
22/03/2018 15:00,758
22/03/2018 16:00,752
22/03/2018 17:00,999
22/03/2018 18:00,1495
22/03/2018 19:00,923
22/03/2018 20:00,739
22/03/2018 21:00,726
22/03/2018 22:00,621
22/03/2018 23:00,428
23/03/2018 0:00,335
23/03/2018 1:00,283
23/03/2018 2:00,216
23/03/2018 3:00,128
23/03/2018 4:00,92
23/03/2018 5:00,95
23/03/2018 6:00,243
23/03/2018 7:00,661
23/03/2018 8:00,1216
23/03/2018 9:00,664
23/03/2018 10:00,461
23/03/2018 11:00,584
23/03/2018 12:00,690
23/03/2018 13:00,682
23/03/2018 14:00,758
23/03/2018 15:00,849
23/03/2018 16:00,901
23/03/2018 17:00,1108
23/03/2018 18:00,1611
23/03/2018 19:00,932
23/03/2018 20:00,724
23/03/2018 21:00,676
23/03/2018 22:00,638
23/03/2018 23:00,422
24/03/2018 0:00,403
24/03/2018 1:00,360
24/03/2018 2:00,305
24/03/2018 3:00,197
24/03/2018 4:00,122
24/03/2018 5:00,82
24/03/2018 6:00,113
24/03/2018 7:00,198
24/03/2018 8:00,424
24/03/2018 9:00,456
24/03/2018 10:00,494
24/03/2018 11:00,589
24/03/2018 12:00,806
24/03/2018 13:00,880
24/03/2018 14:00,855
24/03/2018 15:00,1025
24/03/2018 16:00,947
24/03/2018 17:00,916
24/03/2018 18:00,736
24/03/2018 19:00,521
24/03/2018 20:00,513
24/03/2018 21:00,487
24/03/2018 22:00,460
24/03/2018 23:00,354
25/03/2018 0:00,372
25/03/2018 1:00,267
25/03/2018 2:00,195
25/03/2018 3:00,139
25/03/2018 4:00,90
25/03/2018 5:00,60
25/03/2018 6:00,71
25/03/2018 7:00,137
25/03/2018 8:00,225
25/03/2018 9:00,331
25/03/2018 10:00,359
25/03/2018 11:00,466
25/03/2018 12:00,626
25/03/2018 13:00,784
25/03/2018 14:00,882
25/03/2018 15:00,960
25/03/2018 16:00,1031
25/03/2018 17:00,911
25/03/2018 18:00,768
25/03/2018 19:00,571
25/03/2018 20:00,502
25/03/2018 21:00,456
25/03/2018 22:00,424
25/03/2018 23:00,336
26/03/2018 0:00,244
26/03/2018 1:00,185
26/03/2018 2:00,93
26/03/2018 3:00,62
26/03/2018 4:00,65
26/03/2018 5:00,98
26/03/2018 6:00,227
26/03/2018 7:00,581
26/03/2018 8:00,983
26/03/2018 9:00,540
26/03/2018 10:00,415
26/03/2018 11:00,422
26/03/2018 12:00,492
26/03/2018 13:00,504
26/03/2018 14:00,575
26/03/2018 15:00,604
26/03/2018 16:00,819
26/03/2018 17:00,925
26/03/2018 18:00,1477
26/03/2018 19:00,1031
26/03/2018 20:00,835
26/03/2018 21:00,798
26/03/2018 22:00,662
26/03/2018 23:00,447
27/03/2018 0:00,380
27/03/2018 1:00,278
27/03/2018 2:00,163
27/03/2018 3:00,127
27/03/2018 4:00,95
27/03/2018 5:00,110
27/03/2018 6:00,231
27/03/2018 7:00,705
27/03/2018 8:00,1201
27/03/2018 9:00,699
27/03/2018 10:00,462
27/03/2018 11:00,560
27/03/2018 12:00,586
27/03/2018 13:00,563
27/03/2018 14:00,618
27/03/2018 15:00,636
27/03/2018 16:00,774
27/03/2018 17:00,960
27/03/2018 18:00,1521
27/03/2018 19:00,1020
27/03/2018 20:00,864
27/03/2018 21:00,866
27/03/2018 22:00,764
27/03/2018 23:00,527
28/03/2018 0:00,400
28/03/2018 1:00,337
28/03/2018 2:00,225
28/03/2018 3:00,150
28/03/2018 4:00,104
28/03/2018 5:00,107
28/03/2018 6:00,258
28/03/2018 7:00,741
28/03/2018 8:00,1353
28/03/2018 9:00,723
28/03/2018 10:00,494
28/03/2018 11:00,588
28/03/2018 12:00,629
28/03/2018 13:00,723
28/03/2018 14:00,698
28/03/2018 15:00,785
28/03/2018 16:00,943
28/03/2018 17:00,1221
28/03/2018 18:00,1839
28/03/2018 19:00,1288
28/03/2018 20:00,1133
28/03/2018 21:00,1035
28/03/2018 22:00,907
28/03/2018 23:00,614
29/03/2018 0:00,466
29/03/2018 1:00,390
29/03/2018 2:00,254
29/03/2018 3:00,170
29/03/2018 4:00,109
29/03/2018 5:00,106
29/03/2018 6:00,274
29/03/2018 7:00,781
29/03/2018 8:00,1281
29/03/2018 9:00,757
29/03/2018 10:00,482
29/03/2018 11:00,583
29/03/2018 12:00,714
29/03/2018 13:00,716
29/03/2018 14:00,711
29/03/2018 15:00,781
29/03/2018 16:00,957
29/03/2018 17:00,1194
29/03/2018 18:00,1776
29/03/2018 19:00,1260
29/03/2018 20:00,1079
29/03/2018 21:00,1046
29/03/2018 22:00,949
29/03/2018 23:00,614
30/03/2018 0:00,490
30/03/2018 1:00,401
30/03/2018 2:00,261
30/03/2018 3:00,184
30/03/2018 4:00,115
30/03/2018 5:00,117
30/03/2018 6:00,284
30/03/2018 7:00,747
30/03/2018 8:00,1406
30/03/2018 9:00,772
30/03/2018 10:00,583
30/03/2018 11:00,739
30/03/2018 12:00,939
30/03/2018 13:00,860
30/03/2018 14:00,965
30/03/2018 15:00,1068
30/03/2018 16:00,1156
30/03/2018 17:00,1460
30/03/2018 18:00,1935
30/03/2018 19:00,1268
30/03/2018 20:00,1045
30/03/2018 21:00,948
30/03/2018 22:00,880
30/03/2018 23:00,678
31/03/2018 0:00,537
31/03/2018 1:00,502
31/03/2018 2:00,397
31/03/2018 3:00,264
31/03/2018 4:00,163
31/03/2018 5:00,108
31/03/2018 6:00,142
31/03/2018 7:00,264
31/03/2018 8:00,489
31/03/2018 9:00,642
31/03/2018 10:00,618
31/03/2018 11:00,824
31/03/2018 12:00,1072
31/03/2018 13:00,1218
31/03/2018 14:00,1381
31/03/2018 15:00,1542
31/03/2018 16:00,1578
31/03/2018 17:00,1531
31/03/2018 18:00,1391
31/03/2018 19:00,1025
31/03/2018 20:00,972
31/03/2018 21:00,1010
31/03/2018 22:00,922
31/03/2018 23:00,655
01/04/2018 0:00,579
01/04/2018 1:00,453
01/04/2018 2:00,322
01/04/2018 3:00,221
01/04/2018 4:00,147
01/04/2018 5:00,96
01/04/2018 6:00,110
01/04/2018 7:00,169
01/04/2018 8:00,342
01/04/2018 9:00,485
01/04/2018 10:00,566
01/04/2018 11:00,737
01/04/2018 12:00,926
01/04/2018 13:00,1156
01/04/2018 14:00,1201
01/04/2018 15:00,1349
01/04/2018 16:00,1409
01/04/2018 17:00,1362
01/04/2018 18:00,1296
01/04/2018 19:00,1066
01/04/2018 20:00,984
01/04/2018 21:00,983
01/04/2018 22:00,841
01/04/2018 23:00,588
02/04/2018 0:00,468
02/04/2018 1:00,295
02/04/2018 2:00,155
02/04/2018 3:00,111
02/04/2018 4:00,86
02/04/2018 5:00,125
02/04/2018 6:00,359
02/04/2018 7:00,918
02/04/2018 8:00,1469
02/04/2018 9:00,806
02/04/2018 10:00,579
02/04/2018 11:00,662
02/04/2018 12:00,818
02/04/2018 13:00,818
02/04/2018 14:00,920
02/04/2018 15:00,993
02/04/2018 16:00,1218
02/04/2018 17:00,1569
02/04/2018 18:00,2401
02/04/2018 19:00,1779
02/04/2018 20:00,1517
02/04/2018 21:00,1503
02/04/2018 22:00,1213
02/04/2018 23:00,803
03/04/2018 0:00,532
03/04/2018 1:00,430
03/04/2018 2:00,275
03/04/2018 3:00,156
03/04/2018 4:00,124
03/04/2018 5:00,163
03/04/2018 6:00,388
03/04/2018 7:00,1033
03/04/2018 8:00,1677
03/04/2018 9:00,867
03/04/2018 10:00,664
03/04/2018 11:00,696
03/04/2018 12:00,913
03/04/2018 13:00,870
03/04/2018 14:00,931
03/04/2018 15:00,961
03/04/2018 16:00,1173
03/04/2018 17:00,1436
03/04/2018 18:00,2134
03/04/2018 19:00,1415
03/04/2018 20:00,1470
03/04/2018 21:00,1223
03/04/2018 22:00,1030
03/04/2018 23:00,454
04/04/2018 0:00,355
04/04/2018 1:00,113
04/04/2018 2:00,15
04/04/2018 3:00,22
04/04/2018 4:00,14
04/04/2018 5:00,19
04/04/2018 6:00,172
04/04/2018 7:00,665
04/04/2018 8:00,1284
04/04/2018 9:00,378
04/04/2018 10:00,505
04/04/2018 11:00,744
04/04/2018 12:00,928
04/04/2018 13:00,951
04/04/2018 14:00,1096
04/04/2018 15:00,1209
04/04/2018 16:00,1413
04/04/2018 17:00,1745
04/04/2018 18:00,2402
04/04/2018 19:00,1626
04/04/2018 20:00,1374
04/04/2018 21:00,1256
04/04/2018 22:00,1041
04/04/2018 23:00,668
05/04/2018 0:00,436
05/04/2018 1:00,373
05/04/2018 2:00,220
05/04/2018 3:00,150
05/04/2018 4:00,87
05/04/2018 5:00,18
05/04/2018 6:00,21
05/04/2018 7:00,38
05/04/2018 8:00,207
05/04/2018 9:00,129
05/04/2018 10:00,95
05/04/2018 11:00,47
05/04/2018 12:00,70
05/04/2018 13:00,84
05/04/2018 14:00,46
05/04/2018 15:00,37
05/04/2018 16:00,31
05/04/2018 17:00,46
05/04/2018 18:00,75
05/04/2018 19:00,75
05/04/2018 20:00,56
05/04/2018 21:00,99
05/04/2018 22:00,77
05/04/2018 23:00,79
06/04/2018 0:00,56
06/04/2018 1:00,50
06/04/2018 2:00,27
06/04/2018 3:00,18
06/04/2018 4:00,9
06/04/2018 5:00,54
06/04/2018 6:00,178
06/04/2018 7:00,591
06/04/2018 8:00,1235
06/04/2018 9:00,719
06/04/2018 10:00,529
06/04/2018 11:00,598
06/04/2018 12:00,756
06/04/2018 13:00,683
06/04/2018 14:00,572
06/04/2018 15:00,545
06/04/2018 16:00,585
06/04/2018 17:00,776
06/04/2018 18:00,1114
06/04/2018 19:00,659
06/04/2018 20:00,508
06/04/2018 21:00,447
06/04/2018 22:00,499
06/04/2018 23:00,312
07/04/2018 0:00,282
07/04/2018 1:00,225
07/04/2018 2:00,123
07/04/2018 3:00,122
07/04/2018 4:00,80
07/04/2018 5:00,57
07/04/2018 6:00,108
07/04/2018 7:00,206
07/04/2018 8:00,399
07/04/2018 9:00,426
07/04/2018 10:00,453
07/04/2018 11:00,553
07/04/2018 12:00,697
07/04/2018 13:00,852
07/04/2018 14:00,919
07/04/2018 15:00,925
07/04/2018 16:00,897
07/04/2018 17:00,908
07/04/2018 18:00,714
07/04/2018 19:00,518
07/04/2018 20:00,458
07/04/2018 21:00,443
07/04/2018 22:00,426
07/04/2018 23:00,368
08/04/2018 0:00,325
08/04/2018 1:00,224
08/04/2018 2:00,191
08/04/2018 3:00,141
08/04/2018 4:00,90
08/04/2018 5:00,59
08/04/2018 6:00,101
08/04/2018 7:00,159
08/04/2018 8:00,332
08/04/2018 9:00,405
08/04/2018 10:00,494
08/04/2018 11:00,586
08/04/2018 12:00,709
08/04/2018 13:00,847
08/04/2018 14:00,777
08/04/2018 15:00,343
08/04/2018 16:00,137
08/04/2018 17:00,58
08/04/2018 18:00,22
08/04/2018 19:00,44
08/04/2018 20:00,93
08/04/2018 21:00,170
08/04/2018 22:00,177
08/04/2018 23:00,182
09/04/2018 0:00,197
09/04/2018 1:00,140
09/04/2018 2:00,97
09/04/2018 3:00,52
09/04/2018 4:00,43
09/04/2018 5:00,91
09/04/2018 6:00,239
09/04/2018 7:00,651
09/04/2018 8:00,1163
09/04/2018 9:00,682
09/04/2018 10:00,506
09/04/2018 11:00,644
09/04/2018 12:00,799
09/04/2018 13:00,869
09/04/2018 14:00,921
09/04/2018 15:00,1038
09/04/2018 16:00,1185
09/04/2018 17:00,1479
09/04/2018 18:00,2401
09/04/2018 19:00,1599
09/04/2018 20:00,1362
09/04/2018 21:00,1232
09/04/2018 22:00,1069
09/04/2018 23:00,623
10/04/2018 0:00,485
10/04/2018 1:00,376
10/04/2018 2:00,250
10/04/2018 3:00,149
10/04/2018 4:00,102
10/04/2018 5:00,123
10/04/2018 6:00,370
10/04/2018 7:00,981
10/04/2018 8:00,1702
10/04/2018 9:00,982
10/04/2018 10:00,703
10/04/2018 11:00,839
10/04/2018 12:00,1023
10/04/2018 13:00,967
10/04/2018 14:00,913
10/04/2018 15:00,933
10/04/2018 16:00,1080
10/04/2018 17:00,1004
10/04/2018 18:00,1805
10/04/2018 19:00,1153
10/04/2018 20:00,336
10/04/2018 21:00,133
10/04/2018 22:00,75
10/04/2018 23:00,212
11/04/2018 0:00,0
11/04/2018 1:00,0
11/04/2018 2:00,0
11/04/2018 3:00,0
11/04/2018 4:00,0
11/04/2018 5:00,0
11/04/2018 6:00,0
11/04/2018 7:00,0
11/04/2018 8:00,0
11/04/2018 9:00,0
11/04/2018 10:00,0
11/04/2018 11:00,0
11/04/2018 12:00,0
11/04/2018 13:00,0
11/04/2018 14:00,0
11/04/2018 15:00,0
11/04/2018 16:00,0
11/04/2018 17:00,0
11/04/2018 18:00,0
11/04/2018 19:00,0
11/04/2018 20:00,0
11/04/2018 21:00,0
11/04/2018 22:00,0
11/04/2018 23:00,0
12/04/2018 0:00,504
12/04/2018 1:00,374
12/04/2018 2:00,269
12/04/2018 3:00,182
12/04/2018 4:00,98
12/04/2018 5:00,144
12/04/2018 6:00,375
12/04/2018 7:00,1054
12/04/2018 8:00,1789
12/04/2018 9:00,952
12/04/2018 10:00,686
12/04/2018 11:00,829
12/04/2018 12:00,969
12/04/2018 13:00,1029
12/04/2018 14:00,990
12/04/2018 15:00,1074
12/04/2018 16:00,1273
12/04/2018 17:00,1664
12/04/2018 18:00,2359
12/04/2018 19:00,1641
12/04/2018 20:00,1319
12/04/2018 21:00,1241
12/04/2018 22:00,1142
12/04/2018 23:00,772
13/04/2018 0:00,525
13/04/2018 1:00,432
13/04/2018 2:00,257
13/04/2018 3:00,167
13/04/2018 4:00,112
13/04/2018 5:00,156
13/04/2018 6:00,368
13/04/2018 7:00,999
13/04/2018 8:00,1721
13/04/2018 9:00,982
13/04/2018 10:00,741
13/04/2018 11:00,867
13/04/2018 12:00,1095
13/04/2018 13:00,973
13/04/2018 14:00,1063
13/04/2018 15:00,1108
13/04/2018 16:00,1270
13/04/2018 17:00,1662
13/04/2018 18:00,2404
13/04/2018 19:00,1641
13/04/2018 20:00,1359
13/04/2018 21:00,1311
13/04/2018 22:00,1178
13/04/2018 23:00,849
14/04/2018 0:00,664
14/04/2018 1:00,513
14/04/2018 2:00,253
14/04/2018 3:00,62
14/04/2018 4:00,39
14/04/2018 5:00,20
14/04/2018 6:00,12
14/04/2018 7:00,18
14/04/2018 8:00,17
14/04/2018 9:00,17
14/04/2018 10:00,43
14/04/2018 11:00,52
14/04/2018 12:00,75
14/04/2018 13:00,70
14/04/2018 14:00,122
14/04/2018 15:00,203
14/04/2018 16:00,445
14/04/2018 17:00,675
14/04/2018 18:00,706
14/04/2018 19:00,612
14/04/2018 20:00,640
14/04/2018 21:00,633
14/04/2018 22:00,586
14/04/2018 23:00,503
15/04/2018 0:00,475
15/04/2018 1:00,349
15/04/2018 2:00,254
15/04/2018 3:00,183
15/04/2018 4:00,110
15/04/2018 5:00,65
15/04/2018 6:00,102
15/04/2018 7:00,223
15/04/2018 8:00,401
15/04/2018 9:00,513
15/04/2018 10:00,582
15/04/2018 11:00,797
15/04/2018 12:00,1105
15/04/2018 13:00,1229
15/04/2018 14:00,1083
15/04/2018 15:00,62
15/04/2018 16:00,124
15/04/2018 17:00,42
15/04/2018 18:00,343
15/04/2018 19:00,317
15/04/2018 20:00,297
15/04/2018 21:00,464
15/04/2018 22:00,620
15/04/2018 23:00,467
16/04/2018 0:00,401
16/04/2018 1:00,226
16/04/2018 2:00,126
16/04/2018 3:00,107
16/04/2018 4:00,75
16/04/2018 5:00,132
16/04/2018 6:00,405
16/04/2018 7:00,1049
16/04/2018 8:00,1713
16/04/2018 9:00,922
16/04/2018 10:00,700
16/04/2018 11:00,855
16/04/2018 12:00,1052
16/04/2018 13:00,973
16/04/2018 14:00,1016
16/04/2018 15:00,1145
16/04/2018 16:00,1452
16/04/2018 17:00,1753
16/04/2018 18:00,2692
16/04/2018 19:00,1719
16/04/2018 20:00,1498
16/04/2018 21:00,1355
16/04/2018 22:00,1099
16/04/2018 23:00,733
17/04/2018 0:00,503
17/04/2018 1:00,421
17/04/2018 2:00,237
17/04/2018 3:00,164
17/04/2018 4:00,110
17/04/2018 5:00,143
17/04/2018 6:00,406
17/04/2018 7:00,1100
17/04/2018 8:00,1920
17/04/2018 9:00,1013
17/04/2018 10:00,731
17/04/2018 11:00,822
17/04/2018 12:00,1112
17/04/2018 13:00,1007
17/04/2018 14:00,1037
17/04/2018 15:00,1120
17/04/2018 16:00,1312
17/04/2018 17:00,1632
17/04/2018 18:00,1727
17/04/2018 19:00,1356
17/04/2018 20:00,1290
17/04/2018 21:00,1320
17/04/2018 22:00,1071
17/04/2018 23:00,680
18/04/2018 0:00,515
18/04/2018 1:00,375
18/04/2018 2:00,260
18/04/2018 3:00,164
18/04/2018 4:00,105
18/04/2018 5:00,154
18/04/2018 6:00,395
18/04/2018 7:00,1083
18/04/2018 8:00,1815
18/04/2018 9:00,987
18/04/2018 10:00,761
18/04/2018 11:00,845
18/04/2018 12:00,1047
18/04/2018 13:00,975
18/04/2018 14:00,967
18/04/2018 15:00,1149
18/04/2018 16:00,1346
18/04/2018 17:00,1738
18/04/2018 18:00,1918
18/04/2018 19:00,842
18/04/2018 20:00,1346
18/04/2018 21:00,1209
18/04/2018 22:00,1003
18/04/2018 23:00,671
19/04/2018 0:00,520
19/04/2018 1:00,42
19/04/2018 2:00,281
19/04/2018 3:00,206
19/04/2018 4:00,125
19/04/2018 5:00,153
19/04/2018 6:00,367
19/04/2018 7:00,254
19/04/2018 8:00,20
19/04/2018 9:00,316
19/04/2018 10:00,139
19/04/2018 11:00,795
19/04/2018 12:00,919
19/04/2018 13:00,930
19/04/2018 14:00,996
19/04/2018 15:00,1039
19/04/2018 16:00,1198
19/04/2018 17:00,1534
19/04/2018 18:00,2198
19/04/2018 19:00,1489
19/04/2018 20:00,1313
19/04/2018 21:00,1165
19/04/2018 22:00,1054
19/04/2018 23:00,677
20/04/2018 0:00,553
20/04/2018 1:00,436
20/04/2018 2:00,305
20/04/2018 3:00,188
20/04/2018 4:00,134
20/04/2018 5:00,168
20/04/2018 6:00,414
20/04/2018 7:00,979
20/04/2018 8:00,1659
20/04/2018 9:00,962
20/04/2018 10:00,708
20/04/2018 11:00,805
20/04/2018 12:00,1019
20/04/2018 13:00,973
20/04/2018 14:00,970
20/04/2018 15:00,1080
20/04/2018 16:00,1206
20/04/2018 17:00,1543
20/04/2018 18:00,2268
20/04/2018 19:00,1578
20/04/2018 20:00,1358
20/04/2018 21:00,1213
20/04/2018 22:00,1183
20/04/2018 23:00,891
21/04/2018 0:00,707
21/04/2018 1:00,628
21/04/2018 2:00,436
21/04/2018 3:00,307
21/04/2018 4:00,166
21/04/2018 5:00,122
21/04/2018 6:00,184
21/04/2018 7:00,324
21/04/2018 8:00,600
21/04/2018 9:00,647
21/04/2018 10:00,702
21/04/2018 11:00,872
21/04/2018 12:00,1130
21/04/2018 13:00,1315
21/04/2018 14:00,1511
21/04/2018 15:00,1730
21/04/2018 16:00,1942
21/04/2018 17:00,2032
21/04/2018 18:00,1986
21/04/2018 19:00,1711
21/04/2018 20:00,1581
21/04/2018 21:00,1491
21/04/2018 22:00,1292
21/04/2018 23:00,988
22/04/2018 0:00,826
22/04/2018 1:00,578
22/04/2018 2:00,410
22/04/2018 3:00,289
22/04/2018 4:00,192
22/04/2018 5:00,136
22/04/2018 6:00,155
22/04/2018 7:00,278
22/04/2018 8:00,429
22/04/2018 9:00,247
22/04/2018 10:00,486
22/04/2018 11:00,424
22/04/2018 12:00,631
22/04/2018 13:00,842
22/04/2018 14:00,384
22/04/2018 15:00,234
22/04/2018 16:00,103
22/04/2018 17:00,46
22/04/2018 18:00,63
22/04/2018 19:00,32
22/04/2018 20:00,12
22/04/2018 21:00,24
22/04/2018 22:00,13
22/04/2018 23:00,18
23/04/2018 0:00,81
23/04/2018 1:00,41
23/04/2018 2:00,21
23/04/2018 3:00,8
23/04/2018 4:00,2
23/04/2018 5:00,6
23/04/2018 6:00,5
23/04/2018 7:00,17
23/04/2018 8:00,25
23/04/2018 9:00,9
23/04/2018 10:00,12
23/04/2018 11:00,10
23/04/2018 12:00,10
23/04/2018 13:00,11
23/04/2018 14:00,17
23/04/2018 15:00,14
23/04/2018 16:00,41
23/04/2018 17:00,42
23/04/2018 18:00,39
23/04/2018 19:00,50
23/04/2018 20:00,37
23/04/2018 21:00,82
23/04/2018 22:00,164
23/04/2018 23:00,233
24/04/2018 0:00,213
24/04/2018 1:00,157
24/04/2018 2:00,68
24/04/2018 3:00,35
24/04/2018 4:00,34
24/04/2018 5:00,77
24/04/2018 6:00,262
24/04/2018 7:00,751
24/04/2018 8:00,1502
24/04/2018 9:00,814
24/04/2018 10:00,638
24/04/2018 11:00,710
24/04/2018 12:00,925
24/04/2018 13:00,923
24/04/2018 14:00,942
24/04/2018 15:00,971
24/04/2018 16:00,1118
24/04/2018 17:00,1462
24/04/2018 18:00,2318
24/04/2018 19:00,1580
24/04/2018 20:00,1332
24/04/2018 21:00,1372
24/04/2018 22:00,1215
24/04/2018 23:00,725
25/04/2018 0:00,536
25/04/2018 1:00,444
25/04/2018 2:00,306
25/04/2018 3:00,206
25/04/2018 4:00,117
25/04/2018 5:00,148
25/04/2018 6:00,449
25/04/2018 7:00,1123
25/04/2018 8:00,1900
25/04/2018 9:00,1066
25/04/2018 10:00,756
25/04/2018 11:00,938
25/04/2018 12:00,1192
25/04/2018 13:00,1141
25/04/2018 14:00,1161
25/04/2018 15:00,1180
25/04/2018 16:00,1447
25/04/2018 17:00,1878
25/04/2018 18:00,2807
25/04/2018 19:00,1958
25/04/2018 20:00,1651
25/04/2018 21:00,1593
25/04/2018 22:00,1382
25/04/2018 23:00,906
26/04/2018 0:00,692
26/04/2018 1:00,546
26/04/2018 2:00,409
26/04/2018 3:00,239
26/04/2018 4:00,140
26/04/2018 5:00,180
26/04/2018 6:00,452
26/04/2018 7:00,1124
26/04/2018 8:00,1933
26/04/2018 9:00,1027
26/04/2018 10:00,745
26/04/2018 11:00,930
26/04/2018 12:00,1197
26/04/2018 13:00,1084
26/04/2018 14:00,1123
26/04/2018 15:00,1227
26/04/2018 16:00,1386
26/04/2018 17:00,1796
26/04/2018 18:00,2574
26/04/2018 19:00,1891
26/04/2018 20:00,1531
26/04/2018 21:00,1447
26/04/2018 22:00,1146
26/04/2018 23:00,851
27/04/2018 0:00,663
27/04/2018 1:00,562
27/04/2018 2:00,361
27/04/2018 3:00,258
27/04/2018 4:00,140
27/04/2018 5:00,170
27/04/2018 6:00,427
27/04/2018 7:00,1129
27/04/2018 8:00,1922
27/04/2018 9:00,985
27/04/2018 10:00,789
27/04/2018 11:00,986
27/04/2018 12:00,1142
27/04/2018 13:00,1133
27/04/2018 14:00,1115
27/04/2018 15:00,1253
27/04/2018 16:00,1446
27/04/2018 17:00,1877
27/04/2018 18:00,2577
27/04/2018 19:00,1812
27/04/2018 20:00,1499
27/04/2018 21:00,1362
27/04/2018 22:00,1278
27/04/2018 23:00,975
28/04/2018 0:00,777
28/04/2018 1:00,672
28/04/2018 2:00,522
28/04/2018 3:00,325
28/04/2018 4:00,166
28/04/2018 5:00,152
28/04/2018 6:00,230
28/04/2018 7:00,376
28/04/2018 8:00,647
28/04/2018 9:00,795
28/04/2018 10:00,808
28/04/2018 11:00,1000
28/04/2018 12:00,1278
28/04/2018 13:00,1404
28/04/2018 14:00,1597
28/04/2018 15:00,1875
28/04/2018 16:00,1945
28/04/2018 17:00,2043
28/04/2018 18:00,1882
28/04/2018 19:00,1590
28/04/2018 20:00,1435
28/04/2018 21:00,1351
28/04/2018 22:00,1165
28/04/2018 23:00,905
29/04/2018 0:00,790
29/04/2018 1:00,554
29/04/2018 2:00,425
29/04/2018 3:00,263
29/04/2018 4:00,183
29/04/2018 5:00,138
29/04/2018 6:00,183
29/04/2018 7:00,307
29/04/2018 8:00,485
29/04/2018 9:00,716
29/04/2018 10:00,787
29/04/2018 11:00,1060
29/04/2018 12:00,1375
29/04/2018 13:00,1635
29/04/2018 14:00,1814
29/04/2018 15:00,2019
29/04/2018 16:00,2044
29/04/2018 17:00,2094
29/04/2018 18:00,1950
29/04/2018 19:00,1712
29/04/2018 20:00,1485
29/04/2018 21:00,1382
29/04/2018 22:00,1128
29/04/2018 23:00,820
30/04/2018 0:00,569
30/04/2018 1:00,362
30/04/2018 2:00,246
30/04/2018 3:00,157
30/04/2018 4:00,132
30/04/2018 5:00,185
30/04/2018 6:00,397
30/04/2018 7:00,1075
30/04/2018 8:00,1791
30/04/2018 9:00,983
30/04/2018 10:00,742
30/04/2018 11:00,901
30/04/2018 12:00,1094
30/04/2018 13:00,1019
30/04/2018 14:00,1055
30/04/2018 15:00,1168
30/04/2018 16:00,1344
30/04/2018 17:00,1706
30/04/2018 18:00,2558
30/04/2018 19:00,2064
30/04/2018 20:00,1703
30/04/2018 21:00,1711
30/04/2018 22:00,1456
30/04/2018 23:00,1044
01/05/2018 0:00,782
01/05/2018 1:00,705
01/05/2018 2:00,534
01/05/2018 3:00,343
01/05/2018 4:00,187
01/05/2018 5:00,166
01/05/2018 6:00,306
01/05/2018 7:00,614
01/05/2018 8:00,1067
01/05/2018 9:00,1024
01/05/2018 10:00,1002
01/05/2018 11:00,1117
01/05/2018 12:00,1315
01/05/2018 13:00,1493
01/05/2018 14:00,1536
01/05/2018 15:00,1639
01/05/2018 16:00,1759
01/05/2018 17:00,1898
01/05/2018 18:00,2082
01/05/2018 19:00,1696
01/05/2018 20:00,1656
01/05/2018 21:00,1644
01/05/2018 22:00,1400
01/05/2018 23:00,855
02/05/2018 0:00,612
02/05/2018 1:00,413
02/05/2018 2:00,245
02/05/2018 3:00,170
02/05/2018 4:00,93
02/05/2018 5:00,76
02/05/2018 6:00,67
02/05/2018 7:00,102
02/05/2018 8:00,555
02/05/2018 9:00,609
02/05/2018 10:00,486
02/05/2018 11:00,206
02/05/2018 12:00,63
02/05/2018 13:00,327
02/05/2018 14:00,376
02/05/2018 15:00,143
02/05/2018 16:00,400
02/05/2018 17:00,813
02/05/2018 18:00,518
02/05/2018 19:00,131
02/05/2018 20:00,123
02/05/2018 21:00,327
02/05/2018 22:00,299
02/05/2018 23:00,294
03/05/2018 0:00,361
03/05/2018 1:00,323
03/05/2018 2:00,251
03/05/2018 3:00,156
03/05/2018 4:00,109
03/05/2018 5:00,163
03/05/2018 6:00,469
03/05/2018 7:00,1160
03/05/2018 8:00,1946
03/05/2018 9:00,1061
03/05/2018 10:00,762
03/05/2018 11:00,794
03/05/2018 12:00,871
03/05/2018 13:00,516
03/05/2018 14:00,367
03/05/2018 15:00,590
03/05/2018 16:00,911
03/05/2018 17:00,1421
03/05/2018 18:00,2310
03/05/2018 19:00,1663
03/05/2018 20:00,1401
03/05/2018 21:00,1388
03/05/2018 22:00,1202
03/05/2018 23:00,832
04/05/2018 0:00,624
04/05/2018 1:00,480
04/05/2018 2:00,352
04/05/2018 3:00,224
04/05/2018 4:00,138
04/05/2018 5:00,186
04/05/2018 6:00,521
04/05/2018 7:00,1260
04/05/2018 8:00,2041
04/05/2018 9:00,1155
04/05/2018 10:00,864
04/05/2018 11:00,1021
04/05/2018 12:00,1206
04/05/2018 13:00,1222
04/05/2018 14:00,1266
04/05/2018 15:00,1323
04/05/2018 16:00,1501
04/05/2018 17:00,1857
04/05/2018 18:00,2661
04/05/2018 19:00,1890
04/05/2018 20:00,1389
04/05/2018 21:00,1298
04/05/2018 22:00,1256
04/05/2018 23:00,935
05/05/2018 0:00,796
05/05/2018 1:00,716
05/05/2018 2:00,508
05/05/2018 3:00,392
05/05/2018 4:00,252
05/05/2018 5:00,190
05/05/2018 6:00,247
05/05/2018 7:00,352
05/05/2018 8:00,579
05/05/2018 9:00,759
05/05/2018 10:00,877
05/05/2018 11:00,1024
05/05/2018 12:00,1258
05/05/2018 13:00,1408
05/05/2018 14:00,1669
05/05/2018 15:00,1837
05/05/2018 16:00,1223
05/05/2018 17:00,2014
05/05/2018 18:00,1929
05/05/2018 19:00,1753
05/05/2018 20:00,1562
05/05/2018 21:00,1551
05/05/2018 22:00,1360
05/05/2018 23:00,1097
06/05/2018 0:00,733
06/05/2018 1:00,181
06/05/2018 2:00,74
06/05/2018 3:00,43
06/05/2018 4:00,16
06/05/2018 5:00,11
06/05/2018 6:00,7
06/05/2018 7:00,16
06/05/2018 8:00,16
06/05/2018 9:00,12
06/05/2018 10:00,13
06/05/2018 11:00,10
06/05/2018 12:00,71
06/05/2018 13:00,211
06/05/2018 14:00,384
06/05/2018 15:00,770
06/05/2018 16:00,1482
06/05/2018 17:00,1737
06/05/2018 18:00,1848
06/05/2018 19:00,1639
06/05/2018 20:00,1526
06/05/2018 21:00,1450
06/05/2018 22:00,1290
06/05/2018 23:00,1016
07/05/2018 0:00,778
07/05/2018 1:00,609
07/05/2018 2:00,404
07/05/2018 3:00,249
07/05/2018 4:00,185
07/05/2018 5:00,170
07/05/2018 6:00,221
07/05/2018 7:00,389
07/05/2018 8:00,600
07/05/2018 9:00,737
07/05/2018 10:00,895
07/05/2018 11:00,1167
07/05/2018 12:00,1414
07/05/2018 13:00,1665
07/05/2018 14:00,1970
07/05/2018 15:00,2191
07/05/2018 16:00,2213
07/05/2018 17:00,2392
07/05/2018 18:00,2268
07/05/2018 19:00,1664
07/05/2018 20:00,1912
07/05/2018 21:00,1717
07/05/2018 22:00,1336
07/05/2018 23:00,994
08/05/2018 0:00,712
08/05/2018 1:00,430
08/05/2018 2:00,287
08/05/2018 3:00,194
08/05/2018 4:00,155
08/05/2018 5:00,200
08/05/2018 6:00,555
08/05/2018 7:00,1280
08/05/2018 8:00,1976
08/05/2018 9:00,1128
08/05/2018 10:00,792
08/05/2018 11:00,956
08/05/2018 12:00,1135
08/05/2018 13:00,1117
08/05/2018 14:00,1096
08/05/2018 15:00,1267
08/05/2018 16:00,1457
08/05/2018 17:00,2020
08/05/2018 18:00,2142
08/05/2018 19:00,2241
08/05/2018 20:00,1726
08/05/2018 21:00,1513
08/05/2018 22:00,1283
08/05/2018 23:00,767
09/05/2018 0:00,552
09/05/2018 1:00,34
09/05/2018 2:00,245
09/05/2018 3:00,187
09/05/2018 4:00,114
09/05/2018 5:00,203
09/05/2018 6:00,556
09/05/2018 7:00,1333
09/05/2018 8:00,2068
09/05/2018 9:00,928
09/05/2018 10:00,954
09/05/2018 11:00,1015
09/05/2018 12:00,1242
09/05/2018 13:00,1188
09/05/2018 14:00,1186
09/05/2018 15:00,1324
09/05/2018 16:00,1603
09/05/2018 17:00,2034
09/05/2018 18:00,3130
09/05/2018 19:00,2405
09/05/2018 20:00,1979
09/05/2018 21:00,1940
09/05/2018 22:00,1602
09/05/2018 23:00,1073
10/05/2018 0:00,0
10/05/2018 1:00,0
10/05/2018 2:00,0
10/05/2018 3:00,0
10/05/2018 4:00,0
10/05/2018 5:00,0
10/05/2018 6:00,0
10/05/2018 7:00,0
10/05/2018 8:00,0
10/05/2018 9:00,0
10/05/2018 10:00,0
10/05/2018 11:00,0
10/05/2018 12:00,0
10/05/2018 13:00,0
10/05/2018 14:00,0
10/05/2018 15:00,0
10/05/2018 16:00,0
10/05/2018 17:00,0
10/05/2018 18:00,0
10/05/2018 19:00,0
10/05/2018 20:00,0
10/05/2018 21:00,0
10/05/2018 22:00,0
10/05/2018 23:00,0
11/05/2018 0:00,724
11/05/2018 1:00,565
11/05/2018 2:00,378
11/05/2018 3:00,252
11/05/2018 4:00,154
11/05/2018 5:00,223
11/05/2018 6:00,486
11/05/2018 7:00,1156
11/05/2018 8:00,1881
11/05/2018 9:00,850
11/05/2018 10:00,816
11/05/2018 11:00,972
11/05/2018 12:00,1161
11/05/2018 13:00,1177
11/05/2018 14:00,1174
11/05/2018 15:00,1295
11/05/2018 16:00,1496
11/05/2018 17:00,1863
11/05/2018 18:00,2701
11/05/2018 19:00,1999
11/05/2018 20:00,941
11/05/2018 21:00,1644
11/05/2018 22:00,1556
11/05/2018 23:00,1185
12/05/2018 0:00,862
12/05/2018 1:00,669
12/05/2018 2:00,416
12/05/2018 3:00,358
12/05/2018 4:00,207
12/05/2018 5:00,70
12/05/2018 6:00,37
12/05/2018 7:00,43
12/05/2018 8:00,20
12/05/2018 9:00,16
12/05/2018 10:00,6
12/05/2018 11:00,18
12/05/2018 12:00,11
12/05/2018 13:00,19
12/05/2018 14:00,22
12/05/2018 15:00,17
12/05/2018 16:00,34
12/05/2018 17:00,24
12/05/2018 18:00,22
12/05/2018 19:00,29
12/05/2018 20:00,29
12/05/2018 21:00,25
12/05/2018 22:00,30
12/05/2018 23:00,50
13/05/2018 0:00,145
13/05/2018 1:00,178
13/05/2018 2:00,189
13/05/2018 3:00,141
13/05/2018 4:00,83
13/05/2018 5:00,72
13/05/2018 6:00,139
13/05/2018 7:00,220
13/05/2018 8:00,397
13/05/2018 9:00,579
13/05/2018 10:00,716
13/05/2018 11:00,993
13/05/2018 12:00,1434
13/05/2018 13:00,1839
13/05/2018 14:00,2055
13/05/2018 15:00,2329
13/05/2018 16:00,2379
13/05/2018 17:00,2410
13/05/2018 18:00,2338
13/05/2018 19:00,2023
13/05/2018 20:00,1714
13/05/2018 21:00,1571
13/05/2018 22:00,1155
13/05/2018 23:00,814
14/05/2018 0:00,581
14/05/2018 1:00,377
14/05/2018 2:00,241
14/05/2018 3:00,167
14/05/2018 4:00,121
14/05/2018 5:00,199
14/05/2018 6:00,552
14/05/2018 7:00,1251
14/05/2018 8:00,1997
14/05/2018 9:00,1106
14/05/2018 10:00,779
14/05/2018 11:00,946
14/05/2018 12:00,1095
14/05/2018 13:00,1051
14/05/2018 14:00,1124
14/05/2018 15:00,1171
14/05/2018 16:00,1433
14/05/2018 17:00,1891
14/05/2018 18:00,2906
14/05/2018 19:00,2236
14/05/2018 20:00,1965
14/05/2018 21:00,1885
14/05/2018 22:00,1648
14/05/2018 23:00,1071
15/05/2018 0:00,764
15/05/2018 1:00,563
15/05/2018 2:00,372
15/05/2018 3:00,241
15/05/2018 4:00,170
15/05/2018 5:00,182
15/05/2018 6:00,562
15/05/2018 7:00,1239
15/05/2018 8:00,2059
15/05/2018 9:00,1148
15/05/2018 10:00,832
15/05/2018 11:00,944
15/05/2018 12:00,1058
15/05/2018 13:00,1080
15/05/2018 14:00,1092
15/05/2018 15:00,1210
15/05/2018 16:00,1458
15/05/2018 17:00,1951
15/05/2018 18:00,2915
15/05/2018 19:00,2248
15/05/2018 20:00,1958
15/05/2018 21:00,1944
15/05/2018 22:00,1640
15/05/2018 23:00,848
16/05/2018 0:00,662
16/05/2018 1:00,502
16/05/2018 2:00,145
16/05/2018 3:00,166
16/05/2018 4:00,124
16/05/2018 5:00,52
16/05/2018 6:00,135
16/05/2018 7:00,367
16/05/2018 8:00,291
16/05/2018 9:00,97
16/05/2018 10:00,81
16/05/2018 11:00,243
16/05/2018 12:00,59
16/05/2018 13:00,151
16/05/2018 14:00,248
16/05/2018 15:00,240
16/05/2018 16:00,223
16/05/2018 17:00,304
16/05/2018 18:00,562
16/05/2018 19:00,404
16/05/2018 20:00,338
16/05/2018 21:00,398
16/05/2018 22:00,399
16/05/2018 23:00,225
17/05/2018 0:00,118
17/05/2018 1:00,144
17/05/2018 2:00,78
17/05/2018 3:00,38
17/05/2018 4:00,51
17/05/2018 5:00,54
17/05/2018 6:00,69
17/05/2018 7:00,80
17/05/2018 8:00,152
17/05/2018 9:00,28
17/05/2018 10:00,141
17/05/2018 11:00,182
17/05/2018 12:00,467
17/05/2018 13:00,592
17/05/2018 14:00,352
17/05/2018 15:00,186
17/05/2018 16:00,102
17/05/2018 17:00,131
17/05/2018 18:00,431
17/05/2018 19:00,29
17/05/2018 20:00,17
17/05/2018 21:00,18
17/05/2018 22:00,26
17/05/2018 23:00,35
18/05/2018 0:00,129
18/05/2018 1:00,116
18/05/2018 2:00,48
18/05/2018 3:00,47
18/05/2018 4:00,22
18/05/2018 5:00,29
18/05/2018 6:00,77
18/05/2018 7:00,210
18/05/2018 8:00,400
18/05/2018 9:00,427
18/05/2018 10:00,454
18/05/2018 11:00,352
18/05/2018 12:00,185
18/05/2018 13:00,509
18/05/2018 14:00,697
18/05/2018 15:00,906
18/05/2018 16:00,1182
18/05/2018 17:00,1551
18/05/2018 18:00,2261
18/05/2018 19:00,1751
18/05/2018 20:00,1386
18/05/2018 21:00,1263
18/05/2018 22:00,1221
18/05/2018 23:00,864
19/05/2018 0:00,689
19/05/2018 1:00,676
19/05/2018 2:00,526
19/05/2018 3:00,320
19/05/2018 4:00,213
19/05/2018 5:00,198
19/05/2018 6:00,234
19/05/2018 7:00,436
19/05/2018 8:00,766
19/05/2018 9:00,932
19/05/2018 10:00,1051
19/05/2018 11:00,1290
19/05/2018 12:00,1573
19/05/2018 13:00,1865
19/05/2018 14:00,2128
19/05/2018 15:00,2268
19/05/2018 16:00,2479
19/05/2018 17:00,2355
19/05/2018 18:00,2439
19/05/2018 19:00,2140
19/05/2018 20:00,1872
19/05/2018 21:00,1780
19/05/2018 22:00,1595
19/05/2018 23:00,1169
20/05/2018 0:00,986
20/05/2018 1:00,713
20/05/2018 2:00,473
20/05/2018 3:00,347
20/05/2018 4:00,205
20/05/2018 5:00,160
20/05/2018 6:00,190
20/05/2018 7:00,341
20/05/2018 8:00,524
20/05/2018 9:00,676
20/05/2018 10:00,899
20/05/2018 11:00,1013
20/05/2018 12:00,1313
20/05/2018 13:00,1559
20/05/2018 14:00,1680
20/05/2018 15:00,1999
20/05/2018 16:00,2143
20/05/2018 17:00,2310
20/05/2018 18:00,2403
20/05/2018 19:00,2145
20/05/2018 20:00,1846
20/05/2018 21:00,1636
20/05/2018 22:00,1325
20/05/2018 23:00,943
21/05/2018 0:00,666
21/05/2018 1:00,420
21/05/2018 2:00,262
21/05/2018 3:00,165
21/05/2018 4:00,113
21/05/2018 5:00,200
21/05/2018 6:00,467
21/05/2018 7:00,1135
21/05/2018 8:00,1785
21/05/2018 9:00,1118
21/05/2018 10:00,962
21/05/2018 11:00,1129
21/05/2018 12:00,1373
21/05/2018 13:00,1456
21/05/2018 14:00,1483
21/05/2018 15:00,1612
21/05/2018 16:00,1820
21/05/2018 17:00,2214
21/05/2018 18:00,3069
21/05/2018 19:00,2450
21/05/2018 20:00,2167
21/05/2018 21:00,2065
21/05/2018 22:00,1832
21/05/2018 23:00,1273
22/05/2018 0:00,957
22/05/2018 1:00,810
22/05/2018 2:00,590
22/05/2018 3:00,406
22/05/2018 4:00,248
22/05/2018 5:00,182
22/05/2018 6:00,277
22/05/2018 7:00,443
22/05/2018 8:00,694
22/05/2018 9:00,912
22/05/2018 10:00,1119
22/05/2018 11:00,1438
22/05/2018 12:00,1798
22/05/2018 13:00,2000
22/05/2018 14:00,1407
22/05/2018 15:00,163
22/05/2018 16:00,86
22/05/2018 17:00,50
22/05/2018 18:00,30
22/05/2018 19:00,45
22/05/2018 20:00,30
22/05/2018 21:00,58
22/05/2018 22:00,29
22/05/2018 23:00,18
23/05/2018 0:00,32
23/05/2018 1:00,25
23/05/2018 2:00,34
23/05/2018 3:00,43
23/05/2018 4:00,59
23/05/2018 5:00,152
23/05/2018 6:00,436
23/05/2018 7:00,1241
23/05/2018 8:00,2035
23/05/2018 9:00,1125
23/05/2018 10:00,871
23/05/2018 11:00,1012
23/05/2018 12:00,1216
23/05/2018 13:00,1167
23/05/2018 14:00,1183
23/05/2018 15:00,1332
23/05/2018 16:00,1563
23/05/2018 17:00,2069
23/05/2018 18:00,3123
23/05/2018 19:00,2454
23/05/2018 20:00,2001
23/05/2018 21:00,1833
23/05/2018 22:00,1588
23/05/2018 23:00,1080
24/05/2018 0:00,778
24/05/2018 1:00,578
24/05/2018 2:00,385
24/05/2018 3:00,265
24/05/2018 4:00,161
24/05/2018 5:00,205
24/05/2018 6:00,530
24/05/2018 7:00,1390
24/05/2018 8:00,2081
24/05/2018 9:00,1226
24/05/2018 10:00,880
24/05/2018 11:00,922
24/05/2018 12:00,1087
24/05/2018 13:00,1078
24/05/2018 14:00,1059
24/05/2018 15:00,1174
24/05/2018 16:00,1455
24/05/2018 17:00,1863
24/05/2018 18:00,2825
24/05/2018 19:00,2334
24/05/2018 20:00,1902
24/05/2018 21:00,1838
24/05/2018 22:00,1678
24/05/2018 23:00,1087
25/05/2018 0:00,831
25/05/2018 1:00,610
25/05/2018 2:00,437
25/05/2018 3:00,286
25/05/2018 4:00,188
25/05/2018 5:00,201
25/05/2018 6:00,531
25/05/2018 7:00,1250
25/05/2018 8:00,1996
25/05/2018 9:00,1121
25/05/2018 10:00,819
25/05/2018 11:00,959
25/05/2018 12:00,1082
25/05/2018 13:00,1106
25/05/2018 14:00,1161
25/05/2018 15:00,1306
25/05/2018 16:00,1533
25/05/2018 17:00,2013
25/05/2018 18:00,2916
25/05/2018 19:00,2227
25/05/2018 20:00,1905
25/05/2018 21:00,1740
25/05/2018 22:00,1630
25/05/2018 23:00,1209
26/05/2018 0:00,987
26/05/2018 1:00,837
26/05/2018 2:00,572
26/05/2018 3:00,419
26/05/2018 4:00,232
26/05/2018 5:00,198
26/05/2018 6:00,299
26/05/2018 7:00,503
26/05/2018 8:00,763
26/05/2018 9:00,992
26/05/2018 10:00,1010
26/05/2018 11:00,1164
26/05/2018 12:00,1285
26/05/2018 13:00,1441
26/05/2018 14:00,1448
26/05/2018 15:00,1575
26/05/2018 16:00,1690
26/05/2018 17:00,1886
26/05/2018 18:00,2020
26/05/2018 19:00,1985
26/05/2018 20:00,1909
26/05/2018 21:00,1851
26/05/2018 22:00,1683
26/05/2018 23:00,1330
27/05/2018 0:00,1089
27/05/2018 1:00,799
27/05/2018 2:00,555
27/05/2018 3:00,423
27/05/2018 4:00,208
27/05/2018 5:00,174
27/05/2018 6:00,234
27/05/2018 7:00,341
27/05/2018 8:00,608
27/05/2018 9:00,762
27/05/2018 10:00,821
27/05/2018 11:00,1004
27/05/2018 12:00,1404
27/05/2018 13:00,1579
27/05/2018 14:00,1730
27/05/2018 15:00,2019
27/05/2018 16:00,2242
27/05/2018 17:00,2307
27/05/2018 18:00,2267
27/05/2018 19:00,2207
27/05/2018 20:00,2044
27/05/2018 21:00,1729
27/05/2018 22:00,1374
27/05/2018 23:00,1071
28/05/2018 0:00,770
28/05/2018 1:00,440
28/05/2018 2:00,335
28/05/2018 3:00,185
28/05/2018 4:00,134
28/05/2018 5:00,247
28/05/2018 6:00,641
28/05/2018 7:00,1502
28/05/2018 8:00,2194
28/05/2018 9:00,1131
28/05/2018 10:00,828
28/05/2018 11:00,986
28/05/2018 12:00,1139
28/05/2018 13:00,1124
28/05/2018 14:00,1128
28/05/2018 15:00,1258
28/05/2018 16:00,1497
28/05/2018 17:00,2060
28/05/2018 18:00,3245
28/05/2018 19:00,2656
28/05/2018 20:00,2252
28/05/2018 21:00,2140
28/05/2018 22:00,1881
28/05/2018 23:00,1247
29/05/2018 0:00,841
29/05/2018 1:00,721
29/05/2018 2:00,466
29/05/2018 3:00,285
29/05/2018 4:00,204
29/05/2018 5:00,252
29/05/2018 6:00,625
29/05/2018 7:00,1427
29/05/2018 8:00,2234
29/05/2018 9:00,1192
29/05/2018 10:00,893
29/05/2018 11:00,949
29/05/2018 12:00,1184
29/05/2018 13:00,1103
29/05/2018 14:00,1174
29/05/2018 15:00,1234
29/05/2018 16:00,1592
29/05/2018 17:00,2022
29/05/2018 18:00,2154
29/05/2018 19:00,477
29/05/2018 20:00,422
29/05/2018 21:00,1041
29/05/2018 22:00,1121
29/05/2018 23:00,742
30/05/2018 0:00,507
30/05/2018 1:00,570
30/05/2018 2:00,422
30/05/2018 3:00,238
30/05/2018 4:00,167
30/05/2018 5:00,239
30/05/2018 6:00,505
30/05/2018 7:00,1150
30/05/2018 8:00,1937
30/05/2018 9:00,1200
30/05/2018 10:00,916
30/05/2018 11:00,975
30/05/2018 12:00,1187
30/05/2018 13:00,1134
30/05/2018 14:00,1119
30/05/2018 15:00,1280
30/05/2018 16:00,1571
30/05/2018 17:00,2166
30/05/2018 18:00,3251
30/05/2018 19:00,2650
30/05/2018 20:00,2224
30/05/2018 21:00,2074
30/05/2018 22:00,1732
30/05/2018 23:00,1158
31/05/2018 0:00,844
31/05/2018 1:00,610
31/05/2018 2:00,470
31/05/2018 3:00,328
31/05/2018 4:00,188
31/05/2018 5:00,265
31/05/2018 6:00,646
31/05/2018 7:00,1401
31/05/2018 8:00,2281
31/05/2018 9:00,1277
31/05/2018 10:00,936
31/05/2018 11:00,979
31/05/2018 12:00,1134
31/05/2018 13:00,1151
31/05/2018 14:00,1164
31/05/2018 15:00,1280
31/05/2018 16:00,1550
31/05/2018 17:00,2047
31/05/2018 18:00,3119
31/05/2018 19:00,2534
31/05/2018 20:00,2164
31/05/2018 21:00,2070
31/05/2018 22:00,1900
31/05/2018 23:00,1343
01/06/2018 0:00,963
01/06/2018 1:00,776
01/06/2018 2:00,554
01/06/2018 3:00,366
01/06/2018 4:00,265
01/06/2018 5:00,306
01/06/2018 6:00,672
01/06/2018 7:00,1421
01/06/2018 8:00,2149
01/06/2018 9:00,1219
01/06/2018 10:00,862
01/06/2018 11:00,1036
01/06/2018 12:00,1076
01/06/2018 13:00,1093
01/06/2018 14:00,1071
01/06/2018 15:00,1235
01/06/2018 16:00,1488
01/06/2018 17:00,2123
01/06/2018 18:00,3088
01/06/2018 19:00,2505
01/06/2018 20:00,2163
01/06/2018 21:00,2066
01/06/2018 22:00,1991
01/06/2018 23:00,1440
02/06/2018 0:00,1165
02/06/2018 1:00,989
02/06/2018 2:00,677
02/06/2018 3:00,475
02/06/2018 4:00,312
02/06/2018 5:00,264
02/06/2018 6:00,342
02/06/2018 7:00,560
02/06/2018 8:00,898
02/06/2018 9:00,1005
02/06/2018 10:00,1044
02/06/2018 11:00,1094
02/06/2018 12:00,1253
02/06/2018 13:00,1334
02/06/2018 14:00,1396
02/06/2018 15:00,1535
02/06/2018 16:00,1707
02/06/2018 17:00,2025
02/06/2018 18:00,2246
02/06/2018 19:00,2337
02/06/2018 20:00,2338
02/06/2018 21:00,2238
02/06/2018 22:00,1969
02/06/2018 23:00,1490
03/06/2018 0:00,1248
03/06/2018 1:00,902
03/06/2018 2:00,673
03/06/2018 3:00,437
03/06/2018 4:00,294
03/06/2018 5:00,193
03/06/2018 6:00,228
03/06/2018 7:00,423
03/06/2018 8:00,659
03/06/2018 9:00,831
03/06/2018 10:00,938
03/06/2018 11:00,977
03/06/2018 12:00,1134
03/06/2018 13:00,1393
03/06/2018 14:00,1399
03/06/2018 15:00,1556
03/06/2018 16:00,1834
03/06/2018 17:00,2131
03/06/2018 18:00,2349
03/06/2018 19:00,2514
03/06/2018 20:00,2460
03/06/2018 21:00,2173
03/06/2018 22:00,1741
03/06/2018 23:00,1274
04/06/2018 0:00,938
04/06/2018 1:00,596
04/06/2018 2:00,351
04/06/2018 3:00,244
04/06/2018 4:00,172
04/06/2018 5:00,299
04/06/2018 6:00,742
04/06/2018 7:00,1505
04/06/2018 8:00,2287
04/06/2018 9:00,1243
04/06/2018 10:00,970
04/06/2018 11:00,1008
04/06/2018 12:00,1152
04/06/2018 13:00,1085
04/06/2018 14:00,1148
04/06/2018 15:00,1249
04/06/2018 16:00,1671
04/06/2018 17:00,2190
04/06/2018 18:00,3380
04/06/2018 19:00,2788
04/06/2018 20:00,2508
04/06/2018 21:00,2377
04/06/2018 22:00,2000
04/06/2018 23:00,1354
05/06/2018 0:00,927
05/06/2018 1:00,742
05/06/2018 2:00,448
05/06/2018 3:00,314
05/06/2018 4:00,214
05/06/2018 5:00,282
05/06/2018 6:00,733
05/06/2018 7:00,1602
05/06/2018 8:00,2322
05/06/2018 9:00,1344
05/06/2018 10:00,959
05/06/2018 11:00,974
05/06/2018 12:00,1111
05/06/2018 13:00,1058
05/06/2018 14:00,1120
05/06/2018 15:00,1250
05/06/2018 16:00,1434
05/06/2018 17:00,2115
05/06/2018 18:00,3227
05/06/2018 19:00,2615
05/06/2018 20:00,2346
05/06/2018 21:00,2404
05/06/2018 22:00,2237
05/06/2018 23:00,1646
06/06/2018 0:00,1268
06/06/2018 1:00,1031
06/06/2018 2:00,792
06/06/2018 3:00,562
06/06/2018 4:00,332
06/06/2018 5:00,218
06/06/2018 6:00,351
06/06/2018 7:00,536
06/06/2018 8:00,799
06/06/2018 9:00,925
06/06/2018 10:00,1087
06/06/2018 11:00,1152
06/06/2018 12:00,1400
06/06/2018 13:00,1444
06/06/2018 14:00,1603
06/06/2018 15:00,1674
06/06/2018 16:00,1940
06/06/2018 17:00,2104
06/06/2018 18:00,2162
06/06/2018 19:00,2163
06/06/2018 20:00,2145
06/06/2018 21:00,1935
06/06/2018 22:00,1624
06/06/2018 23:00,1251
07/06/2018 0:00,978
07/06/2018 1:00,606
07/06/2018 2:00,418
07/06/2018 3:00,275
07/06/2018 4:00,191
07/06/2018 5:00,288
07/06/2018 6:00,716
07/06/2018 7:00,1551
07/06/2018 8:00,2317
07/06/2018 9:00,1342
07/06/2018 10:00,914
07/06/2018 11:00,967
07/06/2018 12:00,1099
07/06/2018 13:00,1071
07/06/2018 14:00,1116
07/06/2018 15:00,1171
07/06/2018 16:00,1442
07/06/2018 17:00,2002
07/06/2018 18:00,3221
07/06/2018 19:00,2649
07/06/2018 20:00,2278
07/06/2018 21:00,2161
07/06/2018 22:00,1939
07/06/2018 23:00,1290
08/06/2018 0:00,926
08/06/2018 1:00,769
08/06/2018 2:00,525
08/06/2018 3:00,365
08/06/2018 4:00,255
08/06/2018 5:00,299
08/06/2018 6:00,744
08/06/2018 7:00,1544
08/06/2018 8:00,2348
08/06/2018 9:00,1283
08/06/2018 10:00,1002
08/06/2018 11:00,1095
08/06/2018 12:00,1256
08/06/2018 13:00,1314
08/06/2018 14:00,1249
08/06/2018 15:00,1416
08/06/2018 16:00,1668
08/06/2018 17:00,2314
08/06/2018 18:00,3309
08/06/2018 19:00,2797
08/06/2018 20:00,2476
08/06/2018 21:00,2337
08/06/2018 22:00,2140
08/06/2018 23:00,1672
09/06/2018 0:00,1247
09/06/2018 1:00,1029
09/06/2018 2:00,732
09/06/2018 3:00,535
09/06/2018 4:00,352
09/06/2018 5:00,262
09/06/2018 6:00,381
09/06/2018 7:00,616
09/06/2018 8:00,963
09/06/2018 9:00,1102
09/06/2018 10:00,1156
09/06/2018 11:00,1200
09/06/2018 12:00,1462
09/06/2018 13:00,1583
09/06/2018 14:00,1744
09/06/2018 15:00,1890
09/06/2018 16:00,2297
09/06/2018 17:00,2355
09/06/2018 18:00,1934
09/06/2018 19:00,1058
09/06/2018 20:00,246
09/06/2018 21:00,225
09/06/2018 22:00,776
09/06/2018 23:00,766
10/06/2018 0:00,483
10/06/2018 1:00,375
10/06/2018 2:00,162
10/06/2018 3:00,150
10/06/2018 4:00,174
10/06/2018 5:00,138
10/06/2018 6:00,216
10/06/2018 7:00,313
10/06/2018 8:00,619
10/06/2018 9:00,786
10/06/2018 10:00,942
10/06/2018 11:00,1074
10/06/2018 12:00,1442
10/06/2018 13:00,1752
10/06/2018 14:00,1985
10/06/2018 15:00,2182
10/06/2018 16:00,2333
10/06/2018 17:00,2431
10/06/2018 18:00,2367
10/06/2018 19:00,2267
10/06/2018 20:00,2300
10/06/2018 21:00,2026
10/06/2018 22:00,1634
10/06/2018 23:00,1191
11/06/2018 0:00,918
11/06/2018 1:00,555
11/06/2018 2:00,353
11/06/2018 3:00,232
11/06/2018 4:00,194
11/06/2018 5:00,324
11/06/2018 6:00,807
11/06/2018 7:00,1629
11/06/2018 8:00,2375
11/06/2018 9:00,1307
11/06/2018 10:00,992
11/06/2018 11:00,1107
11/06/2018 12:00,1204
11/06/2018 13:00,1033
11/06/2018 14:00,1075
11/06/2018 15:00,1240
11/06/2018 16:00,1220
11/06/2018 17:00,1475
11/06/2018 18:00,1491
11/06/2018 19:00,873
11/06/2018 20:00,1280
11/06/2018 21:00,1647
11/06/2018 22:00,1117
11/06/2018 23:00,384
12/06/2018 0:00,470
12/06/2018 1:00,454
12/06/2018 2:00,385
12/06/2018 3:00,206
12/06/2018 4:00,144
12/06/2018 5:00,296
12/06/2018 6:00,740
12/06/2018 7:00,1573
12/06/2018 8:00,2495
12/06/2018 9:00,1317
12/06/2018 10:00,971
12/06/2018 11:00,1092
12/06/2018 12:00,1202
12/06/2018 13:00,1215
12/06/2018 14:00,1246
12/06/2018 15:00,1427
12/06/2018 16:00,1714
12/06/2018 17:00,2270
12/06/2018 18:00,3404
12/06/2018 19:00,2873
12/06/2018 20:00,2579
12/06/2018 21:00,2505
12/06/2018 22:00,2309
12/06/2018 23:00,1657
13/06/2018 0:00,1274
13/06/2018 1:00,1088
13/06/2018 2:00,847
13/06/2018 3:00,591
13/06/2018 4:00,421
13/06/2018 5:00,290
13/06/2018 6:00,416
13/06/2018 7:00,657
13/06/2018 8:00,959
13/06/2018 9:00,1111
13/06/2018 10:00,1269
13/06/2018 11:00,1478
13/06/2018 12:00,1747
13/06/2018 13:00,1834
13/06/2018 14:00,2088
13/06/2018 15:00,2288
13/06/2018 16:00,2474
13/06/2018 17:00,2664
13/06/2018 18:00,2479
13/06/2018 19:00,2404
13/06/2018 20:00,2276
13/06/2018 21:00,2166
13/06/2018 22:00,1934
13/06/2018 23:00,1394
14/06/2018 0:00,1047
14/06/2018 1:00,715
14/06/2018 2:00,453
14/06/2018 3:00,289
14/06/2018 4:00,193
14/06/2018 5:00,154
14/06/2018 6:00,100
14/06/2018 7:00,94
14/06/2018 8:00,187
14/06/2018 9:00,175
14/06/2018 10:00,532
14/06/2018 11:00,735
14/06/2018 12:00,945
14/06/2018 13:00,1056
14/06/2018 14:00,1153
14/06/2018 15:00,1292
14/06/2018 16:00,1550
14/06/2018 17:00,1934
14/06/2018 18:00,2962
14/06/2018 19:00,1856
14/06/2018 20:00,1557
14/06/2018 21:00,1807
14/06/2018 22:00,1737
14/06/2018 23:00,1295
15/06/2018 0:00,986
15/06/2018 1:00,717
15/06/2018 2:00,403
15/06/2018 3:00,154
15/06/2018 4:00,72
15/06/2018 5:00,161
15/06/2018 6:00,609
15/06/2018 7:00,1467
15/06/2018 8:00,2328
15/06/2018 9:00,1170
15/06/2018 10:00,1004
15/06/2018 11:00,1118
15/06/2018 12:00,1193
15/06/2018 13:00,1035
15/06/2018 14:00,1027
15/06/2018 15:00,1461
15/06/2018 16:00,1726
15/06/2018 17:00,2460
15/06/2018 18:00,2891
15/06/2018 19:00,2984
15/06/2018 20:00,2441
15/06/2018 21:00,2337
15/06/2018 22:00,2155
15/06/2018 23:00,1593
16/06/2018 0:00,1217
16/06/2018 1:00,1056
16/06/2018 2:00,764
16/06/2018 3:00,518
16/06/2018 4:00,317
16/06/2018 5:00,277
16/06/2018 6:00,381
16/06/2018 7:00,583
16/06/2018 8:00,892
16/06/2018 9:00,1144
16/06/2018 10:00,1166
16/06/2018 11:00,1330
16/06/2018 12:00,1525
16/06/2018 13:00,1704
16/06/2018 14:00,1783
16/06/2018 15:00,1861
16/06/2018 16:00,1991
16/06/2018 17:00,2383
16/06/2018 18:00,2451
16/06/2018 19:00,2475
16/06/2018 20:00,2497
16/06/2018 21:00,2435
16/06/2018 22:00,1995
16/06/2018 23:00,1615
17/06/2018 0:00,1394
17/06/2018 1:00,929
17/06/2018 2:00,755
17/06/2018 3:00,491
17/06/2018 4:00,304
17/06/2018 5:00,238
17/06/2018 6:00,324
17/06/2018 7:00,475
17/06/2018 8:00,715
17/06/2018 9:00,944
17/06/2018 10:00,953
17/06/2018 11:00,1146
17/06/2018 12:00,1422
17/06/2018 13:00,1563
17/06/2018 14:00,1709
17/06/2018 15:00,1979
17/06/2018 16:00,2235
17/06/2018 17:00,2330
17/06/2018 18:00,2474
17/06/2018 19:00,2481
17/06/2018 20:00,2429
17/06/2018 21:00,2055
17/06/2018 22:00,1819
17/06/2018 23:00,1323
18/06/2018 0:00,917
18/06/2018 1:00,547
18/06/2018 2:00,436
18/06/2018 3:00,202
18/06/2018 4:00,164
18/06/2018 5:00,383
18/06/2018 6:00,779
18/06/2018 7:00,1590
18/06/2018 8:00,2357
18/06/2018 9:00,1263
18/06/2018 10:00,822
18/06/2018 11:00,915
18/06/2018 12:00,988
18/06/2018 13:00,938
18/06/2018 14:00,997
18/06/2018 15:00,1177
18/06/2018 16:00,1401
18/06/2018 17:00,2040
18/06/2018 18:00,746
18/06/2018 19:00,1557
18/06/2018 20:00,2515
18/06/2018 21:00,1702
18/06/2018 22:00,1373
18/06/2018 23:00,1732
19/06/2018 0:00,1055
19/06/2018 1:00,766
19/06/2018 2:00,527
19/06/2018 3:00,369
19/06/2018 4:00,268
19/06/2018 5:00,317
19/06/2018 6:00,746
19/06/2018 7:00,1616
19/06/2018 8:00,2430
19/06/2018 9:00,1381
19/06/2018 10:00,937
19/06/2018 11:00,1014
19/06/2018 12:00,1224
19/06/2018 13:00,1230
19/06/2018 14:00,1258
19/06/2018 15:00,1363
19/06/2018 16:00,1700
19/06/2018 17:00,2328
19/06/2018 18:00,3556
19/06/2018 19:00,2809
19/06/2018 20:00,2525
19/06/2018 21:00,2378
19/06/2018 22:00,2096
19/06/2018 23:00,1456
20/06/2018 0:00,1030
20/06/2018 1:00,803
20/06/2018 2:00,576
20/06/2018 3:00,340
20/06/2018 4:00,249
20/06/2018 5:00,336
20/06/2018 6:00,714
20/06/2018 7:00,1629
20/06/2018 8:00,2440
20/06/2018 9:00,1401
20/06/2018 10:00,1002
20/06/2018 11:00,1100
20/06/2018 12:00,1252
20/06/2018 13:00,1184
20/06/2018 14:00,1158
20/06/2018 15:00,1266
20/06/2018 16:00,1600
20/06/2018 17:00,2289
20/06/2018 18:00,3384
20/06/2018 19:00,2741
20/06/2018 20:00,2519
20/06/2018 21:00,2246
20/06/2018 22:00,1979
20/06/2018 23:00,1401
21/06/2018 0:00,1083
21/06/2018 1:00,794
21/06/2018 2:00,539
21/06/2018 3:00,394
21/06/2018 4:00,215
21/06/2018 5:00,308
21/06/2018 6:00,709
21/06/2018 7:00,1543
21/06/2018 8:00,2370
21/06/2018 9:00,1360
21/06/2018 10:00,922
21/06/2018 11:00,1066
21/06/2018 12:00,1197
21/06/2018 13:00,1147
21/06/2018 14:00,1152
21/06/2018 15:00,1276
21/06/2018 16:00,1473
21/06/2018 17:00,2176
21/06/2018 18:00,3418
21/06/2018 19:00,2811
21/06/2018 20:00,2556
21/06/2018 21:00,2436
21/06/2018 22:00,2179
21/06/2018 23:00,1497
22/06/2018 0:00,1137
22/06/2018 1:00,912
22/06/2018 2:00,602
22/06/2018 3:00,413
22/06/2018 4:00,268
22/06/2018 5:00,336
22/06/2018 6:00,710
22/06/2018 7:00,1529
22/06/2018 8:00,2283
22/06/2018 9:00,1284
22/06/2018 10:00,902
22/06/2018 11:00,1020
22/06/2018 12:00,1116
22/06/2018 13:00,1073
22/06/2018 14:00,1087
22/06/2018 15:00,1203
22/06/2018 16:00,1466
22/06/2018 17:00,2146
22/06/2018 18:00,3365
22/06/2018 19:00,2732
22/06/2018 20:00,2493
22/06/2018 21:00,2251
22/06/2018 22:00,2103
22/06/2018 23:00,1648
23/06/2018 0:00,1322
23/06/2018 1:00,1073
23/06/2018 2:00,818
23/06/2018 3:00,540
23/06/2018 4:00,375
23/06/2018 5:00,339
23/06/2018 6:00,417
23/06/2018 7:00,622
23/06/2018 8:00,934
23/06/2018 9:00,1072
23/06/2018 10:00,1064
23/06/2018 11:00,1229
23/06/2018 12:00,1374
23/06/2018 13:00,1483
23/06/2018 14:00,1445
23/06/2018 15:00,1589
23/06/2018 16:00,1837
23/06/2018 17:00,2101
23/06/2018 18:00,2256
23/06/2018 19:00,2288
23/06/2018 20:00,2262
23/06/2018 21:00,2175
23/06/2018 22:00,1932
23/06/2018 23:00,1402
24/06/2018 0:00,849
24/06/2018 1:00,545
24/06/2018 2:00,1254
24/06/2018 3:00,644
24/06/2018 4:00,286
24/06/2018 5:00,235
24/06/2018 6:00,258
24/06/2018 7:00,369
24/06/2018 8:00,561
24/06/2018 9:00,734
24/06/2018 10:00,763
24/06/2018 11:00,870
24/06/2018 12:00,1042
24/06/2018 13:00,1062
24/06/2018 14:00,1064
24/06/2018 15:00,1213
24/06/2018 16:00,1471
24/06/2018 17:00,1754
24/06/2018 18:00,2094
24/06/2018 19:00,2290
24/06/2018 20:00,2387
24/06/2018 21:00,2153
24/06/2018 22:00,1801
24/06/2018 23:00,1329
25/06/2018 0:00,962
25/06/2018 1:00,585
25/06/2018 2:00,424
25/06/2018 3:00,264
25/06/2018 4:00,199
25/06/2018 5:00,338
25/06/2018 6:00,785
25/06/2018 7:00,1620
25/06/2018 8:00,2331
25/06/2018 9:00,1293
25/06/2018 10:00,878
25/06/2018 11:00,968
25/06/2018 12:00,1039
25/06/2018 13:00,1073
25/06/2018 14:00,1016
25/06/2018 15:00,1184
25/06/2018 16:00,1407
25/06/2018 17:00,2008
25/06/2018 18:00,3238
25/06/2018 19:00,2779
25/06/2018 20:00,2456
25/06/2018 21:00,2372
25/06/2018 22:00,2046
25/06/2018 23:00,1437
26/06/2018 0:00,1052
26/06/2018 1:00,783
26/06/2018 2:00,524
26/06/2018 3:00,353
26/06/2018 4:00,143
26/06/2018 5:00,45
26/06/2018 6:00,37
26/06/2018 7:00,49
26/06/2018 8:00,53
26/06/2018 9:00,19
26/06/2018 10:00,9
26/06/2018 11:00,11
26/06/2018 12:00,10
26/06/2018 13:00,24
26/06/2018 14:00,26
26/06/2018 15:00,65
26/06/2018 16:00,56
26/06/2018 17:00,113
26/06/2018 18:00,156
26/06/2018 19:00,203
26/06/2018 20:00,199
26/06/2018 21:00,275
26/06/2018 22:00,443
26/06/2018 23:00,552
27/06/2018 0:00,513
27/06/2018 1:00,254
27/06/2018 2:00,164
27/06/2018 3:00,152
27/06/2018 4:00,110
27/06/2018 5:00,162
27/06/2018 6:00,417
27/06/2018 7:00,1084
27/06/2018 8:00,1995
27/06/2018 9:00,1238
27/06/2018 10:00,862
27/06/2018 11:00,1015
27/06/2018 12:00,1145
27/06/2018 13:00,1234
27/06/2018 14:00,1243
27/06/2018 15:00,1362
27/06/2018 16:00,1618
27/06/2018 17:00,2115
27/06/2018 18:00,3172
27/06/2018 19:00,2487
27/06/2018 20:00,2274
27/06/2018 21:00,2200
27/06/2018 22:00,1959
27/06/2018 23:00,980
28/06/2018 0:00,561
28/06/2018 1:00,1068
28/06/2018 2:00,652
28/06/2018 3:00,344
28/06/2018 4:00,233
28/06/2018 5:00,266
28/06/2018 6:00,594
28/06/2018 7:00,1391
28/06/2018 8:00,2288
28/06/2018 9:00,1246
28/06/2018 10:00,826
28/06/2018 11:00,938
28/06/2018 12:00,1158
28/06/2018 13:00,1040
28/06/2018 14:00,1030
28/06/2018 15:00,1209
28/06/2018 16:00,766
28/06/2018 17:00,65
28/06/2018 18:00,596
28/06/2018 19:00,944
28/06/2018 20:00,1039
28/06/2018 21:00,1223
28/06/2018 22:00,1239
28/06/2018 23:00,931
29/06/2018 0:00,470
29/06/2018 1:00,460
29/06/2018 2:00,345
29/06/2018 3:00,227
29/06/2018 4:00,123
29/06/2018 5:00,133
29/06/2018 6:00,308
29/06/2018 7:00,883
29/06/2018 8:00,2028
29/06/2018 9:00,1195
29/06/2018 10:00,913
29/06/2018 11:00,956
29/06/2018 12:00,1168
29/06/2018 13:00,1117
29/06/2018 14:00,1175
29/06/2018 15:00,1209
29/06/2018 16:00,1554
29/06/2018 17:00,2099
29/06/2018 18:00,3113
29/06/2018 19:00,2602
29/06/2018 20:00,2339
29/06/2018 21:00,2225
29/06/2018 22:00,2103
29/06/2018 23:00,1552
30/06/2018 0:00,1275
30/06/2018 1:00,1070
30/06/2018 2:00,859
30/06/2018 3:00,625
30/06/2018 4:00,382
30/06/2018 5:00,247
30/06/2018 6:00,310
30/06/2018 7:00,468
30/06/2018 8:00,825
30/06/2018 9:00,862
30/06/2018 10:00,933
30/06/2018 11:00,871
30/06/2018 12:00,858
30/06/2018 13:00,1144
30/06/2018 14:00,1235
30/06/2018 15:00,1311
30/06/2018 16:00,1317
30/06/2018 17:00,1291
30/06/2018 18:00,306
30/06/2018 19:00,481
30/06/2018 20:00,778
30/06/2018 21:00,1005
30/06/2018 22:00,1107
30/06/2018 23:00,919
01/07/2018 0:00,865
01/07/2018 1:00,740
01/07/2018 2:00,586
01/07/2018 3:00,368
01/07/2018 4:00,211
01/07/2018 5:00,54
01/07/2018 6:00,60
01/07/2018 7:00,25
01/07/2018 8:00,20
01/07/2018 9:00,9
01/07/2018 10:00,13
01/07/2018 11:00,11
01/07/2018 12:00,9
01/07/2018 13:00,30
01/07/2018 14:00,14
01/07/2018 15:00,51
01/07/2018 16:00,41
01/07/2018 17:00,25
01/07/2018 18:00,17
01/07/2018 19:00,18
01/07/2018 20:00,16
01/07/2018 21:00,17
01/07/2018 22:00,16
01/07/2018 23:00,15
02/07/2018 0:00,26
02/07/2018 1:00,28
02/07/2018 2:00,17
02/07/2018 3:00,23
02/07/2018 4:00,58
02/07/2018 5:00,28
02/07/2018 6:00,40
02/07/2018 7:00,126
02/07/2018 8:00,104
02/07/2018 9:00,128
02/07/2018 10:00,27
02/07/2018 11:00,153
02/07/2018 12:00,218
02/07/2018 13:00,304
02/07/2018 14:00,381
02/07/2018 15:00,619
02/07/2018 16:00,839
02/07/2018 17:00,861
02/07/2018 18:00,832
02/07/2018 19:00,44
02/07/2018 20:00,61
02/07/2018 21:00,72
02/07/2018 22:00,83
02/07/2018 23:00,168
03/07/2018 0:00,349
03/07/2018 1:00,407
03/07/2018 2:00,354
03/07/2018 3:00,233
03/07/2018 4:00,149
03/07/2018 5:00,224
03/07/2018 6:00,600
03/07/2018 7:00,1308
03/07/2018 8:00,2135
03/07/2018 9:00,1156
03/07/2018 10:00,818
03/07/2018 11:00,906
03/07/2018 12:00,944
03/07/2018 13:00,994
03/07/2018 14:00,1001
03/07/2018 15:00,1069
03/07/2018 16:00,1325
03/07/2018 17:00,1783
03/07/2018 18:00,2965
03/07/2018 19:00,2598
03/07/2018 20:00,2398
03/07/2018 21:00,2264
03/07/2018 22:00,1948
03/07/2018 23:00,1365
04/07/2018 0:00,971
04/07/2018 1:00,796
04/07/2018 2:00,555
04/07/2018 3:00,372
04/07/2018 4:00,234
04/07/2018 5:00,316
04/07/2018 6:00,747
04/07/2018 7:00,1450
04/07/2018 8:00,2215
04/07/2018 9:00,1191
04/07/2018 10:00,831
04/07/2018 11:00,941
04/07/2018 12:00,1021
04/07/2018 13:00,1007
04/07/2018 14:00,1005
04/07/2018 15:00,1038
04/07/2018 16:00,1306
04/07/2018 17:00,1856
04/07/2018 18:00,3080
04/07/2018 19:00,2637
04/07/2018 20:00,2415
04/07/2018 21:00,2274
04/07/2018 22:00,2091
04/07/2018 23:00,1432
05/07/2018 0:00,1078
05/07/2018 1:00,846
05/07/2018 2:00,568
05/07/2018 3:00,376
05/07/2018 4:00,267
05/07/2018 5:00,326
05/07/2018 6:00,438
05/07/2018 7:00,828
05/07/2018 8:00,1836
05/07/2018 9:00,1112
05/07/2018 10:00,827
05/07/2018 11:00,890
05/07/2018 12:00,996
05/07/2018 13:00,929
05/07/2018 14:00,933
05/07/2018 15:00,1011
05/07/2018 16:00,1105
05/07/2018 17:00,1381
05/07/2018 18:00,2594
05/07/2018 19:00,2309
05/07/2018 20:00,2122
05/07/2018 21:00,2063
05/07/2018 22:00,1941
05/07/2018 23:00,1406
06/07/2018 0:00,1075
06/07/2018 1:00,839
06/07/2018 2:00,558
06/07/2018 3:00,403
06/07/2018 4:00,273
06/07/2018 5:00,311
06/07/2018 6:00,723
06/07/2018 7:00,1449
06/07/2018 8:00,2273
06/07/2018 9:00,1318
06/07/2018 10:00,998
06/07/2018 11:00,1024
06/07/2018 12:00,1216
06/07/2018 13:00,1210
06/07/2018 14:00,1209
06/07/2018 15:00,1346
06/07/2018 16:00,1635
06/07/2018 17:00,2282
06/07/2018 18:00,3196
06/07/2018 19:00,2557
06/07/2018 20:00,2223
06/07/2018 21:00,2183
06/07/2018 22:00,1917
06/07/2018 23:00,1458
07/07/2018 0:00,1191
07/07/2018 1:00,1079
07/07/2018 2:00,760
07/07/2018 3:00,545
07/07/2018 4:00,331
07/07/2018 5:00,273
07/07/2018 6:00,396
07/07/2018 7:00,567
07/07/2018 8:00,832
07/07/2018 9:00,1009
07/07/2018 10:00,1050
07/07/2018 11:00,1129
07/07/2018 12:00,1328
07/07/2018 13:00,1399
07/07/2018 14:00,1430
07/07/2018 15:00,1579
07/07/2018 16:00,1764
07/07/2018 17:00,2020
07/07/2018 18:00,2238
07/07/2018 19:00,2352
07/07/2018 20:00,2232
07/07/2018 21:00,2235
07/07/2018 22:00,1921
07/07/2018 23:00,1416
08/07/2018 0:00,1208
08/07/2018 1:00,946
08/07/2018 2:00,648
08/07/2018 3:00,460
08/07/2018 4:00,277
08/07/2018 5:00,253
08/07/2018 6:00,267
08/07/2018 7:00,410
08/07/2018 8:00,684
08/07/2018 9:00,787
08/07/2018 10:00,867
08/07/2018 11:00,1053
08/07/2018 12:00,1237
08/07/2018 13:00,1442
08/07/2018 14:00,1517
08/07/2018 15:00,1693
08/07/2018 16:00,2070
08/07/2018 17:00,2266
08/07/2018 18:00,2351
08/07/2018 19:00,2272
08/07/2018 20:00,2348
08/07/2018 21:00,2055
08/07/2018 22:00,1717
08/07/2018 23:00,1252
09/07/2018 0:00,900
09/07/2018 1:00,554
09/07/2018 2:00,387
09/07/2018 3:00,285
09/07/2018 4:00,206
09/07/2018 5:00,301
09/07/2018 6:00,486
09/07/2018 7:00,451
09/07/2018 8:00,670
09/07/2018 9:00,575
09/07/2018 10:00,217
09/07/2018 11:00,186
09/07/2018 12:00,71
09/07/2018 13:00,99
09/07/2018 14:00,110
09/07/2018 15:00,59
09/07/2018 16:00,68
09/07/2018 17:00,104
09/07/2018 18:00,140
09/07/2018 19:00,68
09/07/2018 20:00,48
09/07/2018 21:00,95
09/07/2018 22:00,71
09/07/2018 23:00,40
10/07/2018 0:00,29
10/07/2018 1:00,39
10/07/2018 2:00,84
10/07/2018 3:00,136
10/07/2018 4:00,133
10/07/2018 5:00,174
10/07/2018 6:00,534
10/07/2018 7:00,1209
10/07/2018 8:00,2017
10/07/2018 9:00,1061
10/07/2018 10:00,768
10/07/2018 11:00,909
10/07/2018 12:00,1035
10/07/2018 13:00,1074
10/07/2018 14:00,1142
10/07/2018 15:00,1169
10/07/2018 16:00,1462
10/07/2018 17:00,1603
10/07/2018 18:00,1665
10/07/2018 19:00,794
10/07/2018 20:00,908
10/07/2018 21:00,1352
10/07/2018 22:00,971
10/07/2018 23:00,373
11/07/2018 0:00,240
11/07/2018 1:00,240
11/07/2018 2:00,236
11/07/2018 3:00,157
11/07/2018 4:00,71
11/07/2018 5:00,76
11/07/2018 6:00,187
11/07/2018 7:00,303
11/07/2018 8:00,827
11/07/2018 9:00,634
11/07/2018 10:00,581
11/07/2018 11:00,792
11/07/2018 12:00,964
11/07/2018 13:00,991
11/07/2018 14:00,1052
11/07/2018 15:00,1106
11/07/2018 16:00,1344
11/07/2018 17:00,1923
11/07/2018 18:00,2931
11/07/2018 19:00,2328
11/07/2018 20:00,2048
11/07/2018 21:00,1936
11/07/2018 22:00,1870
11/07/2018 23:00,1298
12/07/2018 0:00,938
12/07/2018 1:00,787
12/07/2018 2:00,517
12/07/2018 3:00,322
12/07/2018 4:00,159
12/07/2018 5:00,231
12/07/2018 6:00,593
12/07/2018 7:00,1279
12/07/2018 8:00,1811
12/07/2018 9:00,982
12/07/2018 10:00,746
12/07/2018 11:00,805
12/07/2018 12:00,991
12/07/2018 13:00,959
12/07/2018 14:00,976
12/07/2018 15:00,1163
12/07/2018 16:00,1296
12/07/2018 17:00,1915
12/07/2018 18:00,3016
12/07/2018 19:00,2313
12/07/2018 20:00,2214
12/07/2018 21:00,2115
12/07/2018 22:00,1945
12/07/2018 23:00,1355
13/07/2018 0:00,1006
13/07/2018 1:00,760
13/07/2018 2:00,600
13/07/2018 3:00,377
13/07/2018 4:00,241
13/07/2018 5:00,301
13/07/2018 6:00,665
13/07/2018 7:00,1321
13/07/2018 8:00,2114
13/07/2018 9:00,1240
13/07/2018 10:00,836
13/07/2018 11:00,887
13/07/2018 12:00,1013
13/07/2018 13:00,1046
13/07/2018 14:00,999
13/07/2018 15:00,1094
13/07/2018 16:00,1291
13/07/2018 17:00,1782
13/07/2018 18:00,2884
13/07/2018 19:00,2320
13/07/2018 20:00,2069
13/07/2018 21:00,1924
13/07/2018 22:00,1879
13/07/2018 23:00,1439
14/07/2018 0:00,1169
14/07/2018 1:00,1062
14/07/2018 2:00,783
14/07/2018 3:00,545
14/07/2018 4:00,307
14/07/2018 5:00,266
14/07/2018 6:00,356
14/07/2018 7:00,537
14/07/2018 8:00,787
14/07/2018 9:00,909
14/07/2018 10:00,910
14/07/2018 11:00,945
14/07/2018 12:00,1039
14/07/2018 13:00,1078
14/07/2018 14:00,1038
14/07/2018 15:00,1058
14/07/2018 16:00,1177
14/07/2018 17:00,1433
14/07/2018 18:00,1624
14/07/2018 19:00,1797
14/07/2018 20:00,2023
14/07/2018 21:00,2011
14/07/2018 22:00,1682
14/07/2018 23:00,1278
15/07/2018 0:00,1143
15/07/2018 1:00,868
15/07/2018 2:00,632
15/07/2018 3:00,443
15/07/2018 4:00,278
15/07/2018 5:00,223
15/07/2018 6:00,292
15/07/2018 7:00,402
15/07/2018 8:00,613
15/07/2018 9:00,715
15/07/2018 10:00,701
15/07/2018 11:00,712
15/07/2018 12:00,803
15/07/2018 13:00,810
15/07/2018 14:00,822
15/07/2018 15:00,946
15/07/2018 16:00,1125
15/07/2018 17:00,1247
15/07/2018 18:00,1466
15/07/2018 19:00,1847
15/07/2018 20:00,2058
15/07/2018 21:00,1924
15/07/2018 22:00,1607
15/07/2018 23:00,1113
16/07/2018 0:00,732
16/07/2018 1:00,498
16/07/2018 2:00,469
16/07/2018 3:00,276
16/07/2018 4:00,211
16/07/2018 5:00,324
16/07/2018 6:00,703
16/07/2018 7:00,1344
16/07/2018 8:00,1935
16/07/2018 9:00,1014
16/07/2018 10:00,678
16/07/2018 11:00,688
16/07/2018 12:00,719
16/07/2018 13:00,727
16/07/2018 14:00,691
16/07/2018 15:00,745
16/07/2018 16:00,818
16/07/2018 17:00,1425
16/07/2018 18:00,2636
16/07/2018 19:00,2368
16/07/2018 20:00,2362
16/07/2018 21:00,2241
16/07/2018 22:00,1934
16/07/2018 23:00,1285
17/07/2018 0:00,1003
17/07/2018 1:00,692
17/07/2018 2:00,497
17/07/2018 3:00,372
17/07/2018 4:00,222
17/07/2018 5:00,372
17/07/2018 6:00,713
17/07/2018 7:00,1356
17/07/2018 8:00,1955
17/07/2018 9:00,1031
17/07/2018 10:00,719
17/07/2018 11:00,797
17/07/2018 12:00,803
17/07/2018 13:00,763
17/07/2018 14:00,786
17/07/2018 15:00,878
17/07/2018 16:00,1062
17/07/2018 17:00,1591
17/07/2018 18:00,2770
17/07/2018 19:00,2326
17/07/2018 20:00,2174
17/07/2018 21:00,2273
17/07/2018 22:00,1940
17/07/2018 23:00,1340
18/07/2018 0:00,1002
18/07/2018 1:00,741
18/07/2018 2:00,526
18/07/2018 3:00,381
18/07/2018 4:00,266
18/07/2018 5:00,327
18/07/2018 6:00,695
18/07/2018 7:00,1308
18/07/2018 8:00,1944
18/07/2018 9:00,982
18/07/2018 10:00,722
18/07/2018 11:00,701
18/07/2018 12:00,780
18/07/2018 13:00,778
18/07/2018 14:00,762
18/07/2018 15:00,776
18/07/2018 16:00,912
18/07/2018 17:00,1596
18/07/2018 18:00,2692
18/07/2018 19:00,2281
18/07/2018 20:00,2202
18/07/2018 21:00,2188
18/07/2018 22:00,1980
18/07/2018 23:00,1354
19/07/2018 0:00,1068
19/07/2018 1:00,824
19/07/2018 2:00,591
19/07/2018 3:00,393
19/07/2018 4:00,231
19/07/2018 5:00,329
19/07/2018 6:00,672
19/07/2018 7:00,1315
19/07/2018 8:00,1993
19/07/2018 9:00,985
19/07/2018 10:00,695
19/07/2018 11:00,687
19/07/2018 12:00,828
19/07/2018 13:00,798
19/07/2018 14:00,722
19/07/2018 15:00,827
19/07/2018 16:00,1017
19/07/2018 17:00,1536
19/07/2018 18:00,2640
19/07/2018 19:00,2245
19/07/2018 20:00,2114
19/07/2018 21:00,2122
19/07/2018 22:00,1870
19/07/2018 23:00,1318
20/07/2018 0:00,1041
20/07/2018 1:00,773
20/07/2018 2:00,557
20/07/2018 3:00,428
20/07/2018 4:00,267
20/07/2018 5:00,327
20/07/2018 6:00,672
20/07/2018 7:00,1251
20/07/2018 8:00,1896
20/07/2018 9:00,1029
20/07/2018 10:00,641
20/07/2018 11:00,791
20/07/2018 12:00,822
20/07/2018 13:00,805
20/07/2018 14:00,741
20/07/2018 15:00,794
20/07/2018 16:00,928
20/07/2018 17:00,1468
20/07/2018 18:00,2419
20/07/2018 19:00,2084
20/07/2018 20:00,1888
20/07/2018 21:00,1869
20/07/2018 22:00,1782
20/07/2018 23:00,1426
21/07/2018 0:00,1132
21/07/2018 1:00,945
21/07/2018 2:00,684
21/07/2018 3:00,477
21/07/2018 4:00,347
21/07/2018 5:00,292
21/07/2018 6:00,381
21/07/2018 7:00,491
21/07/2018 8:00,720
21/07/2018 9:00,729
21/07/2018 10:00,699
21/07/2018 11:00,676
21/07/2018 12:00,735
21/07/2018 13:00,727
21/07/2018 14:00,682
21/07/2018 15:00,785
21/07/2018 16:00,883
21/07/2018 17:00,1011
21/07/2018 18:00,1202
21/07/2018 19:00,1423
21/07/2018 20:00,1655
21/07/2018 21:00,1731
21/07/2018 22:00,1588
21/07/2018 23:00,1288
22/07/2018 0:00,1088
22/07/2018 1:00,772
22/07/2018 2:00,587
22/07/2018 3:00,438
22/07/2018 4:00,270
22/07/2018 5:00,256
22/07/2018 6:00,286
22/07/2018 7:00,360
22/07/2018 8:00,477
22/07/2018 9:00,526
22/07/2018 10:00,522
22/07/2018 11:00,499
22/07/2018 12:00,560
22/07/2018 13:00,569
22/07/2018 14:00,565
22/07/2018 15:00,632
22/07/2018 16:00,771
22/07/2018 17:00,965
22/07/2018 18:00,1212
22/07/2018 19:00,1478
22/07/2018 20:00,1688
22/07/2018 21:00,1666
22/07/2018 22:00,1346
22/07/2018 23:00,1030
23/07/2018 0:00,792
23/07/2018 1:00,542
23/07/2018 2:00,382
23/07/2018 3:00,238
23/07/2018 4:00,174
23/07/2018 5:00,310
23/07/2018 6:00,652
23/07/2018 7:00,1241
23/07/2018 8:00,1889
23/07/2018 9:00,985
23/07/2018 10:00,636
23/07/2018 11:00,611
23/07/2018 12:00,655
23/07/2018 13:00,688
23/07/2018 14:00,670
23/07/2018 15:00,739
23/07/2018 16:00,960
23/07/2018 17:00,1310
23/07/2018 18:00,2405
23/07/2018 19:00,2112
23/07/2018 20:00,2051
23/07/2018 21:00,1994
23/07/2018 22:00,1697
23/07/2018 23:00,1157
24/07/2018 0:00,874
24/07/2018 1:00,715
24/07/2018 2:00,487
24/07/2018 3:00,332
24/07/2018 4:00,218
24/07/2018 5:00,306
24/07/2018 6:00,673
24/07/2018 7:00,1213
24/07/2018 8:00,1820
24/07/2018 9:00,926
24/07/2018 10:00,610
24/07/2018 11:00,620
24/07/2018 12:00,671
24/07/2018 13:00,688
24/07/2018 14:00,649
24/07/2018 15:00,735
24/07/2018 16:00,834
24/07/2018 17:00,1297
24/07/2018 18:00,2300
24/07/2018 19:00,1968
24/07/2018 20:00,1834
24/07/2018 21:00,1899
24/07/2018 22:00,1773
24/07/2018 23:00,1193
25/07/2018 0:00,939
25/07/2018 1:00,726
25/07/2018 2:00,499
25/07/2018 3:00,327
25/07/2018 4:00,212
25/07/2018 5:00,299
25/07/2018 6:00,657
25/07/2018 7:00,1171
25/07/2018 8:00,1893
25/07/2018 9:00,995
25/07/2018 10:00,696
25/07/2018 11:00,749
25/07/2018 12:00,791
25/07/2018 13:00,783
25/07/2018 14:00,754
25/07/2018 15:00,781
25/07/2018 16:00,977
25/07/2018 17:00,1412
25/07/2018 18:00,2416
25/07/2018 19:00,2039
25/07/2018 20:00,1935
25/07/2018 21:00,1811
25/07/2018 22:00,1767
25/07/2018 23:00,1289
26/07/2018 0:00,939
26/07/2018 1:00,718
26/07/2018 2:00,498
26/07/2018 3:00,355
26/07/2018 4:00,252
26/07/2018 5:00,306
26/07/2018 6:00,602
26/07/2018 7:00,1175
26/07/2018 8:00,1823
26/07/2018 9:00,966
26/07/2018 10:00,644
26/07/2018 11:00,614
26/07/2018 12:00,600
26/07/2018 13:00,628
26/07/2018 14:00,706
26/07/2018 15:00,774
26/07/2018 16:00,920
26/07/2018 17:00,1394
26/07/2018 18:00,2367
26/07/2018 19:00,1994
26/07/2018 20:00,1790
26/07/2018 21:00,1868
26/07/2018 22:00,1709
26/07/2018 23:00,1273
27/07/2018 0:00,909
27/07/2018 1:00,747
27/07/2018 2:00,537
27/07/2018 3:00,371
27/07/2018 4:00,218
27/07/2018 5:00,295
27/07/2018 6:00,647
27/07/2018 7:00,1111
27/07/2018 8:00,1763
27/07/2018 9:00,934
27/07/2018 10:00,639
27/07/2018 11:00,619
27/07/2018 12:00,714
27/07/2018 13:00,653
27/07/2018 14:00,507
27/07/2018 15:00,776
27/07/2018 16:00,905
27/07/2018 17:00,1289
27/07/2018 18:00,2183
27/07/2018 19:00,1657
27/07/2018 20:00,1565
27/07/2018 21:00,1547
27/07/2018 22:00,1507
27/07/2018 23:00,1182
28/07/2018 0:00,992
28/07/2018 1:00,875
28/07/2018 2:00,656
28/07/2018 3:00,461
28/07/2018 4:00,340
28/07/2018 5:00,248
28/07/2018 6:00,313
28/07/2018 7:00,428
28/07/2018 8:00,606
28/07/2018 9:00,671
28/07/2018 10:00,654
28/07/2018 11:00,592
28/07/2018 12:00,632
28/07/2018 13:00,741
28/07/2018 14:00,314
28/07/2018 15:00,468
28/07/2018 16:00,706
28/07/2018 17:00,863
28/07/2018 18:00,843
28/07/2018 19:00,974
28/07/2018 20:00,1095
28/07/2018 21:00,1211
28/07/2018 22:00,1158
28/07/2018 23:00,1039
29/07/2018 0:00,921
29/07/2018 1:00,636
29/07/2018 2:00,511
29/07/2018 3:00,403
29/07/2018 4:00,245
29/07/2018 5:00,199
29/07/2018 6:00,266
29/07/2018 7:00,345
29/07/2018 8:00,456
29/07/2018 9:00,519
29/07/2018 10:00,473
29/07/2018 11:00,476
29/07/2018 12:00,644
29/07/2018 13:00,622
29/07/2018 14:00,630
29/07/2018 15:00,713
29/07/2018 16:00,760
29/07/2018 17:00,895
29/07/2018 18:00,1141
29/07/2018 19:00,1486
29/07/2018 20:00,1697
29/07/2018 21:00,1638
29/07/2018 22:00,1406
29/07/2018 23:00,1108
30/07/2018 0:00,810
30/07/2018 1:00,575
30/07/2018 2:00,363
30/07/2018 3:00,253
30/07/2018 4:00,209
30/07/2018 5:00,273
30/07/2018 6:00,668
30/07/2018 7:00,1130
30/07/2018 8:00,1646
30/07/2018 9:00,866
30/07/2018 10:00,609
30/07/2018 11:00,623
30/07/2018 12:00,663
30/07/2018 13:00,688
30/07/2018 14:00,645
30/07/2018 15:00,666
30/07/2018 16:00,845
30/07/2018 17:00,1224
30/07/2018 18:00,2347
30/07/2018 19:00,2016
30/07/2018 20:00,1947
30/07/2018 21:00,1875
30/07/2018 22:00,1552
30/07/2018 23:00,1202
31/07/2018 0:00,901
31/07/2018 1:00,695
31/07/2018 2:00,476
31/07/2018 3:00,334
31/07/2018 4:00,244
31/07/2018 5:00,284
31/07/2018 6:00,584
31/07/2018 7:00,1091
31/07/2018 8:00,1665
31/07/2018 9:00,860
31/07/2018 10:00,582
31/07/2018 11:00,583
31/07/2018 12:00,626
31/07/2018 13:00,623
31/07/2018 14:00,579
31/07/2018 15:00,665
31/07/2018 16:00,763
31/07/2018 17:00,1184
31/07/2018 18:00,2092
31/07/2018 19:00,1865
31/07/2018 20:00,1772
31/07/2018 21:00,1719
31/07/2018 22:00,1613
31/07/2018 23:00,1097
01/08/2018 0:00,875
01/08/2018 1:00,724
01/08/2018 2:00,501
01/08/2018 3:00,362
01/08/2018 4:00,250
01/08/2018 5:00,315
01/08/2018 6:00,622
01/08/2018 7:00,1061
01/08/2018 8:00,1550
01/08/2018 9:00,853
01/08/2018 10:00,540
01/08/2018 11:00,521
01/08/2018 12:00,569
01/08/2018 13:00,533
01/08/2018 14:00,475
01/08/2018 15:00,531
01/08/2018 16:00,561
01/08/2018 17:00,1033
01/08/2018 18:00,1929
01/08/2018 19:00,1553
01/08/2018 20:00,1441
01/08/2018 21:00,1500
01/08/2018 22:00,1367
01/08/2018 23:00,1046
02/08/2018 0:00,850
02/08/2018 1:00,647
02/08/2018 2:00,459
02/08/2018 3:00,295
02/08/2018 4:00,215
02/08/2018 5:00,265
02/08/2018 6:00,578
02/08/2018 7:00,1006
02/08/2018 8:00,1579
02/08/2018 9:00,813
02/08/2018 10:00,549
02/08/2018 11:00,547
02/08/2018 12:00,562
02/08/2018 13:00,550
02/08/2018 14:00,535
02/08/2018 15:00,605
02/08/2018 16:00,676
02/08/2018 17:00,1066
02/08/2018 18:00,1881
02/08/2018 19:00,1605
02/08/2018 20:00,1480
02/08/2018 21:00,1535
02/08/2018 22:00,1375
02/08/2018 23:00,1020
03/08/2018 0:00,763
03/08/2018 1:00,675
03/08/2018 2:00,443
03/08/2018 3:00,327
03/08/2018 4:00,236
03/08/2018 5:00,266
03/08/2018 6:00,544
03/08/2018 7:00,937
03/08/2018 8:00,1471
03/08/2018 9:00,784
03/08/2018 10:00,530
03/08/2018 11:00,575
03/08/2018 12:00,585
03/08/2018 13:00,585
03/08/2018 14:00,575
03/08/2018 15:00,600
03/08/2018 16:00,763
03/08/2018 17:00,1105
03/08/2018 18:00,1920
03/08/2018 19:00,1558
03/08/2018 20:00,1517
03/08/2018 21:00,1511
03/08/2018 22:00,1421
03/08/2018 23:00,1103
04/08/2018 0:00,953
04/08/2018 1:00,872
04/08/2018 2:00,594
04/08/2018 3:00,435
04/08/2018 4:00,304
04/08/2018 5:00,234
04/08/2018 6:00,289
04/08/2018 7:00,405
04/08/2018 8:00,568
04/08/2018 9:00,598
04/08/2018 10:00,569
04/08/2018 11:00,655
04/08/2018 12:00,640
04/08/2018 13:00,703
04/08/2018 14:00,676
04/08/2018 15:00,690
04/08/2018 16:00,700
04/08/2018 17:00,901
04/08/2018 18:00,1044
04/08/2018 19:00,1277
04/08/2018 20:00,1387
04/08/2018 21:00,1377
04/08/2018 22:00,1337
04/08/2018 23:00,1155
05/08/2018 0:00,983
05/08/2018 1:00,758
05/08/2018 2:00,509
05/08/2018 3:00,401
05/08/2018 4:00,253
05/08/2018 5:00,188
05/08/2018 6:00,222
05/08/2018 7:00,223
05/08/2018 8:00,309
05/08/2018 9:00,422
05/08/2018 10:00,461
05/08/2018 11:00,499
05/08/2018 12:00,565
05/08/2018 13:00,600
05/08/2018 14:00,639
05/08/2018 15:00,712
05/08/2018 16:00,818
05/08/2018 17:00,978
05/08/2018 18:00,1247
05/08/2018 19:00,1411
05/08/2018 20:00,1524
05/08/2018 21:00,1465
05/08/2018 22:00,1286
05/08/2018 23:00,942
06/08/2018 0:00,707
06/08/2018 1:00,455
06/08/2018 2:00,309
06/08/2018 3:00,219
06/08/2018 4:00,162
06/08/2018 5:00,258
06/08/2018 6:00,546
06/08/2018 7:00,699
06/08/2018 8:00,797
06/08/2018 9:00,614
06/08/2018 10:00,533
06/08/2018 11:00,569
06/08/2018 12:00,613
06/08/2018 13:00,666
06/08/2018 14:00,571
06/08/2018 15:00,646
06/08/2018 16:00,752
06/08/2018 17:00,1063
06/08/2018 18:00,1956
06/08/2018 19:00,1548
06/08/2018 20:00,1537
06/08/2018 21:00,1611
06/08/2018 22:00,1371
06/08/2018 23:00,969
07/08/2018 0:00,842
07/08/2018 1:00,619
07/08/2018 2:00,443
07/08/2018 3:00,278
07/08/2018 4:00,201
07/08/2018 5:00,273
07/08/2018 6:00,634
07/08/2018 7:00,1059
07/08/2018 8:00,1695
07/08/2018 9:00,961
07/08/2018 10:00,635
07/08/2018 11:00,657
07/08/2018 12:00,770
07/08/2018 13:00,662
07/08/2018 14:00,658
07/08/2018 15:00,698
07/08/2018 16:00,855
07/08/2018 17:00,1232
07/08/2018 18:00,2274
07/08/2018 19:00,1898
07/08/2018 20:00,1836
07/08/2018 21:00,1826
07/08/2018 22:00,1664
07/08/2018 23:00,1136
08/08/2018 0:00,853
08/08/2018 1:00,700
08/08/2018 2:00,489
08/08/2018 3:00,322
08/08/2018 4:00,183
08/08/2018 5:00,260
08/08/2018 6:00,614
08/08/2018 7:00,1079
08/08/2018 8:00,1693
08/08/2018 9:00,920
08/08/2018 10:00,657
08/08/2018 11:00,624
08/08/2018 12:00,629
08/08/2018 13:00,673
08/08/2018 14:00,670
08/08/2018 15:00,687
08/08/2018 16:00,839
08/08/2018 17:00,1266
08/08/2018 18:00,2326
08/08/2018 19:00,1983
08/08/2018 20:00,1822
08/08/2018 21:00,1783
08/08/2018 22:00,1628
08/08/2018 23:00,1180
09/08/2018 0:00,929
09/08/2018 1:00,733
09/08/2018 2:00,466
09/08/2018 3:00,334
09/08/2018 4:00,189
09/08/2018 5:00,292
09/08/2018 6:00,619
09/08/2018 7:00,1088
09/08/2018 8:00,1731
09/08/2018 9:00,977
09/08/2018 10:00,649
09/08/2018 11:00,659
09/08/2018 12:00,484
09/08/2018 13:00,628
09/08/2018 14:00,561
09/08/2018 15:00,644
09/08/2018 16:00,559
09/08/2018 17:00,740
09/08/2018 18:00,1850
09/08/2018 19:00,1698
09/08/2018 20:00,1591
09/08/2018 21:00,1654
09/08/2018 22:00,1494
09/08/2018 23:00,1075
10/08/2018 0:00,903
10/08/2018 1:00,708
10/08/2018 2:00,484
10/08/2018 3:00,346
10/08/2018 4:00,214
10/08/2018 5:00,283
10/08/2018 6:00,645
10/08/2018 7:00,1027
10/08/2018 8:00,1728
10/08/2018 9:00,892
10/08/2018 10:00,683
10/08/2018 11:00,697
10/08/2018 12:00,721
10/08/2018 13:00,696
10/08/2018 14:00,658
10/08/2018 15:00,725
10/08/2018 16:00,853
10/08/2018 17:00,1293
10/08/2018 18:00,2289
10/08/2018 19:00,1903
10/08/2018 20:00,1702
10/08/2018 21:00,1641
10/08/2018 22:00,1544
10/08/2018 23:00,1198
11/08/2018 0:00,1022
11/08/2018 1:00,881
11/08/2018 2:00,691
11/08/2018 3:00,441
11/08/2018 4:00,266
11/08/2018 5:00,263
11/08/2018 6:00,355
11/08/2018 7:00,425
11/08/2018 8:00,647
11/08/2018 9:00,672
11/08/2018 10:00,643
11/08/2018 11:00,766
11/08/2018 12:00,759
11/08/2018 13:00,830
11/08/2018 14:00,733
11/08/2018 15:00,694
11/08/2018 16:00,826
11/08/2018 17:00,1006
11/08/2018 18:00,1274
11/08/2018 19:00,1482
11/08/2018 20:00,1469
11/08/2018 21:00,1437
11/08/2018 22:00,1351
11/08/2018 23:00,1076
12/08/2018 0:00,997
12/08/2018 1:00,703
12/08/2018 2:00,554
12/08/2018 3:00,387
12/08/2018 4:00,260
12/08/2018 5:00,196
12/08/2018 6:00,261
12/08/2018 7:00,316
12/08/2018 8:00,520
12/08/2018 9:00,568
12/08/2018 10:00,483
12/08/2018 11:00,526
12/08/2018 12:00,670
12/08/2018 13:00,704
12/08/2018 14:00,697
12/08/2018 15:00,820
12/08/2018 16:00,959
12/08/2018 17:00,1156
12/08/2018 18:00,1225
12/08/2018 19:00,1117
12/08/2018 20:00,1208
12/08/2018 21:00,1337
12/08/2018 22:00,1127
12/08/2018 23:00,707
13/08/2018 0:00,409
13/08/2018 1:00,231
13/08/2018 2:00,212
13/08/2018 3:00,196
13/08/2018 4:00,151
13/08/2018 5:00,230
13/08/2018 6:00,594
13/08/2018 7:00,1065
13/08/2018 8:00,1657
13/08/2018 9:00,903
13/08/2018 10:00,639
13/08/2018 11:00,677
13/08/2018 12:00,724
13/08/2018 13:00,698
13/08/2018 14:00,651
13/08/2018 15:00,709
13/08/2018 16:00,901
13/08/2018 17:00,1358
13/08/2018 18:00,2367
13/08/2018 19:00,2036
13/08/2018 20:00,1847
13/08/2018 21:00,1851
13/08/2018 22:00,1635
13/08/2018 23:00,1086
14/08/2018 0:00,872
14/08/2018 1:00,681
14/08/2018 2:00,467
14/08/2018 3:00,345
14/08/2018 4:00,209
14/08/2018 5:00,254
14/08/2018 6:00,643
14/08/2018 7:00,1097
14/08/2018 8:00,1708
14/08/2018 9:00,944
14/08/2018 10:00,615
14/08/2018 11:00,636
14/08/2018 12:00,699
14/08/2018 13:00,695
14/08/2018 14:00,627
14/08/2018 15:00,700
14/08/2018 16:00,920
14/08/2018 17:00,1306
14/08/2018 18:00,2305
14/08/2018 19:00,1972
14/08/2018 20:00,1705
14/08/2018 21:00,1684
14/08/2018 22:00,1587
14/08/2018 23:00,1165
15/08/2018 0:00,1034
15/08/2018 1:00,850
15/08/2018 2:00,676
15/08/2018 3:00,474
15/08/2018 4:00,310
15/08/2018 5:00,227
15/08/2018 6:00,346
15/08/2018 7:00,429
15/08/2018 8:00,553
15/08/2018 9:00,563
15/08/2018 10:00,547
15/08/2018 11:00,586
15/08/2018 12:00,563
15/08/2018 13:00,591
15/08/2018 14:00,627
15/08/2018 15:00,761
15/08/2018 16:00,877
15/08/2018 17:00,960
15/08/2018 18:00,925
15/08/2018 19:00,1301
15/08/2018 20:00,1500
15/08/2018 21:00,1507
15/08/2018 22:00,1350
15/08/2018 23:00,1008
16/08/2018 0:00,808
16/08/2018 1:00,535
16/08/2018 2:00,381
16/08/2018 3:00,252
16/08/2018 4:00,173
16/08/2018 5:00,263
16/08/2018 6:00,631
16/08/2018 7:00,1105
16/08/2018 8:00,1660
16/08/2018 9:00,876
16/08/2018 10:00,612
16/08/2018 11:00,672
16/08/2018 12:00,668
16/08/2018 13:00,652
16/08/2018 14:00,638
16/08/2018 15:00,720
16/08/2018 16:00,902
16/08/2018 17:00,1384
16/08/2018 18:00,2481
16/08/2018 19:00,2286
16/08/2018 20:00,2114
16/08/2018 21:00,2127
16/08/2018 22:00,1943
16/08/2018 23:00,1446
17/08/2018 0:00,1109
17/08/2018 1:00,842
17/08/2018 2:00,572
17/08/2018 3:00,375
17/08/2018 4:00,276
17/08/2018 5:00,304
17/08/2018 6:00,719
17/08/2018 7:00,1271
17/08/2018 8:00,1918
17/08/2018 9:00,1069
17/08/2018 10:00,717
17/08/2018 11:00,844
17/08/2018 12:00,904
17/08/2018 13:00,820
17/08/2018 14:00,791
17/08/2018 15:00,970
17/08/2018 16:00,1112
17/08/2018 17:00,1666
17/08/2018 18:00,2797
17/08/2018 19:00,2353
17/08/2018 20:00,2130
17/08/2018 21:00,2008
17/08/2018 22:00,1787
17/08/2018 23:00,1466
18/08/2018 0:00,1191
18/08/2018 1:00,969
18/08/2018 2:00,698
18/08/2018 3:00,483
18/08/2018 4:00,316
18/08/2018 5:00,262
18/08/2018 6:00,397
18/08/2018 7:00,475
18/08/2018 8:00,754
18/08/2018 9:00,771
18/08/2018 10:00,769
18/08/2018 11:00,857
18/08/2018 12:00,952
18/08/2018 13:00,1003
18/08/2018 14:00,1121
18/08/2018 15:00,1196
18/08/2018 16:00,1398
18/08/2018 17:00,1806
18/08/2018 18:00,1979
18/08/2018 19:00,2127
18/08/2018 20:00,1965
18/08/2018 21:00,1886
18/08/2018 22:00,1681
18/08/2018 23:00,1342
19/08/2018 0:00,1100
19/08/2018 1:00,844
19/08/2018 2:00,611
19/08/2018 3:00,425
19/08/2018 4:00,264
19/08/2018 5:00,223
19/08/2018 6:00,260
19/08/2018 7:00,392
19/08/2018 8:00,592
19/08/2018 9:00,645
19/08/2018 10:00,732
19/08/2018 11:00,795
19/08/2018 12:00,926
19/08/2018 13:00,943
19/08/2018 14:00,972
19/08/2018 15:00,1181
19/08/2018 16:00,1395
19/08/2018 17:00,1721
19/08/2018 18:00,1928
19/08/2018 19:00,2186
19/08/2018 20:00,2029
19/08/2018 21:00,1821
19/08/2018 22:00,1546
19/08/2018 23:00,1016
20/08/2018 0:00,818
20/08/2018 1:00,527
20/08/2018 2:00,352
20/08/2018 3:00,255
20/08/2018 4:00,193
20/08/2018 5:00,281
20/08/2018 6:00,675
20/08/2018 7:00,1285
20/08/2018 8:00,1912
20/08/2018 9:00,993
20/08/2018 10:00,719
20/08/2018 11:00,766
20/08/2018 12:00,808
20/08/2018 13:00,847
20/08/2018 14:00,816
20/08/2018 15:00,992
20/08/2018 16:00,1253
20/08/2018 17:00,1704
20/08/2018 18:00,2628
20/08/2018 19:00,2162
20/08/2018 20:00,1999
20/08/2018 21:00,1971
20/08/2018 22:00,1630
20/08/2018 23:00,1241
21/08/2018 0:00,898
21/08/2018 1:00,690
21/08/2018 2:00,376
21/08/2018 3:00,173
21/08/2018 4:00,49
21/08/2018 5:00,57
21/08/2018 6:00,73
21/08/2018 7:00,608
21/08/2018 8:00,1530
21/08/2018 9:00,876
21/08/2018 10:00,402
21/08/2018 11:00,681
21/08/2018 12:00,848
21/08/2018 13:00,827
21/08/2018 14:00,788
21/08/2018 15:00,957
21/08/2018 16:00,1112
21/08/2018 17:00,1663
21/08/2018 18:00,2830
21/08/2018 19:00,2364
21/08/2018 20:00,2169
21/08/2018 21:00,2057
21/08/2018 22:00,1828
21/08/2018 23:00,1277
22/08/2018 0:00,1025
22/08/2018 1:00,782
22/08/2018 2:00,512
22/08/2018 3:00,346
22/08/2018 4:00,214
22/08/2018 5:00,289
22/08/2018 6:00,655
22/08/2018 7:00,1330
22/08/2018 8:00,1990
22/08/2018 9:00,1015
22/08/2018 10:00,700
22/08/2018 11:00,710
22/08/2018 12:00,784
22/08/2018 13:00,727
22/08/2018 14:00,760
22/08/2018 15:00,842
22/08/2018 16:00,993
22/08/2018 17:00,1495
22/08/2018 18:00,2528
22/08/2018 19:00,2087
22/08/2018 20:00,1808
22/08/2018 21:00,1807
22/08/2018 22:00,1556
22/08/2018 23:00,1117
23/08/2018 0:00,908
23/08/2018 1:00,745
23/08/2018 2:00,492
23/08/2018 3:00,304
23/08/2018 4:00,168
23/08/2018 5:00,185
23/08/2018 6:00,492
23/08/2018 7:00,720
23/08/2018 8:00,1678
23/08/2018 9:00,924
23/08/2018 10:00,551
23/08/2018 11:00,711
23/08/2018 12:00,769
23/08/2018 13:00,584
23/08/2018 14:00,740
23/08/2018 15:00,837
23/08/2018 16:00,944
23/08/2018 17:00,1249
23/08/2018 18:00,1447
23/08/2018 19:00,582
23/08/2018 20:00,257
23/08/2018 21:00,189
23/08/2018 22:00,215
23/08/2018 23:00,267
24/08/2018 0:00,238
24/08/2018 1:00,208
24/08/2018 2:00,83
24/08/2018 3:00,62
24/08/2018 4:00,30
24/08/2018 5:00,45
24/08/2018 6:00,173
24/08/2018 7:00,400
24/08/2018 8:00,578
24/08/2018 9:00,484
24/08/2018 10:00,286
24/08/2018 11:00,415
24/08/2018 12:00,355
24/08/2018 13:00,274
24/08/2018 14:00,152
24/08/2018 15:00,405
24/08/2018 16:00,455
24/08/2018 17:00,403
24/08/2018 18:00,916
24/08/2018 19:00,948
24/08/2018 20:00,1162
24/08/2018 21:00,1300
24/08/2018 22:00,1202
24/08/2018 23:00,1084
25/08/2018 0:00,980
25/08/2018 1:00,886
25/08/2018 2:00,708
25/08/2018 3:00,456
25/08/2018 4:00,306
25/08/2018 5:00,232
25/08/2018 6:00,318
25/08/2018 7:00,490
25/08/2018 8:00,721
25/08/2018 9:00,808
25/08/2018 10:00,858
25/08/2018 11:00,916
25/08/2018 12:00,1070
25/08/2018 13:00,1231
25/08/2018 14:00,1261
25/08/2018 15:00,1516
25/08/2018 16:00,1592
25/08/2018 17:00,1797
25/08/2018 18:00,2080
25/08/2018 19:00,2043
25/08/2018 20:00,2022
25/08/2018 21:00,1937
25/08/2018 22:00,1717
25/08/2018 23:00,1357
26/08/2018 0:00,1163
26/08/2018 1:00,769
26/08/2018 2:00,600
26/08/2018 3:00,426
26/08/2018 4:00,290
26/08/2018 5:00,188
26/08/2018 6:00,243
26/08/2018 7:00,381
26/08/2018 8:00,566
26/08/2018 9:00,725
26/08/2018 10:00,681
26/08/2018 11:00,791
26/08/2018 12:00,1070
26/08/2018 13:00,657
26/08/2018 14:00,417
26/08/2018 15:00,782
26/08/2018 16:00,1025
26/08/2018 17:00,1399
26/08/2018 18:00,1479
26/08/2018 19:00,1596
26/08/2018 20:00,1674
26/08/2018 21:00,1276
26/08/2018 22:00,764
26/08/2018 23:00,348
27/08/2018 0:00,325
27/08/2018 1:00,61
27/08/2018 2:00,44
27/08/2018 3:00,22
27/08/2018 4:00,27
27/08/2018 5:00,38
27/08/2018 6:00,47
27/08/2018 7:00,103
27/08/2018 8:00,328
27/08/2018 9:00,75
27/08/2018 10:00,104
27/08/2018 11:00,148
27/08/2018 12:00,137
27/08/2018 13:00,149
27/08/2018 14:00,231
27/08/2018 15:00,580
27/08/2018 16:00,886
27/08/2018 17:00,1356
27/08/2018 18:00,2153
27/08/2018 19:00,1615
27/08/2018 20:00,1560
27/08/2018 21:00,1762
27/08/2018 22:00,1571
27/08/2018 23:00,1113
28/08/2018 0:00,870
28/08/2018 1:00,653
28/08/2018 2:00,482
28/08/2018 3:00,281
28/08/2018 4:00,200
28/08/2018 5:00,218
28/08/2018 6:00,581
28/08/2018 7:00,1182
28/08/2018 8:00,1841
28/08/2018 9:00,865
28/08/2018 10:00,670
28/08/2018 11:00,411
28/08/2018 12:00,25
28/08/2018 13:00,31
28/08/2018 14:00,126
28/08/2018 15:00,122
28/08/2018 16:00,60
28/08/2018 17:00,39
28/08/2018 18:00,96
28/08/2018 19:00,84
28/08/2018 20:00,10
28/08/2018 21:00,122
28/08/2018 22:00,64
28/08/2018 23:00,59
29/08/2018 0:00,208
29/08/2018 1:00,334
29/08/2018 2:00,243
29/08/2018 3:00,171
29/08/2018 4:00,128
29/08/2018 5:00,109
29/08/2018 6:00,346
29/08/2018 7:00,862
29/08/2018 8:00,1595
29/08/2018 9:00,867
29/08/2018 10:00,642
29/08/2018 11:00,671
29/08/2018 12:00,648
29/08/2018 13:00,540
29/08/2018 14:00,490
29/08/2018 15:00,583
29/08/2018 16:00,193
29/08/2018 17:00,160
29/08/2018 18:00,57
29/08/2018 19:00,24
29/08/2018 20:00,19
29/08/2018 21:00,22
29/08/2018 22:00,74
29/08/2018 23:00,198
30/08/2018 0:00,214
30/08/2018 1:00,99
30/08/2018 2:00,80
30/08/2018 3:00,81
30/08/2018 4:00,42
30/08/2018 5:00,73
30/08/2018 6:00,285
30/08/2018 7:00,771
30/08/2018 8:00,1330
30/08/2018 9:00,846
30/08/2018 10:00,589
30/08/2018 11:00,716
30/08/2018 12:00,768
30/08/2018 13:00,865
30/08/2018 14:00,837
30/08/2018 15:00,982
30/08/2018 16:00,1142
30/08/2018 17:00,1473
30/08/2018 18:00,1887
30/08/2018 19:00,1707
30/08/2018 20:00,1685
30/08/2018 21:00,1732
30/08/2018 22:00,1582
30/08/2018 23:00,1173
31/08/2018 0:00,861
31/08/2018 1:00,652
31/08/2018 2:00,381
31/08/2018 3:00,297
31/08/2018 4:00,170
31/08/2018 5:00,217
31/08/2018 6:00,436
31/08/2018 7:00,828
31/08/2018 8:00,1686
31/08/2018 9:00,1049
31/08/2018 10:00,794
31/08/2018 11:00,868
31/08/2018 12:00,982
31/08/2018 13:00,965
31/08/2018 14:00,987
31/08/2018 15:00,1119
31/08/2018 16:00,1404
31/08/2018 17:00,1869
31/08/2018 18:00,2836
31/08/2018 19:00,2372
31/08/2018 20:00,1995
31/08/2018 21:00,1931
31/08/2018 22:00,1789
31/08/2018 23:00,1329
01/09/2018 0:00,1075
01/09/2018 1:00,975
01/09/2018 2:00,785
01/09/2018 3:00,514
01/09/2018 4:00,338
01/09/2018 5:00,260
01/09/2018 6:00,362
01/09/2018 7:00,511
01/09/2018 8:00,812
01/09/2018 9:00,925
01/09/2018 10:00,861
01/09/2018 11:00,981
01/09/2018 12:00,1086
01/09/2018 13:00,1303
01/09/2018 14:00,1371
01/09/2018 15:00,1480
01/09/2018 16:00,1678
01/09/2018 17:00,1845
01/09/2018 18:00,1892
01/09/2018 19:00,1891
01/09/2018 20:00,1440
01/09/2018 21:00,1110
01/09/2018 22:00,992
01/09/2018 23:00,1523
02/09/2018 0:00,1336
02/09/2018 1:00,930
02/09/2018 2:00,610
02/09/2018 3:00,440
02/09/2018 4:00,255
02/09/2018 5:00,179
02/09/2018 6:00,249
02/09/2018 7:00,388
02/09/2018 8:00,576
02/09/2018 9:00,721
02/09/2018 10:00,802
02/09/2018 11:00,940
02/09/2018 12:00,1075
02/09/2018 13:00,1254
02/09/2018 14:00,1395
02/09/2018 15:00,1550
02/09/2018 16:00,1853
02/09/2018 17:00,2069
02/09/2018 18:00,2118
02/09/2018 19:00,1986
02/09/2018 20:00,1838
02/09/2018 21:00,1759
02/09/2018 22:00,1511
02/09/2018 23:00,1047
03/09/2018 0:00,763
03/09/2018 1:00,524
03/09/2018 2:00,321
03/09/2018 3:00,211
03/09/2018 4:00,153
03/09/2018 5:00,264
03/09/2018 6:00,656
03/09/2018 7:00,1287
03/09/2018 8:00,1580
03/09/2018 9:00,719
03/09/2018 10:00,434
03/09/2018 11:00,443
03/09/2018 12:00,673
03/09/2018 13:00,731
03/09/2018 14:00,532
03/09/2018 15:00,137
03/09/2018 16:00,39
03/09/2018 17:00,23
03/09/2018 18:00,113
03/09/2018 19:00,73
03/09/2018 20:00,151
03/09/2018 21:00,110
03/09/2018 22:00,379
03/09/2018 23:00,486
04/09/2018 0:00,500
04/09/2018 1:00,486
04/09/2018 2:00,324
04/09/2018 3:00,223
04/09/2018 4:00,186
04/09/2018 5:00,219
04/09/2018 6:00,602
04/09/2018 7:00,1289
04/09/2018 8:00,2059
04/09/2018 9:00,1083
04/09/2018 10:00,822
04/09/2018 11:00,940
04/09/2018 12:00,995
04/09/2018 13:00,997
04/09/2018 14:00,987
04/09/2018 15:00,1178
04/09/2018 16:00,1429
04/09/2018 17:00,1993
04/09/2018 18:00,3166
04/09/2018 19:00,2491
04/09/2018 20:00,2259
04/09/2018 21:00,2212
04/09/2018 22:00,1856
04/09/2018 23:00,1233
05/09/2018 0:00,983
05/09/2018 1:00,748
05/09/2018 2:00,493
05/09/2018 3:00,376
05/09/2018 4:00,220
05/09/2018 5:00,249
05/09/2018 6:00,676
05/09/2018 7:00,1487
05/09/2018 8:00,2312
05/09/2018 9:00,1195
05/09/2018 10:00,847
05/09/2018 11:00,937
05/09/2018 12:00,1072
05/09/2018 13:00,1039
05/09/2018 14:00,989
05/09/2018 15:00,1131
05/09/2018 16:00,1446
05/09/2018 17:00,2068
05/09/2018 18:00,3160
05/09/2018 19:00,2468
05/09/2018 20:00,2177
05/09/2018 21:00,2024
05/09/2018 22:00,1798
05/09/2018 23:00,1219
06/09/2018 0:00,963
06/09/2018 1:00,743
06/09/2018 2:00,531
06/09/2018 3:00,320
06/09/2018 4:00,215
06/09/2018 5:00,247
06/09/2018 6:00,680
06/09/2018 7:00,1438
06/09/2018 8:00,2270
06/09/2018 9:00,1186
06/09/2018 10:00,835
06/09/2018 11:00,941
06/09/2018 12:00,1041
06/09/2018 13:00,1049
06/09/2018 14:00,1032
06/09/2018 15:00,1089
06/09/2018 16:00,1292
06/09/2018 17:00,1525
06/09/2018 18:00,2497
06/09/2018 19:00,1990
06/09/2018 20:00,1900
06/09/2018 21:00,1851
06/09/2018 22:00,1641
06/09/2018 23:00,562
07/09/2018 0:00,556
07/09/2018 1:00,345
07/09/2018 2:00,259
07/09/2018 3:00,259
07/09/2018 4:00,185
07/09/2018 5:00,247
07/09/2018 6:00,624
07/09/2018 7:00,1346
07/09/2018 8:00,2260
07/09/2018 9:00,1194
07/09/2018 10:00,896
07/09/2018 11:00,988
07/09/2018 12:00,1213
07/09/2018 13:00,1119
07/09/2018 14:00,1187
07/09/2018 15:00,1391
07/09/2018 16:00,1577
07/09/2018 17:00,2183
07/09/2018 18:00,3154
07/09/2018 19:00,2365
07/09/2018 20:00,1959
07/09/2018 21:00,1915
07/09/2018 22:00,1796
07/09/2018 23:00,1363
08/09/2018 0:00,1107
08/09/2018 1:00,1001
08/09/2018 2:00,692
08/09/2018 3:00,504
08/09/2018 4:00,285
08/09/2018 5:00,227
08/09/2018 6:00,322
08/09/2018 7:00,511
08/09/2018 8:00,827
08/09/2018 9:00,956
08/09/2018 10:00,1096
08/09/2018 11:00,1179
08/09/2018 12:00,1273
08/09/2018 13:00,1505
08/09/2018 14:00,1554
08/09/2018 15:00,1792
08/09/2018 16:00,1943
08/09/2018 17:00,2167
08/09/2018 18:00,2255
08/09/2018 19:00,1978
08/09/2018 20:00,1944
08/09/2018 21:00,1878
08/09/2018 22:00,1675
08/09/2018 23:00,1142
09/09/2018 0:00,1185
09/09/2018 1:00,835
09/09/2018 2:00,589
09/09/2018 3:00,395
09/09/2018 4:00,264
09/09/2018 5:00,165
09/09/2018 6:00,255
09/09/2018 7:00,366
09/09/2018 8:00,644
09/09/2018 9:00,803
09/09/2018 10:00,928
09/09/2018 11:00,1051
09/09/2018 12:00,1220
09/09/2018 13:00,1432
09/09/2018 14:00,1662
09/09/2018 15:00,1877
09/09/2018 16:00,2099
09/09/2018 17:00,2201
09/09/2018 18:00,2368
09/09/2018 19:00,2033
09/09/2018 20:00,1930
09/09/2018 21:00,1820
09/09/2018 22:00,1291
09/09/2018 23:00,941
10/09/2018 0:00,792
10/09/2018 1:00,487
10/09/2018 2:00,332
10/09/2018 3:00,176
10/09/2018 4:00,188
10/09/2018 5:00,226
10/09/2018 6:00,691
10/09/2018 7:00,1463
10/09/2018 8:00,2278
10/09/2018 9:00,1125
10/09/2018 10:00,862
10/09/2018 11:00,934
10/09/2018 12:00,1095
10/09/2018 13:00,1057
10/09/2018 14:00,1064
10/09/2018 15:00,1249
10/09/2018 16:00,1467
10/09/2018 17:00,2147
10/09/2018 18:00,3298
10/09/2018 19:00,2518
10/09/2018 20:00,2240
10/09/2018 21:00,2090
10/09/2018 22:00,1779
10/09/2018 23:00,1223
11/09/2018 0:00,910
11/09/2018 1:00,662
11/09/2018 2:00,435
11/09/2018 3:00,261
11/09/2018 4:00,193
11/09/2018 5:00,258
11/09/2018 6:00,678
11/09/2018 7:00,1556
11/09/2018 8:00,2369
11/09/2018 9:00,1234
11/09/2018 10:00,922
11/09/2018 11:00,1012
11/09/2018 12:00,1192
11/09/2018 13:00,1102
11/09/2018 14:00,1115
11/09/2018 15:00,1222
11/09/2018 16:00,1527
11/09/2018 17:00,2171
11/09/2018 18:00,3222
11/09/2018 19:00,2455
11/09/2018 20:00,2072
11/09/2018 21:00,2018
11/09/2018 22:00,1868
11/09/2018 23:00,1240
12/09/2018 0:00,949
12/09/2018 1:00,691
12/09/2018 2:00,462
12/09/2018 3:00,297
12/09/2018 4:00,215
12/09/2018 5:00,241
12/09/2018 6:00,656
12/09/2018 7:00,1551
12/09/2018 8:00,2391
12/09/2018 9:00,1234
12/09/2018 10:00,923
12/09/2018 11:00,1017
12/09/2018 12:00,1165
12/09/2018 13:00,1066
12/09/2018 14:00,1087
12/09/2018 15:00,1251
12/09/2018 16:00,1494
12/09/2018 17:00,2129
12/09/2018 18:00,3256
12/09/2018 19:00,2443
12/09/2018 20:00,2146
12/09/2018 21:00,2012
12/09/2018 22:00,1824
12/09/2018 23:00,1309
13/09/2018 0:00,968
13/09/2018 1:00,736
13/09/2018 2:00,437
13/09/2018 3:00,304
13/09/2018 4:00,240
13/09/2018 5:00,248
13/09/2018 6:00,655
13/09/2018 7:00,1448
13/09/2018 8:00,2329
13/09/2018 9:00,1322
13/09/2018 10:00,915
13/09/2018 11:00,972
13/09/2018 12:00,1119
13/09/2018 13:00,1014
13/09/2018 14:00,1097
13/09/2018 15:00,1200
13/09/2018 16:00,1436
13/09/2018 17:00,2021
13/09/2018 18:00,3146
13/09/2018 19:00,2365
13/09/2018 20:00,2003
13/09/2018 21:00,2000
13/09/2018 22:00,1713
13/09/2018 23:00,1303
14/09/2018 0:00,971
14/09/2018 1:00,775
14/09/2018 2:00,482
14/09/2018 3:00,349
14/09/2018 4:00,223
14/09/2018 5:00,249
14/09/2018 6:00,644
14/09/2018 7:00,1456
14/09/2018 8:00,2253
14/09/2018 9:00,1201
14/09/2018 10:00,936
14/09/2018 11:00,982
14/09/2018 12:00,1088
14/09/2018 13:00,1155
14/09/2018 14:00,1199
14/09/2018 15:00,1347
14/09/2018 16:00,1503
14/09/2018 17:00,2059
14/09/2018 18:00,2826
14/09/2018 19:00,1996
14/09/2018 20:00,1869
14/09/2018 21:00,1259
14/09/2018 22:00,567
14/09/2018 23:00,810
15/09/2018 0:00,906
15/09/2018 1:00,881
15/09/2018 2:00,580
15/09/2018 3:00,302
15/09/2018 4:00,234
15/09/2018 5:00,169
15/09/2018 6:00,272
15/09/2018 7:00,453
15/09/2018 8:00,829
15/09/2018 9:00,934
15/09/2018 10:00,1017
15/09/2018 11:00,1212
15/09/2018 12:00,1284
15/09/2018 13:00,1465
15/09/2018 14:00,1474
15/09/2018 15:00,1077
15/09/2018 16:00,1273
15/09/2018 17:00,1474
15/09/2018 18:00,1566
15/09/2018 19:00,1578
15/09/2018 20:00,1613
15/09/2018 21:00,1710
15/09/2018 22:00,1566
15/09/2018 23:00,1210
16/09/2018 0:00,1014
16/09/2018 1:00,764
16/09/2018 2:00,432
16/09/2018 3:00,258
16/09/2018 4:00,188
16/09/2018 5:00,123
16/09/2018 6:00,137
16/09/2018 7:00,258
16/09/2018 8:00,464
16/09/2018 9:00,725
16/09/2018 10:00,813
16/09/2018 11:00,1014
16/09/2018 12:00,989
16/09/2018 13:00,754
16/09/2018 14:00,409
16/09/2018 15:00,222
16/09/2018 16:00,142
16/09/2018 17:00,322
16/09/2018 18:00,520
16/09/2018 19:00,852
16/09/2018 20:00,1073
16/09/2018 21:00,1146
16/09/2018 22:00,988
16/09/2018 23:00,571
17/09/2018 0:00,531
17/09/2018 1:00,337
17/09/2018 2:00,227
17/09/2018 3:00,186
17/09/2018 4:00,160
17/09/2018 5:00,246
17/09/2018 6:00,625
17/09/2018 7:00,1487
17/09/2018 8:00,2276
17/09/2018 9:00,1185
17/09/2018 10:00,868
17/09/2018 11:00,954
17/09/2018 12:00,1083
17/09/2018 13:00,1069
17/09/2018 14:00,1092
17/09/2018 15:00,1207
17/09/2018 16:00,1445
17/09/2018 17:00,2056
17/09/2018 18:00,3277
17/09/2018 19:00,2489
17/09/2018 20:00,2232
17/09/2018 21:00,2100
17/09/2018 22:00,1865
17/09/2018 23:00,1293
18/09/2018 0:00,0
18/09/2018 1:00,0
18/09/2018 2:00,0
18/09/2018 3:00,0
18/09/2018 4:00,0
18/09/2018 5:00,0
18/09/2018 6:00,0
18/09/2018 7:00,0
18/09/2018 8:00,0
18/09/2018 9:00,0
18/09/2018 10:00,0
18/09/2018 11:00,0
18/09/2018 12:00,0
18/09/2018 13:00,0
18/09/2018 14:00,0
18/09/2018 15:00,0
18/09/2018 16:00,0
18/09/2018 17:00,0
18/09/2018 18:00,0
18/09/2018 19:00,0
18/09/2018 20:00,0
18/09/2018 21:00,0
18/09/2018 22:00,0
18/09/2018 23:00,0
19/09/2018 0:00,0
19/09/2018 1:00,0
19/09/2018 2:00,0
19/09/2018 3:00,0
19/09/2018 4:00,0
19/09/2018 5:00,0
19/09/2018 6:00,0
19/09/2018 7:00,0
19/09/2018 8:00,0
19/09/2018 9:00,0
19/09/2018 10:00,0
19/09/2018 11:00,0
19/09/2018 12:00,0
19/09/2018 13:00,0
19/09/2018 14:00,0
19/09/2018 15:00,0
19/09/2018 16:00,0
19/09/2018 17:00,0
19/09/2018 18:00,0
19/09/2018 19:00,0
19/09/2018 20:00,0
19/09/2018 21:00,0
19/09/2018 22:00,0
19/09/2018 23:00,0
20/09/2018 0:00,886
20/09/2018 1:00,761
20/09/2018 2:00,524
20/09/2018 3:00,294
20/09/2018 4:00,241
20/09/2018 5:00,137
20/09/2018 6:00,47
20/09/2018 7:00,130
20/09/2018 8:00,299
20/09/2018 9:00,89
20/09/2018 10:00,87
20/09/2018 11:00,111
20/09/2018 12:00,180
20/09/2018 13:00,301
20/09/2018 14:00,573
20/09/2018 15:00,696
20/09/2018 16:00,912
20/09/2018 17:00,1290
20/09/2018 18:00,1786
20/09/2018 19:00,1272
20/09/2018 20:00,898
20/09/2018 21:00,784
20/09/2018 22:00,1049
20/09/2018 23:00,935
21/09/2018 0:00,809
21/09/2018 1:00,674
21/09/2018 2:00,122
21/09/2018 3:00,28
21/09/2018 4:00,24
21/09/2018 5:00,24
21/09/2018 6:00,23
21/09/2018 7:00,45
21/09/2018 8:00,127
21/09/2018 9:00,47
21/09/2018 10:00,78
21/09/2018 11:00,98
21/09/2018 12:00,143
21/09/2018 13:00,600
21/09/2018 14:00,972
21/09/2018 15:00,1288
21/09/2018 16:00,1550
21/09/2018 17:00,1904
21/09/2018 18:00,2235
21/09/2018 19:00,1720
21/09/2018 20:00,1551
21/09/2018 21:00,1540
21/09/2018 22:00,1493
21/09/2018 23:00,1171
22/09/2018 0:00,953
22/09/2018 1:00,875
22/09/2018 2:00,655
22/09/2018 3:00,458
22/09/2018 4:00,96
22/09/2018 5:00,93
22/09/2018 6:00,215
22/09/2018 7:00,363
22/09/2018 8:00,654
22/09/2018 9:00,810
22/09/2018 10:00,925
22/09/2018 11:00,1062
22/09/2018 12:00,1273
22/09/2018 13:00,1409
22/09/2018 14:00,1532
22/09/2018 15:00,1814
22/09/2018 16:00,1840
22/09/2018 17:00,2045
22/09/2018 18:00,1939
22/09/2018 19:00,1743
22/09/2018 20:00,1604
22/09/2018 21:00,1502
22/09/2018 22:00,1430
22/09/2018 23:00,1108
23/09/2018 0:00,880
23/09/2018 1:00,644
23/09/2018 2:00,489
23/09/2018 3:00,334
23/09/2018 4:00,202
23/09/2018 5:00,106
23/09/2018 6:00,144
23/09/2018 7:00,261
23/09/2018 8:00,439
23/09/2018 9:00,534
23/09/2018 10:00,620
23/09/2018 11:00,764
23/09/2018 12:00,915
23/09/2018 13:00,1031
23/09/2018 14:00,1136
23/09/2018 15:00,1366
23/09/2018 16:00,1502
23/09/2018 17:00,1591
23/09/2018 18:00,1492
23/09/2018 19:00,1333
23/09/2018 20:00,1287
23/09/2018 21:00,1148
23/09/2018 22:00,1074
23/09/2018 23:00,768
24/09/2018 0:00,620
24/09/2018 1:00,426
24/09/2018 2:00,302
24/09/2018 3:00,216
24/09/2018 4:00,141
24/09/2018 5:00,105
24/09/2018 6:00,141
24/09/2018 7:00,205
24/09/2018 8:00,296
24/09/2018 9:00,310
24/09/2018 10:00,426
24/09/2018 11:00,588
24/09/2018 12:00,754
24/09/2018 13:00,885
24/09/2018 14:00,1099
24/09/2018 15:00,1273
24/09/2018 16:00,1433
24/09/2018 17:00,1442
24/09/2018 18:00,1237
24/09/2018 19:00,1280
24/09/2018 20:00,1227
24/09/2018 21:00,1145
24/09/2018 22:00,958
24/09/2018 23:00,750
25/09/2018 0:00,558
25/09/2018 1:00,408
25/09/2018 2:00,292
25/09/2018 3:00,222
25/09/2018 4:00,157
25/09/2018 5:00,105
25/09/2018 6:00,132
25/09/2018 7:00,262
25/09/2018 8:00,440
25/09/2018 9:00,542
25/09/2018 10:00,667
25/09/2018 11:00,853
25/09/2018 12:00,1045
25/09/2018 13:00,1309
25/09/2018 14:00,1522
25/09/2018 15:00,1747
25/09/2018 16:00,1955
25/09/2018 17:00,2033
25/09/2018 18:00,1885
25/09/2018 19:00,1608
25/09/2018 20:00,1583
25/09/2018 21:00,1565
25/09/2018 22:00,1418
25/09/2018 23:00,1042
26/09/2018 0:00,880
26/09/2018 1:00,594
26/09/2018 2:00,453
26/09/2018 3:00,355
26/09/2018 4:00,222
26/09/2018 5:00,150
26/09/2018 6:00,230
26/09/2018 7:00,335
26/09/2018 8:00,598
26/09/2018 9:00,680
26/09/2018 10:00,923
26/09/2018 11:00,1152
26/09/2018 12:00,1358
26/09/2018 13:00,1686
26/09/2018 14:00,1972
26/09/2018 15:00,2170
26/09/2018 16:00,2270
26/09/2018 17:00,2349
26/09/2018 18:00,2339
26/09/2018 19:00,1937
26/09/2018 20:00,1653
26/09/2018 21:00,1529
26/09/2018 22:00,1249
26/09/2018 23:00,934
27/09/2018 0:00,770
27/09/2018 1:00,488
27/09/2018 2:00,326
27/09/2018 3:00,178
27/09/2018 4:00,151
27/09/2018 5:00,207
27/09/2018 6:00,589
27/09/2018 7:00,1364
27/09/2018 8:00,2129
27/09/2018 9:00,1120
27/09/2018 10:00,907
27/09/2018 11:00,1019
27/09/2018 12:00,1189
27/09/2018 13:00,1191
27/09/2018 14:00,1305
27/09/2018 15:00,1404
27/09/2018 16:00,1636
27/09/2018 17:00,2189
27/09/2018 18:00,3154
27/09/2018 19:00,2422
27/09/2018 20:00,2098
27/09/2018 21:00,1930
27/09/2018 22:00,1801
27/09/2018 23:00,1222
28/09/2018 0:00,0
28/09/2018 1:00,0
28/09/2018 2:00,0
28/09/2018 3:00,0
28/09/2018 4:00,0
28/09/2018 5:00,0
28/09/2018 6:00,0
28/09/2018 7:00,0
28/09/2018 8:00,0
28/09/2018 9:00,0
28/09/2018 10:00,0
28/09/2018 11:00,0
28/09/2018 12:00,0
28/09/2018 13:00,0
28/09/2018 14:00,0
28/09/2018 15:00,0
28/09/2018 16:00,0
28/09/2018 17:00,0
28/09/2018 18:00,0
28/09/2018 19:00,0
28/09/2018 20:00,0
28/09/2018 21:00,0
28/09/2018 22:00,0
28/09/2018 23:00,0
29/09/2018 0:00,1037
29/09/2018 1:00,982
29/09/2018 2:00,690
29/09/2018 3:00,493
29/09/2018 4:00,301
29/09/2018 5:00,208
29/09/2018 6:00,290
29/09/2018 7:00,513
29/09/2018 8:00,848
29/09/2018 9:00,1076
29/09/2018 10:00,1071
29/09/2018 11:00,1284
29/09/2018 12:00,1495
29/09/2018 13:00,1752
29/09/2018 14:00,1892
29/09/2018 15:00,2065
29/09/2018 16:00,2254
29/09/2018 17:00,2432
29/09/2018 18:00,2397
29/09/2018 19:00,2021
29/09/2018 20:00,1835
29/09/2018 21:00,1781
29/09/2018 22:00,1501
29/09/2018 23:00,1229
30/09/2018 0:00,0
30/09/2018 1:00,0
30/09/2018 2:00,0
30/09/2018 3:00,0
30/09/2018 4:00,0
30/09/2018 5:00,0
30/09/2018 6:00,0
30/09/2018 7:00,0
30/09/2018 8:00,0
30/09/2018 9:00,0
30/09/2018 10:00,0
30/09/2018 11:00,0
30/09/2018 12:00,0
30/09/2018 13:00,0
30/09/2018 14:00,0
30/09/2018 15:00,0
30/09/2018 16:00,0
30/09/2018 17:00,0
30/09/2018 18:00,0
30/09/2018 19:00,0
30/09/2018 20:00,0
30/09/2018 21:00,0
30/09/2018 22:00,0
30/09/2018 23:00,0
01/10/2018 0:00,680
01/10/2018 1:00,402
01/10/2018 2:00,262
01/10/2018 3:00,179
01/10/2018 4:00,143
01/10/2018 5:00,246
01/10/2018 6:00,632
01/10/2018 7:00,1429
01/10/2018 8:00,2101
01/10/2018 9:00,1106
01/10/2018 10:00,856
01/10/2018 11:00,959
01/10/2018 12:00,1138
01/10/2018 13:00,1087
01/10/2018 14:00,1137
01/10/2018 15:00,1258
01/10/2018 16:00,1357
01/10/2018 17:00,1799
01/10/2018 18:00,2857
01/10/2018 19:00,2122
01/10/2018 20:00,1824
01/10/2018 21:00,1777
01/10/2018 22:00,1501
01/10/2018 23:00,1057
02/10/2018 0:00,0
02/10/2018 1:00,0
02/10/2018 2:00,0
02/10/2018 3:00,0
02/10/2018 4:00,0
02/10/2018 5:00,0
02/10/2018 6:00,0
02/10/2018 7:00,0
02/10/2018 8:00,0
02/10/2018 9:00,0
02/10/2018 10:00,0
02/10/2018 11:00,0
02/10/2018 12:00,0
02/10/2018 13:00,0
02/10/2018 14:00,0
02/10/2018 15:00,0
02/10/2018 16:00,0
02/10/2018 17:00,0
02/10/2018 18:00,0
02/10/2018 19:00,0
02/10/2018 20:00,0
02/10/2018 21:00,0
02/10/2018 22:00,0
02/10/2018 23:00,0
03/10/2018 0:00,1040
03/10/2018 1:00,882
03/10/2018 2:00,685
03/10/2018 3:00,497
03/10/2018 4:00,284
03/10/2018 5:00,173
03/10/2018 6:00,278
03/10/2018 7:00,440
03/10/2018 8:00,762
03/10/2018 9:00,966
03/10/2018 10:00,1113
03/10/2018 11:00,1248
03/10/2018 12:00,1634
03/10/2018 13:00,1849
03/10/2018 14:00,1995
03/10/2018 15:00,2200
03/10/2018 16:00,2112
03/10/2018 17:00,2400
03/10/2018 18:00,2235
03/10/2018 19:00,1792
03/10/2018 20:00,1744
03/10/2018 21:00,1594
03/10/2018 22:00,1393
03/10/2018 23:00,1033
04/10/2018 0:00,0
04/10/2018 1:00,0
04/10/2018 2:00,0
04/10/2018 3:00,0
04/10/2018 4:00,0
04/10/2018 5:00,0
04/10/2018 6:00,0
04/10/2018 7:00,0
04/10/2018 8:00,0
04/10/2018 9:00,0
04/10/2018 10:00,0
04/10/2018 11:00,0
04/10/2018 12:00,0
04/10/2018 13:00,0
04/10/2018 14:00,0
04/10/2018 15:00,0
04/10/2018 16:00,0
04/10/2018 17:00,0
04/10/2018 18:00,0
04/10/2018 19:00,0
04/10/2018 20:00,0
04/10/2018 21:00,0
04/10/2018 22:00,0
04/10/2018 23:00,0
05/10/2018 0:00,973
05/10/2018 1:00,735
05/10/2018 2:00,515
05/10/2018 3:00,329
05/10/2018 4:00,221
05/10/2018 5:00,223
05/10/2018 6:00,531
05/10/2018 7:00,282
05/10/2018 8:00,208
05/10/2018 9:00,47
05/10/2018 10:00,33
05/10/2018 11:00,29
05/10/2018 12:00,23
05/10/2018 13:00,22
05/10/2018 14:00,17
05/10/2018 15:00,8
05/10/2018 16:00,28
05/10/2018 17:00,66
05/10/2018 18:00,74
05/10/2018 19:00,55
05/10/2018 20:00,44
05/10/2018 21:00,32
05/10/2018 22:00,23
05/10/2018 23:00,4
06/10/2018 0:00,0
06/10/2018 1:00,0
06/10/2018 2:00,0
06/10/2018 3:00,0
06/10/2018 4:00,0
06/10/2018 5:00,0
06/10/2018 6:00,0
06/10/2018 7:00,5
06/10/2018 8:00,6
06/10/2018 9:00,5
06/10/2018 10:00,2
06/10/2018 11:00,20
06/10/2018 12:00,130
06/10/2018 13:00,529
06/10/2018 14:00,941
06/10/2018 15:00,1236
06/10/2018 16:00,1601
06/10/2018 17:00,1870
06/10/2018 18:00,2012
06/10/2018 19:00,1761
06/10/2018 20:00,1567
06/10/2018 21:00,1731
06/10/2018 22:00,1459
06/10/2018 23:00,1162
07/10/2018 0:00,1049
07/10/2018 1:00,768
07/10/2018 2:00,538
07/10/2018 3:00,372
07/10/2018 4:00,255
07/10/2018 5:00,146
07/10/2018 6:00,189
07/10/2018 7:00,345
07/10/2018 8:00,589
07/10/2018 9:00,753
07/10/2018 10:00,932
07/10/2018 11:00,1188
07/10/2018 12:00,1516
07/10/2018 13:00,1714
07/10/2018 14:00,1987
07/10/2018 15:00,2167
07/10/2018 16:00,2270
07/10/2018 17:00,2255
07/10/2018 18:00,2069
07/10/2018 19:00,1608
07/10/2018 20:00,1519
07/10/2018 21:00,1385
07/10/2018 22:00,1160
07/10/2018 23:00,840
08/10/2018 0:00,711
08/10/2018 1:00,390
08/10/2018 2:00,265
08/10/2018 3:00,192
08/10/2018 4:00,123
08/10/2018 5:00,215
08/10/2018 6:00,503
08/10/2018 7:00,1206
08/10/2018 8:00,2005
08/10/2018 9:00,1166
08/10/2018 10:00,943
08/10/2018 11:00,1117
08/10/2018 12:00,1238
08/10/2018 13:00,1303
08/10/2018 14:00,1358
08/10/2018 15:00,1502
08/10/2018 16:00,1603
08/10/2018 17:00,2127
08/10/2018 18:00,2787
08/10/2018 19:00,2150
08/10/2018 20:00,1838
08/10/2018 21:00,1788
08/10/2018 22:00,1636
08/10/2018 23:00,1196
09/10/2018 0:00,0
09/10/2018 1:00,0
09/10/2018 2:00,0
09/10/2018 3:00,0
09/10/2018 4:00,0
09/10/2018 5:00,0
09/10/2018 6:00,0
09/10/2018 7:00,0
09/10/2018 8:00,0
09/10/2018 9:00,0
09/10/2018 10:00,0
09/10/2018 11:00,0
09/10/2018 12:00,0
09/10/2018 13:00,0
09/10/2018 14:00,0
09/10/2018 15:00,0
09/10/2018 16:00,0
09/10/2018 17:00,0
09/10/2018 18:00,0
09/10/2018 19:00,0
09/10/2018 20:00,0
09/10/2018 21:00,0
09/10/2018 22:00,0
09/10/2018 23:00,0
10/10/2018 0:00,643
10/10/2018 1:00,144
10/10/2018 2:00,55
10/10/2018 3:00,90
10/10/2018 4:00,82
10/10/2018 5:00,152
10/10/2018 6:00,441
10/10/2018 7:00,1220
10/10/2018 8:00,2082
10/10/2018 9:00,1097
10/10/2018 10:00,792
10/10/2018 11:00,914
10/10/2018 12:00,1006
10/10/2018 13:00,1015
10/10/2018 14:00,1041
10/10/2018 15:00,1171
10/10/2018 16:00,1363
10/10/2018 17:00,1775
10/10/2018 18:00,2514
10/10/2018 19:00,1723
10/10/2018 20:00,1489
10/10/2018 21:00,1445
10/10/2018 22:00,1255
10/10/2018 23:00,901
11/10/2018 0:00,707
11/10/2018 1:00,541
11/10/2018 2:00,341
11/10/2018 3:00,218
11/10/2018 4:00,145
11/10/2018 5:00,197
11/10/2018 6:00,518
11/10/2018 7:00,1233
11/10/2018 8:00,2000
11/10/2018 9:00,1070
11/10/2018 10:00,792
11/10/2018 11:00,926
11/10/2018 12:00,967
11/10/2018 13:00,1000
11/10/2018 14:00,991
11/10/2018 15:00,1054
11/10/2018 16:00,1284
11/10/2018 17:00,1685
11/10/2018 18:00,2378
11/10/2018 19:00,1614
11/10/2018 20:00,1389
11/10/2018 21:00,1398
11/10/2018 22:00,1221
11/10/2018 23:00,857
12/10/2018 0:00,706
12/10/2018 1:00,531
12/10/2018 2:00,409
12/10/2018 3:00,225
12/10/2018 4:00,168
12/10/2018 5:00,183
12/10/2018 6:00,412
12/10/2018 7:00,1142
12/10/2018 8:00,1996
12/10/2018 9:00,1106
12/10/2018 10:00,877
12/10/2018 11:00,959
12/10/2018 12:00,1073
12/10/2018 13:00,1110
12/10/2018 14:00,1187
12/10/2018 15:00,1322
12/10/2018 16:00,1488
12/10/2018 17:00,1902
12/10/2018 18:00,2618
12/10/2018 19:00,1804
12/10/2018 20:00,1440
12/10/2018 21:00,1292
12/10/2018 22:00,1347
12/10/2018 23:00,940
13/10/2018 0:00,835
13/10/2018 1:00,739
13/10/2018 2:00,512
13/10/2018 3:00,374
13/10/2018 4:00,226
13/10/2018 5:00,148
13/10/2018 6:00,209
13/10/2018 7:00,412
13/10/2018 8:00,728
13/10/2018 9:00,853
13/10/2018 10:00,1037
13/10/2018 11:00,1179
13/10/2018 12:00,1402
13/10/2018 13:00,1652
13/10/2018 14:00,1712
13/10/2018 15:00,1846
13/10/2018 16:00,1916
13/10/2018 17:00,1995
13/10/2018 18:00,1695
13/10/2018 19:00,1381
13/10/2018 20:00,1261
13/10/2018 21:00,1312
13/10/2018 22:00,1147
13/10/2018 23:00,971
14/10/2018 0:00,811
14/10/2018 1:00,584
14/10/2018 2:00,429
14/10/2018 3:00,308
14/10/2018 4:00,185
14/10/2018 5:00,110
14/10/2018 6:00,150
14/10/2018 7:00,304
14/10/2018 8:00,556
14/10/2018 9:00,775
14/10/2018 10:00,847
14/10/2018 11:00,1056
14/10/2018 12:00,1394
14/10/2018 13:00,1593
14/10/2018 14:00,1767
14/10/2018 15:00,1948
14/10/2018 16:00,2097
14/10/2018 17:00,1990
14/10/2018 18:00,1662
14/10/2018 19:00,1377
14/10/2018 20:00,1306
14/10/2018 21:00,1261
14/10/2018 22:00,1029
14/10/2018 23:00,810
15/10/2018 0:00,638
15/10/2018 1:00,393
15/10/2018 2:00,272
15/10/2018 3:00,171
15/10/2018 4:00,152
15/10/2018 5:00,209
15/10/2018 6:00,504
15/10/2018 7:00,1271
15/10/2018 8:00,2070
15/10/2018 9:00,1119
15/10/2018 10:00,837
15/10/2018 11:00,910
15/10/2018 12:00,1052
15/10/2018 13:00,1058
15/10/2018 14:00,1121
15/10/2018 15:00,1183
15/10/2018 16:00,1413
15/10/2018 17:00,1773
15/10/2018 18:00,2635
15/10/2018 19:00,1911
15/10/2018 20:00,1659
15/10/2018 21:00,1556
15/10/2018 22:00,1377
15/10/2018 23:00,914
16/10/2018 0:00,726
16/10/2018 1:00,568
16/10/2018 2:00,427
16/10/2018 3:00,253
16/10/2018 4:00,145
16/10/2018 5:00,202
16/10/2018 6:00,491
16/10/2018 7:00,1216
16/10/2018 8:00,2134
16/10/2018 9:00,1177
16/10/2018 10:00,854
16/10/2018 11:00,914
16/10/2018 12:00,1063
16/10/2018 13:00,1108
16/10/2018 14:00,1113
16/10/2018 15:00,1203
16/10/2018 16:00,1407
16/10/2018 17:00,1811
16/10/2018 18:00,2716
16/10/2018 19:00,1867
16/10/2018 20:00,1568
16/10/2018 21:00,1618
16/10/2018 22:00,1425
16/10/2018 23:00,950
17/10/2018 0:00,739
17/10/2018 1:00,600
17/10/2018 2:00,381
17/10/2018 3:00,239
17/10/2018 4:00,157
17/10/2018 5:00,210
17/10/2018 6:00,503
17/10/2018 7:00,1213
17/10/2018 8:00,2202
17/10/2018 9:00,1200
17/10/2018 10:00,842
17/10/2018 11:00,961
17/10/2018 12:00,1088
17/10/2018 13:00,1115
17/10/2018 14:00,1083
17/10/2018 15:00,1175
17/10/2018 16:00,1409
17/10/2018 17:00,1896
17/10/2018 18:00,2445
17/10/2018 19:00,1819
17/10/2018 20:00,1558
17/10/2018 21:00,1493
17/10/2018 22:00,1278
17/10/2018 23:00,896
18/10/2018 0:00,694
18/10/2018 1:00,579
18/10/2018 2:00,385
18/10/2018 3:00,244
18/10/2018 4:00,165
18/10/2018 5:00,185
18/10/2018 6:00,458
18/10/2018 7:00,1191
18/10/2018 8:00,2154
18/10/2018 9:00,1165
18/10/2018 10:00,864
18/10/2018 11:00,917
18/10/2018 12:00,1132
18/10/2018 13:00,1152
18/10/2018 14:00,1122
18/10/2018 15:00,1203
18/10/2018 16:00,1473
18/10/2018 17:00,1804
18/10/2018 18:00,2499
18/10/2018 19:00,1878
18/10/2018 20:00,1528
18/10/2018 21:00,1466
18/10/2018 22:00,1302
18/10/2018 23:00,944
19/10/2018 0:00,783
19/10/2018 1:00,653
19/10/2018 2:00,433
19/10/2018 3:00,262
19/10/2018 4:00,184
19/10/2018 5:00,162
19/10/2018 6:00,491
19/10/2018 7:00,1188
19/10/2018 8:00,2113
19/10/2018 9:00,1191
19/10/2018 10:00,850
19/10/2018 11:00,981
19/10/2018 12:00,1161
19/10/2018 13:00,1190
19/10/2018 14:00,1221
19/10/2018 15:00,1390
19/10/2018 16:00,1527
19/10/2018 17:00,1939
19/10/2018 18:00,2631
19/10/2018 19:00,1769
19/10/2018 20:00,1512
19/10/2018 21:00,1457
19/10/2018 22:00,1331
19/10/2018 23:00,1018
20/10/2018 0:00,891
20/10/2018 1:00,774
20/10/2018 2:00,522
20/10/2018 3:00,386
20/10/2018 4:00,246
20/10/2018 5:00,154
20/10/2018 6:00,219
20/10/2018 7:00,427
20/10/2018 8:00,784
20/10/2018 9:00,921
20/10/2018 10:00,997
20/10/2018 11:00,1175
20/10/2018 12:00,1407
20/10/2018 13:00,1585
20/10/2018 14:00,1649
20/10/2018 15:00,1760
20/10/2018 16:00,1813
20/10/2018 17:00,1949
20/10/2018 18:00,1707
20/10/2018 19:00,1407
20/10/2018 20:00,1270
20/10/2018 21:00,1249
20/10/2018 22:00,1141
20/10/2018 23:00,922
21/10/2018 0:00,848
21/10/2018 1:00,622
21/10/2018 2:00,428
21/10/2018 3:00,342
21/10/2018 4:00,206
21/10/2018 5:00,146
21/10/2018 6:00,172
21/10/2018 7:00,315
21/10/2018 8:00,534
21/10/2018 9:00,679
21/10/2018 10:00,936
21/10/2018 11:00,1055
21/10/2018 12:00,1417
21/10/2018 13:00,1519
21/10/2018 14:00,1642
21/10/2018 15:00,1891
21/10/2018 16:00,1976
21/10/2018 17:00,1883
21/10/2018 18:00,1618
21/10/2018 19:00,1464
21/10/2018 20:00,1306
21/10/2018 21:00,1158
21/10/2018 22:00,1025
21/10/2018 23:00,724
22/10/2018 0:00,623
22/10/2018 1:00,372
22/10/2018 2:00,253
22/10/2018 3:00,175
22/10/2018 4:00,110
22/10/2018 5:00,202
22/10/2018 6:00,513
22/10/2018 7:00,1244
22/10/2018 8:00,2111
22/10/2018 9:00,1104
22/10/2018 10:00,817
22/10/2018 11:00,941
22/10/2018 12:00,1034
22/10/2018 13:00,1064
22/10/2018 14:00,1122
22/10/2018 15:00,1167
22/10/2018 16:00,1464
22/10/2018 17:00,1904
22/10/2018 18:00,2613
22/10/2018 19:00,1860
22/10/2018 20:00,1593
22/10/2018 21:00,1513
22/10/2018 22:00,1360
22/10/2018 23:00,916
23/10/2018 0:00,726
23/10/2018 1:00,547
23/10/2018 2:00,356
23/10/2018 3:00,243
23/10/2018 4:00,170
23/10/2018 5:00,193
23/10/2018 6:00,456
23/10/2018 7:00,839
23/10/2018 8:00,1423
23/10/2018 9:00,1026
23/10/2018 10:00,735
23/10/2018 11:00,81
23/10/2018 12:00,363
23/10/2018 13:00,652
23/10/2018 14:00,837
23/10/2018 15:00,1010
23/10/2018 16:00,1294
23/10/2018 17:00,1604
23/10/2018 18:00,2415
23/10/2018 19:00,1685
23/10/2018 20:00,1433
23/10/2018 21:00,1380
23/10/2018 22:00,1257
23/10/2018 23:00,876
24/10/2018 0:00,708
24/10/2018 1:00,573
24/10/2018 2:00,371
24/10/2018 3:00,249
24/10/2018 4:00,162
24/10/2018 5:00,164
24/10/2018 6:00,453
24/10/2018 7:00,1165
24/10/2018 8:00,2108
24/10/2018 9:00,1151
24/10/2018 10:00,811
24/10/2018 11:00,940
24/10/2018 12:00,1126
24/10/2018 13:00,1106
24/10/2018 14:00,1150
24/10/2018 15:00,1161
24/10/2018 16:00,1492
24/10/2018 17:00,1904
24/10/2018 18:00,2612
24/10/2018 19:00,1827
24/10/2018 20:00,1556
24/10/2018 21:00,1464
24/10/2018 22:00,1281
24/10/2018 23:00,884
25/10/2018 0:00,729
25/10/2018 1:00,572
25/10/2018 2:00,421
25/10/2018 3:00,266
25/10/2018 4:00,161
25/10/2018 5:00,193
25/10/2018 6:00,450
25/10/2018 7:00,1251
25/10/2018 8:00,2070
25/10/2018 9:00,1168
25/10/2018 10:00,779
25/10/2018 11:00,956
25/10/2018 12:00,1188
25/10/2018 13:00,1154
25/10/2018 14:00,1192
25/10/2018 15:00,1275
25/10/2018 16:00,1528
25/10/2018 17:00,1961
25/10/2018 18:00,2632
25/10/2018 19:00,1968
25/10/2018 20:00,1596
25/10/2018 21:00,1513
25/10/2018 22:00,1316
25/10/2018 23:00,919
26/10/2018 0:00,753
26/10/2018 1:00,629
26/10/2018 2:00,434
26/10/2018 3:00,327
26/10/2018 4:00,185
26/10/2018 5:00,178
26/10/2018 6:00,376
26/10/2018 7:00,556
26/10/2018 8:00,556
26/10/2018 9:00,144
26/10/2018 10:00,191
26/10/2018 11:00,54
26/10/2018 12:00,29
26/10/2018 13:00,18
26/10/2018 14:00,147
26/10/2018 15:00,576
26/10/2018 16:00,900
26/10/2018 17:00,1386
26/10/2018 18:00,1882
26/10/2018 19:00,1228
26/10/2018 20:00,1003
26/10/2018 21:00,542
26/10/2018 22:00,680
26/10/2018 23:00,603
27/10/2018 0:00,640
27/10/2018 1:00,585
27/10/2018 2:00,478
27/10/2018 3:00,346
27/10/2018 4:00,233
27/10/2018 5:00,146
27/10/2018 6:00,197
27/10/2018 7:00,388
27/10/2018 8:00,713
27/10/2018 9:00,785
27/10/2018 10:00,898
27/10/2018 11:00,996
27/10/2018 12:00,1076
27/10/2018 13:00,1118
27/10/2018 14:00,1183
27/10/2018 15:00,1254
27/10/2018 16:00,1308
27/10/2018 17:00,1176
27/10/2018 18:00,1054
27/10/2018 19:00,864
27/10/2018 20:00,775
27/10/2018 21:00,775
27/10/2018 22:00,752
27/10/2018 23:00,658
28/10/2018 0:00,699
28/10/2018 1:00,531
28/10/2018 2:00,450
28/10/2018 3:00,299
28/10/2018 4:00,148
28/10/2018 5:00,27
28/10/2018 6:00,55
28/10/2018 7:00,134
28/10/2018 8:00,74
28/10/2018 9:00,195
28/10/2018 10:00,330
28/10/2018 11:00,544
28/10/2018 12:00,630
28/10/2018 13:00,916
28/10/2018 14:00,962
28/10/2018 15:00,948
28/10/2018 16:00,385
28/10/2018 17:00,535
28/10/2018 18:00,651
28/10/2018 19:00,645
28/10/2018 20:00,624
28/10/2018 21:00,670
28/10/2018 22:00,625
28/10/2018 23:00,512
29/10/2018 0:00,434
29/10/2018 1:00,326
29/10/2018 2:00,184
29/10/2018 3:00,123
29/10/2018 4:00,117
29/10/2018 5:00,161
29/10/2018 6:00,436
29/10/2018 7:00,1070
29/10/2018 8:00,1888
29/10/2018 9:00,1021
29/10/2018 10:00,771
29/10/2018 11:00,796
29/10/2018 12:00,737
29/10/2018 13:00,815
29/10/2018 14:00,838
29/10/2018 15:00,884
29/10/2018 16:00,1069
29/10/2018 17:00,1274
29/10/2018 18:00,1987
29/10/2018 19:00,1377
29/10/2018 20:00,1026
29/10/2018 21:00,979
29/10/2018 22:00,906
29/10/2018 23:00,658
30/10/2018 0:00,488
30/10/2018 1:00,440
30/10/2018 2:00,283
30/10/2018 3:00,182
30/10/2018 4:00,150
30/10/2018 5:00,162
30/10/2018 6:00,394
30/10/2018 7:00,1005
30/10/2018 8:00,1883
30/10/2018 9:00,982
30/10/2018 10:00,684
30/10/2018 11:00,782
30/10/2018 12:00,881
30/10/2018 13:00,847
30/10/2018 14:00,903
30/10/2018 15:00,965
30/10/2018 16:00,1110
30/10/2018 17:00,1357
30/10/2018 18:00,2074
30/10/2018 19:00,1442
30/10/2018 20:00,1186
30/10/2018 21:00,1147
30/10/2018 22:00,948
30/10/2018 23:00,527
31/10/2018 0:00,294
31/10/2018 1:00,324
31/10/2018 2:00,287
31/10/2018 3:00,227
31/10/2018 4:00,146
31/10/2018 5:00,141
31/10/2018 6:00,402
31/10/2018 7:00,1060
31/10/2018 8:00,1907
31/10/2018 9:00,996
31/10/2018 10:00,717
31/10/2018 11:00,818
31/10/2018 12:00,907
31/10/2018 13:00,983
31/10/2018 14:00,963
31/10/2018 15:00,994
31/10/2018 16:00,1185
31/10/2018 17:00,1462
31/10/2018 18:00,2094
31/10/2018 19:00,1507
31/10/2018 20:00,1176
31/10/2018 21:00,1069
31/10/2018 22:00,1088
31/10/2018 23:00,798
01/11/2018 0:00,584
01/11/2018 1:00,524
01/11/2018 2:00,362
01/11/2018 3:00,242
01/11/2018 4:00,147
01/11/2018 5:00,154
01/11/2018 6:00,433
01/11/2018 7:00,1055
01/11/2018 8:00,1899
01/11/2018 9:00,1011
01/11/2018 10:00,696
01/11/2018 11:00,852
01/11/2018 12:00,926
01/11/2018 13:00,968
01/11/2018 14:00,1040
01/11/2018 15:00,1094
01/11/2018 16:00,1206
01/11/2018 17:00,1569
01/11/2018 18:00,2254
01/11/2018 19:00,1561
01/11/2018 20:00,1269
01/11/2018 21:00,1197
01/11/2018 22:00,1115
01/11/2018 23:00,806
02/11/2018 0:00,642
02/11/2018 1:00,560
02/11/2018 2:00,369
02/11/2018 3:00,251
02/11/2018 4:00,166
02/11/2018 5:00,153
02/11/2018 6:00,403
02/11/2018 7:00,1024
02/11/2018 8:00,1906
02/11/2018 9:00,1027
02/11/2018 10:00,751
02/11/2018 11:00,880
02/11/2018 12:00,1023
02/11/2018 13:00,1130
02/11/2018 14:00,1160
02/11/2018 15:00,1251
02/11/2018 16:00,1424
02/11/2018 17:00,1730
02/11/2018 18:00,2314
02/11/2018 19:00,1568
02/11/2018 20:00,1242
02/11/2018 21:00,1146
02/11/2018 22:00,1106
02/11/2018 23:00,851
03/11/2018 0:00,0
03/11/2018 1:00,0
03/11/2018 2:00,0
03/11/2018 3:00,0
03/11/2018 4:00,0
03/11/2018 5:00,0
03/11/2018 6:00,0
03/11/2018 7:00,0
03/11/2018 8:00,0
03/11/2018 9:00,0
03/11/2018 10:00,0
03/11/2018 11:00,0
03/11/2018 12:00,0
03/11/2018 13:00,0
03/11/2018 14:00,0
03/11/2018 15:00,0
03/11/2018 16:00,0
03/11/2018 17:00,0
03/11/2018 18:00,0
03/11/2018 19:00,0
03/11/2018 20:00,0
03/11/2018 21:00,0
03/11/2018 22:00,0
03/11/2018 23:00,0
04/11/2018 0:00,720
04/11/2018 1:00,517
04/11/2018 2:00,378
04/11/2018 3:00,296
04/11/2018 4:00,188
04/11/2018 5:00,112
04/11/2018 6:00,141
04/11/2018 7:00,259
04/11/2018 8:00,481
04/11/2018 9:00,632
04/11/2018 10:00,747
04/11/2018 11:00,963
04/11/2018 12:00,1145
04/11/2018 13:00,1355
04/11/2018 14:00,1511
04/11/2018 15:00,1579
04/11/2018 16:00,1690
04/11/2018 17:00,1596
04/11/2018 18:00,1335
04/11/2018 19:00,1180
04/11/2018 20:00,1077
04/11/2018 21:00,1001
04/11/2018 22:00,912
04/11/2018 23:00,656
05/11/2018 0:00,520
05/11/2018 1:00,346
05/11/2018 2:00,206
05/11/2018 3:00,161
05/11/2018 4:00,107
05/11/2018 5:00,166
05/11/2018 6:00,448
05/11/2018 7:00,1115
05/11/2018 8:00,1975
05/11/2018 9:00,1005
05/11/2018 10:00,790
05/11/2018 11:00,829
05/11/2018 12:00,971
05/11/2018 13:00,986
05/11/2018 14:00,993
05/11/2018 15:00,1100
05/11/2018 16:00,1318
05/11/2018 17:00,1664
05/11/2018 18:00,2357
05/11/2018 19:00,1618
05/11/2018 20:00,1464
05/11/2018 21:00,1289
05/11/2018 22:00,1215
05/11/2018 23:00,829
06/11/2018 0:00,0
06/11/2018 1:00,0
06/11/2018 2:00,0
06/11/2018 3:00,0
06/11/2018 4:00,0
06/11/2018 5:00,0
06/11/2018 6:00,0
06/11/2018 7:00,0
06/11/2018 8:00,0
06/11/2018 9:00,0
06/11/2018 10:00,0
06/11/2018 11:00,0
06/11/2018 12:00,0
06/11/2018 13:00,0
06/11/2018 14:00,0
06/11/2018 15:00,0
06/11/2018 16:00,0
06/11/2018 17:00,0
06/11/2018 18:00,0
06/11/2018 19:00,0
06/11/2018 20:00,0
06/11/2018 21:00,0
06/11/2018 22:00,0
06/11/2018 23:00,0
07/11/2018 0:00,639
07/11/2018 1:00,410
07/11/2018 2:00,136
07/11/2018 3:00,40
07/11/2018 4:00,47
07/11/2018 5:00,71
07/11/2018 6:00,194
07/11/2018 7:00,526
07/11/2018 8:00,1171
07/11/2018 9:00,740
07/11/2018 10:00,555
07/11/2018 11:00,608
07/11/2018 12:00,697
07/11/2018 13:00,798
07/11/2018 14:00,767
07/11/2018 15:00,848
07/11/2018 16:00,834
07/11/2018 17:00,1115
07/11/2018 18:00,1347
07/11/2018 19:00,1176
07/11/2018 20:00,1062
07/11/2018 21:00,1062
07/11/2018 22:00,1003
07/11/2018 23:00,679
08/11/2018 0:00,395
08/11/2018 1:00,158
08/11/2018 2:00,122
08/11/2018 3:00,78
08/11/2018 4:00,50
08/11/2018 5:00,49
08/11/2018 6:00,136
08/11/2018 7:00,174
08/11/2018 8:00,148
08/11/2018 9:00,56
08/11/2018 10:00,17
08/11/2018 11:00,25
08/11/2018 12:00,17
08/11/2018 13:00,18
08/11/2018 14:00,46
08/11/2018 15:00,56
08/11/2018 16:00,14
08/11/2018 17:00,30
08/11/2018 18:00,40
08/11/2018 19:00,19
08/11/2018 20:00,12
08/11/2018 21:00,21
08/11/2018 22:00,14
08/11/2018 23:00,26
09/11/2018 0:00,0
09/11/2018 1:00,0
09/11/2018 2:00,0
09/11/2018 3:00,0
09/11/2018 4:00,0
09/11/2018 5:00,0
09/11/2018 6:00,0
09/11/2018 7:00,0
09/11/2018 8:00,0
09/11/2018 9:00,0
09/11/2018 10:00,0
09/11/2018 11:00,0
09/11/2018 12:00,0
09/11/2018 13:00,0
09/11/2018 14:00,0
09/11/2018 15:00,0
09/11/2018 16:00,0
09/11/2018 17:00,0
09/11/2018 18:00,0
09/11/2018 19:00,0
09/11/2018 20:00,0
09/11/2018 21:00,0
09/11/2018 22:00,0
09/11/2018 23:00,0
10/11/2018 0:00,754
10/11/2018 1:00,679
10/11/2018 2:00,568
10/11/2018 3:00,372
10/11/2018 4:00,223
10/11/2018 5:00,137
10/11/2018 6:00,167
10/11/2018 7:00,309
10/11/2018 8:00,589
10/11/2018 9:00,628
10/11/2018 10:00,699
10/11/2018 11:00,768
10/11/2018 12:00,1034
10/11/2018 13:00,1094
10/11/2018 14:00,1113
10/11/2018 15:00,1229
10/11/2018 16:00,1263
10/11/2018 17:00,1379
10/11/2018 18:00,1226
10/11/2018 19:00,957
10/11/2018 20:00,877
10/11/2018 21:00,847
10/11/2018 22:00,885
10/11/2018 23:00,676
11/11/2018 0:00,655
11/11/2018 1:00,518
11/11/2018 2:00,370
11/11/2018 3:00,314
11/11/2018 4:00,189
11/11/2018 5:00,111
11/11/2018 6:00,117
11/11/2018 7:00,228
11/11/2018 8:00,395
11/11/2018 9:00,574
11/11/2018 10:00,563
11/11/2018 11:00,578
11/11/2018 12:00,769
11/11/2018 13:00,758
11/11/2018 14:00,810
11/11/2018 15:00,832
11/11/2018 16:00,616
11/11/2018 17:00,660
11/11/2018 18:00,752
11/11/2018 19:00,685
11/11/2018 20:00,711
11/11/2018 21:00,689
11/11/2018 22:00,690
11/11/2018 23:00,554
12/11/2018 0:00,456
12/11/2018 1:00,344
12/11/2018 2:00,187
12/11/2018 3:00,122
12/11/2018 4:00,109
12/11/2018 5:00,158
12/11/2018 6:00,419
12/11/2018 7:00,1004
12/11/2018 8:00,1699
12/11/2018 9:00,931
12/11/2018 10:00,683
12/11/2018 11:00,785
12/11/2018 12:00,888
12/11/2018 13:00,889
12/11/2018 14:00,886
12/11/2018 15:00,1084
12/11/2018 16:00,1193
12/11/2018 17:00,1472
12/11/2018 18:00,2022
12/11/2018 19:00,1466
12/11/2018 20:00,1292
12/11/2018 21:00,1189
12/11/2018 22:00,1023
12/11/2018 23:00,702
13/11/2018 0:00,587
13/11/2018 1:00,487
13/11/2018 2:00,330
13/11/2018 3:00,205
13/11/2018 4:00,133
13/11/2018 5:00,162
13/11/2018 6:00,402
13/11/2018 7:00,1066
13/11/2018 8:00,1910
13/11/2018 9:00,990
13/11/2018 10:00,710
13/11/2018 11:00,789
13/11/2018 12:00,890
13/11/2018 13:00,912
13/11/2018 14:00,928
13/11/2018 15:00,980
13/11/2018 16:00,1188
13/11/2018 17:00,1420
13/11/2018 18:00,2159
13/11/2018 19:00,1529
13/11/2018 20:00,1208
13/11/2018 21:00,1163
13/11/2018 22:00,1126
13/11/2018 23:00,718
14/11/2018 0:00,612
14/11/2018 1:00,517
14/11/2018 2:00,327
14/11/2018 3:00,210
14/11/2018 4:00,164
14/11/2018 5:00,135
14/11/2018 6:00,362
14/11/2018 7:00,1047
14/11/2018 8:00,1916
14/11/2018 9:00,1019
14/11/2018 10:00,779
14/11/2018 11:00,892
14/11/2018 12:00,963
14/11/2018 13:00,1028
14/11/2018 14:00,1001
14/11/2018 15:00,1063
14/11/2018 16:00,1137
14/11/2018 17:00,1532
14/11/2018 18:00,2200
14/11/2018 19:00,1464
14/11/2018 20:00,1269
14/11/2018 21:00,1239
14/11/2018 22:00,1074
14/11/2018 23:00,757
15/11/2018 0:00,610
15/11/2018 1:00,489
15/11/2018 2:00,313
15/11/2018 3:00,219
15/11/2018 4:00,154
15/11/2018 5:00,172
15/11/2018 6:00,357
15/11/2018 7:00,883
15/11/2018 8:00,1686
15/11/2018 9:00,1300
15/11/2018 10:00,782
15/11/2018 11:00,770
15/11/2018 12:00,942
15/11/2018 13:00,883
15/11/2018 14:00,899
15/11/2018 15:00,971
15/11/2018 16:00,1123
15/11/2018 17:00,1416
15/11/2018 18:00,2034
15/11/2018 19:00,1448
15/11/2018 20:00,1146
15/11/2018 21:00,1123
15/11/2018 22:00,1061
15/11/2018 23:00,721
16/11/2018 0:00,683
16/11/2018 1:00,520
16/11/2018 2:00,376
16/11/2018 3:00,262
16/11/2018 4:00,171
16/11/2018 5:00,151
16/11/2018 6:00,412
16/11/2018 7:00,939
16/11/2018 8:00,1692
16/11/2018 9:00,991
16/11/2018 10:00,699
16/11/2018 11:00,834
16/11/2018 12:00,886
16/11/2018 13:00,920
16/11/2018 14:00,915
16/11/2018 15:00,995
16/11/2018 16:00,1126
16/11/2018 17:00,1346
16/11/2018 18:00,1956
16/11/2018 19:00,1303
16/11/2018 20:00,995
16/11/2018 21:00,907
16/11/2018 22:00,894
16/11/2018 23:00,687
17/11/2018 0:00,626
17/11/2018 1:00,597
17/11/2018 2:00,456
17/11/2018 3:00,288
17/11/2018 4:00,195
17/11/2018 5:00,129
17/11/2018 6:00,151
17/11/2018 7:00,315
17/11/2018 8:00,530
17/11/2018 9:00,644
17/11/2018 10:00,733
17/11/2018 11:00,830
17/11/2018 12:00,994
17/11/2018 13:00,1037
17/11/2018 14:00,969
17/11/2018 15:00,1018
17/11/2018 16:00,974
17/11/2018 17:00,1031
17/11/2018 18:00,877
17/11/2018 19:00,735
17/11/2018 20:00,644
17/11/2018 21:00,685
17/11/2018 22:00,655
17/11/2018 23:00,576
18/11/2018 0:00,592
18/11/2018 1:00,443
18/11/2018 2:00,335
18/11/2018 3:00,258
18/11/2018 4:00,165
18/11/2018 5:00,92
18/11/2018 6:00,114
18/11/2018 7:00,191
18/11/2018 8:00,371
18/11/2018 9:00,457
18/11/2018 10:00,583
18/11/2018 11:00,645
18/11/2018 12:00,776
18/11/2018 13:00,905
18/11/2018 14:00,1054
18/11/2018 15:00,1047
18/11/2018 16:00,1026
18/11/2018 17:00,1039
18/11/2018 18:00,902
18/11/2018 19:00,759
18/11/2018 20:00,719
18/11/2018 21:00,682
18/11/2018 22:00,632
18/11/2018 23:00,532
19/11/2018 0:00,457
19/11/2018 1:00,277
19/11/2018 2:00,190
19/11/2018 3:00,133
19/11/2018 4:00,88
19/11/2018 5:00,167
19/11/2018 6:00,418
19/11/2018 7:00,991
19/11/2018 8:00,1751
19/11/2018 9:00,889
19/11/2018 10:00,651
19/11/2018 11:00,745
19/11/2018 12:00,785
19/11/2018 13:00,785
19/11/2018 14:00,793
19/11/2018 15:00,839
19/11/2018 16:00,968
19/11/2018 17:00,1233
19/11/2018 18:00,1904
19/11/2018 19:00,1304
19/11/2018 20:00,1030
19/11/2018 21:00,1019
19/11/2018 22:00,910
19/11/2018 23:00,629
20/11/2018 0:00,478
20/11/2018 1:00,422
20/11/2018 2:00,286
20/11/2018 3:00,202
20/11/2018 4:00,119
20/11/2018 5:00,141
20/11/2018 6:00,369
20/11/2018 7:00,934
20/11/2018 8:00,1818
20/11/2018 9:00,955
20/11/2018 10:00,659
20/11/2018 11:00,699
20/11/2018 12:00,788
20/11/2018 13:00,798
20/11/2018 14:00,790
20/11/2018 15:00,861
20/11/2018 16:00,967
20/11/2018 17:00,1269
20/11/2018 18:00,1857
20/11/2018 19:00,1317
20/11/2018 20:00,1078
20/11/2018 21:00,1020
20/11/2018 22:00,922
20/11/2018 23:00,378
21/11/2018 0:00,119
21/11/2018 1:00,159
21/11/2018 2:00,129
21/11/2018 3:00,112
21/11/2018 4:00,97
21/11/2018 5:00,118
21/11/2018 6:00,299
21/11/2018 7:00,788
21/11/2018 8:00,1622
21/11/2018 9:00,867
21/11/2018 10:00,611
21/11/2018 11:00,649
21/11/2018 12:00,697
21/11/2018 13:00,623
21/11/2018 14:00,474
21/11/2018 15:00,550
21/11/2018 16:00,755
21/11/2018 17:00,1101
21/11/2018 18:00,1679
21/11/2018 19:00,1113
21/11/2018 20:00,936
21/11/2018 21:00,838
21/11/2018 22:00,825
21/11/2018 23:00,571
22/11/2018 0:00,443
22/11/2018 1:00,382
22/11/2018 2:00,271
22/11/2018 3:00,164
22/11/2018 4:00,121
22/11/2018 5:00,133
22/11/2018 6:00,332
22/11/2018 7:00,848
22/11/2018 8:00,1671
22/11/2018 9:00,883
22/11/2018 10:00,603
22/11/2018 11:00,644
22/11/2018 12:00,717
22/11/2018 13:00,678
22/11/2018 14:00,692
22/11/2018 15:00,716
22/11/2018 16:00,759
22/11/2018 17:00,1101
22/11/2018 18:00,1591
22/11/2018 19:00,1032
22/11/2018 20:00,777
22/11/2018 21:00,759
22/11/2018 22:00,691
22/11/2018 23:00,488
23/11/2018 0:00,470
23/11/2018 1:00,401
23/11/2018 2:00,279
23/11/2018 3:00,191
23/11/2018 4:00,109
23/11/2018 5:00,129
23/11/2018 6:00,339
23/11/2018 7:00,727
23/11/2018 8:00,1516
23/11/2018 9:00,800
23/11/2018 10:00,582
23/11/2018 11:00,635
23/11/2018 12:00,664
23/11/2018 13:00,731
23/11/2018 14:00,719
23/11/2018 15:00,752
23/11/2018 16:00,891
23/11/2018 17:00,1101
23/11/2018 18:00,1548
23/11/2018 19:00,1007
23/11/2018 20:00,767
23/11/2018 21:00,679
23/11/2018 22:00,729
23/11/2018 23:00,548
24/11/2018 0:00,499
24/11/2018 1:00,507
24/11/2018 2:00,335
24/11/2018 3:00,272
24/11/2018 4:00,151
24/11/2018 5:00,95
24/11/2018 6:00,79
24/11/2018 7:00,30
24/11/2018 8:00,33
24/11/2018 9:00,24
24/11/2018 10:00,62
24/11/2018 11:00,114
24/11/2018 12:00,167
24/11/2018 13:00,241
24/11/2018 14:00,298
24/11/2018 15:00,330
24/11/2018 16:00,436
24/11/2018 17:00,435
24/11/2018 18:00,426
24/11/2018 19:00,420
24/11/2018 20:00,349
24/11/2018 21:00,392
24/11/2018 22:00,396
24/11/2018 23:00,386
25/11/2018 0:00,420
25/11/2018 1:00,370
25/11/2018 2:00,285
25/11/2018 3:00,184
25/11/2018 4:00,138
25/11/2018 5:00,88
25/11/2018 6:00,75
25/11/2018 7:00,142
25/11/2018 8:00,250
25/11/2018 9:00,355
25/11/2018 10:00,430
25/11/2018 11:00,522
25/11/2018 12:00,700
25/11/2018 13:00,675
25/11/2018 14:00,777
25/11/2018 15:00,846
25/11/2018 16:00,872
25/11/2018 17:00,813
25/11/2018 18:00,663
25/11/2018 19:00,616
25/11/2018 20:00,570
25/11/2018 21:00,546
25/11/2018 22:00,496
25/11/2018 23:00,379
26/11/2018 0:00,387
26/11/2018 1:00,214
26/11/2018 2:00,175
26/11/2018 3:00,119
26/11/2018 4:00,99
26/11/2018 5:00,115
26/11/2018 6:00,339
26/11/2018 7:00,819
26/11/2018 8:00,1524
26/11/2018 9:00,795
26/11/2018 10:00,586
26/11/2018 11:00,643
26/11/2018 12:00,752
26/11/2018 13:00,718
26/11/2018 14:00,796
26/11/2018 15:00,794
26/11/2018 16:00,935
26/11/2018 17:00,1156
26/11/2018 18:00,1708
26/11/2018 19:00,1181
26/11/2018 20:00,943
26/11/2018 21:00,955
26/11/2018 22:00,846
26/11/2018 23:00,563
27/11/2018 0:00,496
27/11/2018 1:00,408
27/11/2018 2:00,299
27/11/2018 3:00,183
27/11/2018 4:00,95
27/11/2018 5:00,140
27/11/2018 6:00,317
27/11/2018 7:00,815
27/11/2018 8:00,1577
27/11/2018 9:00,800
27/11/2018 10:00,616
27/11/2018 11:00,623
27/11/2018 12:00,672
27/11/2018 13:00,671
27/11/2018 14:00,600
27/11/2018 15:00,666
27/11/2018 16:00,775
27/11/2018 17:00,1033
27/11/2018 18:00,1538
27/11/2018 19:00,1023
27/11/2018 20:00,825
27/11/2018 21:00,777
27/11/2018 22:00,740
27/11/2018 23:00,593
28/11/2018 0:00,450
28/11/2018 1:00,434
28/11/2018 2:00,275
28/11/2018 3:00,167
28/11/2018 4:00,128
28/11/2018 5:00,140
28/11/2018 6:00,287
28/11/2018 7:00,796
28/11/2018 8:00,1540
28/11/2018 9:00,798
28/11/2018 10:00,583
28/11/2018 11:00,608
28/11/2018 12:00,635
28/11/2018 13:00,681
28/11/2018 14:00,675
28/11/2018 15:00,798
28/11/2018 16:00,808
28/11/2018 17:00,1099
28/11/2018 18:00,1536
28/11/2018 19:00,1039
28/11/2018 20:00,842
28/11/2018 21:00,846
28/11/2018 22:00,804
28/11/2018 23:00,555
29/11/2018 0:00,517
29/11/2018 1:00,485
29/11/2018 2:00,319
29/11/2018 3:00,195
29/11/2018 4:00,107
29/11/2018 5:00,126
29/11/2018 6:00,328
29/11/2018 7:00,800
29/11/2018 8:00,1635
29/11/2018 9:00,825
29/11/2018 10:00,595
29/11/2018 11:00,623
29/11/2018 12:00,661
29/11/2018 13:00,645
29/11/2018 14:00,668
29/11/2018 15:00,652
29/11/2018 16:00,748
29/11/2018 17:00,996
29/11/2018 18:00,1577
29/11/2018 19:00,1026
29/11/2018 20:00,818
29/11/2018 21:00,792
29/11/2018 22:00,726
29/11/2018 23:00,559
30/11/2018 0:00,474
30/11/2018 1:00,456
30/11/2018 2:00,300
30/11/2018 3:00,213
30/11/2018 4:00,116
30/11/2018 5:00,149
30/11/2018 6:00,293
30/11/2018 7:00,750
30/11/2018 8:00,1527
30/11/2018 9:00,809
30/11/2018 10:00,554
30/11/2018 11:00,642
30/11/2018 12:00,720
30/11/2018 13:00,740
30/11/2018 14:00,761
30/11/2018 15:00,768
30/11/2018 16:00,837
30/11/2018 17:00,1047
30/11/2018 18:00,1384
30/11/2018 19:00,1003
30/11/2018 20:00,764
30/11/2018 21:00,694
30/11/2018 22:00,712
30/11/2018 23:00,584
